Uad Code;Cycle;Prg Code;Nom;Ses Code;Trimestre;Total
ESA;1;0006;Programme court de 1er cycle en comptabilité et finance;20073;automne 2007;8
ESA;1;0006;Programme court de 1er cycle en comptabilité et finance;20081;hiver 2008;32
ESA;1;0006;Programme court de 1er cycle en comptabilité et finance;20082;été 2008;15
ESA;1;0006;Programme court de 1er cycle en comptabilité et finance;20083;automne 2008;58
ESA;1;0006;Programme court de 1er cycle en comptabilité et finance;20091;hiver 2009;43
ESA;1;0006;Programme court de 1er cycle en comptabilité et finance;20092;été 2009;41
ESA;1;0006;Programme court de 1er cycle en comptabilité et finance;20093;automne 2009;40
ESA;1;0006;Programme court de 1er cycle en comptabilité et finance;20101;hiver 2010;30
ESA;1;0006;Programme court de 1er cycle en comptabilité et finance;20102;été 2010;25
ESA;1;0006;Programme court de 1er cycle en comptabilité et finance;20103;automne 2010;37
ESA;1;0006;Programme court de 1er cycle en comptabilité et finance;20111;hiver 2011;22
ESA;1;0006;Programme court de 1er cycle en comptabilité et finance;20112;été 2011;14
ESA;1;0006;Programme court de 1er cycle en comptabilité et finance;20113;automne 2011;33
ESA;1;0006;Programme court de 1er cycle en comptabilité et finance;20121;hiver 2012;32
ESA;1;0006;Programme court de 1er cycle en comptabilité et finance;20122;été 2012;16
ESA;1;0006;Programme court de 1er cycle en comptabilité et finance;20123;automne 2012;23
ESA;1;0006;Programme court de 1er cycle en comptabilité et finance;20131;hiver 2013;20
ESA;1;0006;Programme court de 1er cycle en comptabilité et finance;20132;été 2013;19
ESA;1;0006;Programme court de 1er cycle en comptabilité et finance;20133;automne 2013;25
ESA;1;0006;Programme court de 1er cycle en comptabilité et finance;20141;hiver 2014;31
ESA;1;0006;Programme court de 1er cycle en comptabilité et finance;20142;été 2014;11
ESA;1;0006;Programme court de 1er cycle en comptabilité et finance;20143;automne 2014;28
ESA;1;0006;Programme court de 1er cycle en comptabilité et finance;20151;hiver 2015;31
ESA;1;0006;Programme court de 1er cycle en comptabilité et finance;20152;été 2015;25
ESA;1;0006;Programme court de 1er cycle en comptabilité et finance;20153;automne 2015;36
ESA;1;0006;Programme court de 1er cycle en comptabilité et finance;20161;hiver 2016;21
ESA;1;0006;Programme court de 1er cycle en comptabilité et finance;20162;été 2016;13
ESA;1;0006;Programme court de 1er cycle en comptabilité et finance;20163;automne 2016;20
ESA;1;0006;Programme court de 1er cycle en comptabilité et finance;20171;hiver 2017;31
ESA;1;0006;Programme court de 1er cycle en comptabilité et finance;20172;été 2017;18
ESA;1;0006;Programme court de 1er cycle en comptabilité et finance;20173;automne 2017;19
ESA;1;0006;Programme court de 1er cycle en comptabilité et finance;20181;hiver 2018;26
ESA;1;0006;Programme court de 1er cycle en comptabilité et finance;20182;été 2018;15
ESA;1;0006;Programme court de 1er cycle en comptabilité et finance;20183;automne 2018;15
ESA;1;0006;Programme court de 1er cycle en comptabilité et finance;20191;hiver 2019;27
ESA;1;0006;Programme court de 1er cycle en comptabilité et finance;20192;été 2019;4
ESA;1;0006;Programme court de 1er cycle en comptabilité et finance;20193;automne 2019;23
ESA;1;0006;Programme court de 1er cycle en comptabilité et finance;20201;hiver 2020;29
ESA;1;0006;Programme court de 1er cycle en comptabilité et finance;20202;été 2020;25
ESA;1;0006;Programme court de 1er cycle en comptabilité et finance;20203;automne 2020;34
ESA;1;0006;Programme court de 1er cycle en comptabilité et finance;20211;hiver 2021;33
ESA;1;0006;Programme court de 1er cycle en comptabilité et finance;20212;été 2021;20
ESA;1;0006;Programme court de 1er cycle en comptabilité et finance;20213;automne 2021;32
ESA;1;0006;Programme court de 1er cycle en comptabilité et finance;20221;hiver 2022;34
ESA;1;0006;Programme court de 1er cycle en comptabilité et finance;20222;été 2022;18
ESA;1;0006;Programme court de 1er cycle en comptabilité et finance;20223;automne 2022;31
ESA;1;0006;Programme court de 1er cycle en comptabilité et finance;20231;hiver 2023;26
ESA;1;0006;Programme court de 1er cycle en comptabilité et finance;20232;été 2023;19
ESA;1;0006;Programme court de 1er cycle en comptabilité et finance;20233;automne 2023;34
ESA;1;0006;Programme court de 1er cycle en comptabilité et finance;20241;hiver 2024;37
ESA;1;0006;Programme court de 1er cycle en comptabilité et finance;20242;été 2024;36
ESA;1;0006;Programme court de 1er cycle en comptabilité et finance;20243;automne 2024;46
ESA;1;0006;Programme court de 1er cycle en comptabilité et finance;20251;hiver 2025;34
ESA;1;0006;Programme court de 1er cycle en comptabilité et finance;20252;été 2025;26
ESA;1;0006;Programme court de 1er cycle en comptabilité et finance;20253;automne 2025;53
ESA;1;0006;Programme court de 1er cycle en comptabilité et finance;20261;hiver 2026;44
ESA;1;0006;Programme court de 1er cycle en comptabilité et finance;20262;été 2026;11
SHLC;1;0017;Programme court sur les droits et libertés de la personne;19781;hiver 1978;1
SHLC;1;0017;Programme court sur les droits et libertés de la personne;19791;hiver 1979;2
SHLC;1;0017;Programme court sur les droits et libertés de la personne;19793;automne 1979;1
SHLC;1;0017;Programme court sur les droits et libertés de la personne;19802;été 1980;1
SHLC;1;0017;Programme court sur les droits et libertés de la personne;19803;automne 1980;1
SHLC;1;0017;Programme court sur les droits et libertés de la personne;19811;hiver 1981;1
SHLC;1;0017;Programme court sur les droits et libertés de la personne;19812;été 1981;1
SHLC;1;0017;Programme court sur les droits et libertés de la personne;19823;automne 1982;1
SHLC;1;0017;Programme court sur les droits et libertés de la personne;19831;hiver 1983;2
SHLC;1;0017;Programme court sur les droits et libertés de la personne;19833;automne 1983;3
SHLC;1;0017;Programme court sur les droits et libertés de la personne;19841;hiver 1984;7
SHLC;1;0017;Programme court sur les droits et libertés de la personne;19842;été 1984;12
SHLC;1;0017;Programme court sur les droits et libertés de la personne;19843;automne 1984;55
SHLC;1;0017;Programme court sur les droits et libertés de la personne;19851;hiver 1985;66
SHLC;1;0017;Programme court sur les droits et libertés de la personne;19852;été 1985;8
SHLC;1;0017;Programme court sur les droits et libertés de la personne;19853;automne 1985;9
SHLC;1;0017;Programme court sur les droits et libertés de la personne;19861;hiver 1986;8
SHLC;1;0017;Programme court sur les droits et libertés de la personne;19862;été 1986;4
SHLC;1;0017;Programme court sur les droits et libertés de la personne;19863;automne 1986;10
SHLC;1;0017;Programme court sur les droits et libertés de la personne;19871;hiver 1987;6
SHLC;1;0017;Programme court sur les droits et libertés de la personne;19872;été 1987;2
SHLC;1;0017;Programme court sur les droits et libertés de la personne;19873;automne 1987;1
ST;1;0018;Programme court sur l'usage des pesticides et leurs effets sur l'environnement;19821;hiver 1982;18
ST;1;0018;Programme court sur l'usage des pesticides et leurs effets sur l'environnement;19823;automne 1982;1
ST;1;0018;Programme court sur l'usage des pesticides et leurs effets sur l'environnement;19831;hiver 1983;1
ST;1;0018;Programme court sur l'usage des pesticides et leurs effets sur l'environnement;19833;automne 1983;84
ST;1;0018;Programme court sur l'usage des pesticides et leurs effets sur l'environnement;19841;hiver 1984;74
ST;1;0018;Programme court sur l'usage des pesticides et leurs effets sur l'environnement;19842;été 1984;16
ST;1;0018;Programme court sur l'usage des pesticides et leurs effets sur l'environnement;19843;automne 1984;115
ST;1;0018;Programme court sur l'usage des pesticides et leurs effets sur l'environnement;19851;hiver 1985;131
ST;1;0018;Programme court sur l'usage des pesticides et leurs effets sur l'environnement;19852;été 1985;75
ST;1;0018;Programme court sur l'usage des pesticides et leurs effets sur l'environnement;19853;automne 1985;149
ST;1;0018;Programme court sur l'usage des pesticides et leurs effets sur l'environnement;19861;hiver 1986;93
ST;1;0018;Programme court sur l'usage des pesticides et leurs effets sur l'environnement;19862;été 1986;55
ST;1;0018;Programme court sur l'usage des pesticides et leurs effets sur l'environnement;19863;automne 1986;127
ST;1;0018;Programme court sur l'usage des pesticides et leurs effets sur l'environnement;19871;hiver 1987;80
ST;1;0018;Programme court sur l'usage des pesticides et leurs effets sur l'environnement;19872;été 1987;43
ST;1;0018;Programme court sur l'usage des pesticides et leurs effets sur l'environnement;19873;automne 1987;138
ST;1;0018;Programme court sur l'usage des pesticides et leurs effets sur l'environnement;19881;hiver 1988;97
ST;1;0018;Programme court sur l'usage des pesticides et leurs effets sur l'environnement;19882;été 1988;14
ST;1;0018;Programme court sur l'usage des pesticides et leurs effets sur l'environnement;19883;automne 1988;26
ST;1;0018;Programme court sur l'usage des pesticides et leurs effets sur l'environnement;19891;hiver 1989;9
ST;1;0019;Programme court d'introduction à l'informatique;19761;hiver 1976;1
ST;1;0019;Programme court d'introduction à l'informatique;19771;hiver 1977;1
ST;1;0019;Programme court d'introduction à l'informatique;19791;hiver 1979;1
ST;1;0019;Programme court d'introduction à l'informatique;19803;automne 1980;2
ST;1;0019;Programme court d'introduction à l'informatique;19811;hiver 1981;3
ST;1;0019;Programme court d'introduction à l'informatique;19812;été 1981;1
ST;1;0019;Programme court d'introduction à l'informatique;19813;automne 1981;4
ST;1;0019;Programme court d'introduction à l'informatique;19821;hiver 1982;5
ST;1;0019;Programme court d'introduction à l'informatique;19822;été 1982;5
ST;1;0019;Programme court d'introduction à l'informatique;19823;automne 1982;7
ST;1;0019;Programme court d'introduction à l'informatique;19831;hiver 1983;8
ST;1;0019;Programme court d'introduction à l'informatique;19832;été 1983;5
ST;1;0019;Programme court d'introduction à l'informatique;19833;automne 1983;669
ST;1;0019;Programme court d'introduction à l'informatique;19841;hiver 1984;248
ST;1;0019;Programme court d'introduction à l'informatique;19842;été 1984;59
ST;1;0019;Programme court d'introduction à l'informatique;19843;automne 1984;198
ST;1;0019;Programme court d'introduction à l'informatique;19851;hiver 1985;77
ST;1;0019;Programme court d'introduction à l'informatique;19852;été 1985;8
ST;1;0019;Programme court d'introduction à l'informatique;19853;automne 1985;29
ST;1;0019;Programme court d'introduction à l'informatique;19861;hiver 1986;8
ST;1;0019;Programme court d'introduction à l'informatique;19862;été 1986;2
ST;1;0019;Programme court d'introduction à l'informatique;19863;automne 1986;9
ST;1;0019;Programme court d'introduction à l'informatique;19871;hiver 1987;3
ST;1;0019;Programme court d'introduction à l'informatique;19873;automne 1987;1
ST;1;0019;Programme court d'introduction à l'informatique;19882;été 1988;1
ST;1;0022;Programme court d'initiation aux micro-ordinateurs;19741;hiver 1974;1
ST;1;0022;Programme court d'initiation aux micro-ordinateurs;19753;automne 1975;1
ST;1;0022;Programme court d'initiation aux micro-ordinateurs;19761;hiver 1976;2
ST;1;0022;Programme court d'initiation aux micro-ordinateurs;19762;été 1976;1
ST;1;0022;Programme court d'initiation aux micro-ordinateurs;19763;automne 1976;2
ST;1;0022;Programme court d'initiation aux micro-ordinateurs;19771;hiver 1977;2
ST;1;0022;Programme court d'initiation aux micro-ordinateurs;19773;automne 1977;1
ST;1;0022;Programme court d'initiation aux micro-ordinateurs;19781;hiver 1978;5
ST;1;0022;Programme court d'initiation aux micro-ordinateurs;19783;automne 1978;3
ST;1;0022;Programme court d'initiation aux micro-ordinateurs;19791;hiver 1979;3
ST;1;0022;Programme court d'initiation aux micro-ordinateurs;19793;automne 1979;1
ST;1;0022;Programme court d'initiation aux micro-ordinateurs;19801;hiver 1980;4
ST;1;0022;Programme court d'initiation aux micro-ordinateurs;19803;automne 1980;7
ST;1;0022;Programme court d'initiation aux micro-ordinateurs;19811;hiver 1981;4
ST;1;0022;Programme court d'initiation aux micro-ordinateurs;19812;été 1981;3
ST;1;0022;Programme court d'initiation aux micro-ordinateurs;19813;automne 1981;7
ST;1;0022;Programme court d'initiation aux micro-ordinateurs;19821;hiver 1982;8
ST;1;0022;Programme court d'initiation aux micro-ordinateurs;19822;été 1982;4
ST;1;0022;Programme court d'initiation aux micro-ordinateurs;19823;automne 1982;12
ST;1;0022;Programme court d'initiation aux micro-ordinateurs;19831;hiver 1983;12
ST;1;0022;Programme court d'initiation aux micro-ordinateurs;19832;été 1983;13
ST;1;0022;Programme court d'initiation aux micro-ordinateurs;19833;automne 1983;759
ST;1;0022;Programme court d'initiation aux micro-ordinateurs;19841;hiver 1984;1592
ST;1;0022;Programme court d'initiation aux micro-ordinateurs;19842;été 1984;469
ST;1;0022;Programme court d'initiation aux micro-ordinateurs;19843;automne 1984;1927
ST;1;0022;Programme court d'initiation aux micro-ordinateurs;19851;hiver 1985;1802
ST;1;0022;Programme court d'initiation aux micro-ordinateurs;19852;été 1985;264
ST;1;0022;Programme court d'initiation aux micro-ordinateurs;19853;automne 1985;893
ST;1;0022;Programme court d'initiation aux micro-ordinateurs;19861;hiver 1986;703
ST;1;0022;Programme court d'initiation aux micro-ordinateurs;19862;été 1986;198
ST;1;0022;Programme court d'initiation aux micro-ordinateurs;19863;automne 1986;562
ST;1;0022;Programme court d'initiation aux micro-ordinateurs;19871;hiver 1987;461
ST;1;0022;Programme court d'initiation aux micro-ordinateurs;19872;été 1987;238
ST;1;0022;Programme court d'initiation aux micro-ordinateurs;19873;automne 1987;287
ST;1;0022;Programme court d'initiation aux micro-ordinateurs;19881;hiver 1988;242
ST;1;0022;Programme court d'initiation aux micro-ordinateurs;19882;été 1988;89
ST;1;0022;Programme court d'initiation aux micro-ordinateurs;19883;automne 1988;187
ST;1;0022;Programme court d'initiation aux micro-ordinateurs;19891;hiver 1989;134
ST;1;0022;Programme court d'initiation aux micro-ordinateurs;19892;été 1989;55
ST;1;0022;Programme court d'initiation aux micro-ordinateurs;19893;automne 1989;106
ST;1;0022;Programme court d'initiation aux micro-ordinateurs;19901;hiver 1990;104
ST;1;0022;Programme court d'initiation aux micro-ordinateurs;19902;été 1990;44
ST;1;0022;Programme court d'initiation aux micro-ordinateurs;19903;automne 1990;56
ST;1;0022;Programme court d'initiation aux micro-ordinateurs;19911;hiver 1991;51
ST;1;0022;Programme court d'initiation aux micro-ordinateurs;19912;été 1991;17
ST;1;0022;Programme court d'initiation aux micro-ordinateurs;19913;automne 1991;58
ST;1;0022;Programme court d'initiation aux micro-ordinateurs;19921;hiver 1992;42
ST;1;0022;Programme court d'initiation aux micro-ordinateurs;19922;été 1992;12
ST;1;0022;Programme court d'initiation aux micro-ordinateurs;19923;automne 1992;7
ST;1;0022;Programme court d'initiation aux micro-ordinateurs;19931;hiver 1993;7
ST;1;0022;Programme court d'initiation aux micro-ordinateurs;19932;été 1993;1
ST;1;0022;Programme court d'initiation aux micro-ordinateurs;19933;automne 1993;2
ST;1;0022;Programme court d'initiation aux micro-ordinateurs;19942;été 1994;1
ST;1;0022;Programme court d'initiation aux micro-ordinateurs;19953;automne 1995;2
ST;1;0035;Programme court sur la familiarisation avec la bureautique;19753;automne 1975;2
ST;1;0035;Programme court sur la familiarisation avec la bureautique;19761;hiver 1976;3
ST;1;0035;Programme court sur la familiarisation avec la bureautique;19763;automne 1976;2
ST;1;0035;Programme court sur la familiarisation avec la bureautique;19771;hiver 1977;5
ST;1;0035;Programme court sur la familiarisation avec la bureautique;19773;automne 1977;9
ST;1;0035;Programme court sur la familiarisation avec la bureautique;19781;hiver 1978;13
ST;1;0035;Programme court sur la familiarisation avec la bureautique;19782;été 1978;3
ST;1;0035;Programme court sur la familiarisation avec la bureautique;19783;automne 1978;6
ST;1;0035;Programme court sur la familiarisation avec la bureautique;19791;hiver 1979;17
ST;1;0035;Programme court sur la familiarisation avec la bureautique;19792;été 1979;8
ST;1;0035;Programme court sur la familiarisation avec la bureautique;19793;automne 1979;16
ST;1;0035;Programme court sur la familiarisation avec la bureautique;19801;hiver 1980;33
ST;1;0035;Programme court sur la familiarisation avec la bureautique;19802;été 1980;10
ST;1;0035;Programme court sur la familiarisation avec la bureautique;19803;automne 1980;31
ST;1;0035;Programme court sur la familiarisation avec la bureautique;19811;hiver 1981;32
ST;1;0035;Programme court sur la familiarisation avec la bureautique;19812;été 1981;18
ST;1;0035;Programme court sur la familiarisation avec la bureautique;19813;automne 1981;30
ST;1;0035;Programme court sur la familiarisation avec la bureautique;19821;hiver 1982;26
ST;1;0035;Programme court sur la familiarisation avec la bureautique;19822;été 1982;11
ST;1;0035;Programme court sur la familiarisation avec la bureautique;19823;automne 1982;29
ST;1;0035;Programme court sur la familiarisation avec la bureautique;19831;hiver 1983;36
ST;1;0035;Programme court sur la familiarisation avec la bureautique;19832;été 1983;29
ST;1;0035;Programme court sur la familiarisation avec la bureautique;19833;automne 1983;65
ST;1;0035;Programme court sur la familiarisation avec la bureautique;19841;hiver 1984;29
ST;1;0035;Programme court sur la familiarisation avec la bureautique;19842;été 1984;17
ST;1;0035;Programme court sur la familiarisation avec la bureautique;19843;automne 1984;49
ST;1;0035;Programme court sur la familiarisation avec la bureautique;19851;hiver 1985;78
ST;1;0035;Programme court sur la familiarisation avec la bureautique;19852;été 1985;185
ST;1;0035;Programme court sur la familiarisation avec la bureautique;19853;automne 1985;453
ST;1;0035;Programme court sur la familiarisation avec la bureautique;19861;hiver 1986;669
ST;1;0035;Programme court sur la familiarisation avec la bureautique;19862;été 1986;199
ST;1;0035;Programme court sur la familiarisation avec la bureautique;19863;automne 1986;1394
ST;1;0035;Programme court sur la familiarisation avec la bureautique;19871;hiver 1987;1838
ST;1;0035;Programme court sur la familiarisation avec la bureautique;19872;été 1987;852
ST;1;0035;Programme court sur la familiarisation avec la bureautique;19873;automne 1987;1520
ST;1;0035;Programme court sur la familiarisation avec la bureautique;19881;hiver 1988;2597
ST;1;0035;Programme court sur la familiarisation avec la bureautique;19882;été 1988;1070
ST;1;0035;Programme court sur la familiarisation avec la bureautique;19883;automne 1988;1918
ST;1;0035;Programme court sur la familiarisation avec la bureautique;19891;hiver 1989;2032
ST;1;0035;Programme court sur la familiarisation avec la bureautique;19892;été 1989;1310
ST;1;0035;Programme court sur la familiarisation avec la bureautique;19893;automne 1989;1401
ST;1;0035;Programme court sur la familiarisation avec la bureautique;19901;hiver 1990;1545
ST;1;0035;Programme court sur la familiarisation avec la bureautique;19902;été 1990;692
ST;1;0035;Programme court sur la familiarisation avec la bureautique;19903;automne 1990;919
ST;1;0035;Programme court sur la familiarisation avec la bureautique;19911;hiver 1991;657
ST;1;0035;Programme court sur la familiarisation avec la bureautique;19912;été 1991;325
ST;1;0035;Programme court sur la familiarisation avec la bureautique;19913;automne 1991;150
ST;1;0035;Programme court sur la familiarisation avec la bureautique;19921;hiver 1992;96
ST;1;0035;Programme court sur la familiarisation avec la bureautique;19922;été 1992;39
ST;1;0035;Programme court sur la familiarisation avec la bureautique;19923;automne 1992;2
ST;1;0035;Programme court sur la familiarisation avec la bureautique;19932;été 1993;4
ST;1;0035;Programme court sur la familiarisation avec la bureautique;19933;automne 1993;2
ST;1;0046;Programme court en applications pédagogiques de l'ordinateur;19763;automne 1976;1
ST;1;0046;Programme court en applications pédagogiques de l'ordinateur;19783;automne 1978;2
ST;1;0046;Programme court en applications pédagogiques de l'ordinateur;19791;hiver 1979;1
ST;1;0046;Programme court en applications pédagogiques de l'ordinateur;19793;automne 1979;3
ST;1;0046;Programme court en applications pédagogiques de l'ordinateur;19802;été 1980;1
ST;1;0046;Programme court en applications pédagogiques de l'ordinateur;19811;hiver 1981;1
ST;1;0046;Programme court en applications pédagogiques de l'ordinateur;19812;été 1981;2
ST;1;0046;Programme court en applications pédagogiques de l'ordinateur;19813;automne 1981;1
ST;1;0046;Programme court en applications pédagogiques de l'ordinateur;19821;hiver 1982;8
ST;1;0046;Programme court en applications pédagogiques de l'ordinateur;19823;automne 1982;6
ST;1;0046;Programme court en applications pédagogiques de l'ordinateur;19831;hiver 1983;4
ST;1;0046;Programme court en applications pédagogiques de l'ordinateur;19833;automne 1983;3
ST;1;0046;Programme court en applications pédagogiques de l'ordinateur;19841;hiver 1984;2
ST;1;0046;Programme court en applications pédagogiques de l'ordinateur;19842;été 1984;1
ST;1;0046;Programme court en applications pédagogiques de l'ordinateur;19843;automne 1984;6
ST;1;0046;Programme court en applications pédagogiques de l'ordinateur;19851;hiver 1985;2
ST;1;0046;Programme court en applications pédagogiques de l'ordinateur;19852;été 1985;1
ST;1;0046;Programme court en applications pédagogiques de l'ordinateur;19853;automne 1985;29
ST;1;0046;Programme court en applications pédagogiques de l'ordinateur;19861;hiver 1986;98
ST;1;0046;Programme court en applications pédagogiques de l'ordinateur;19862;été 1986;6
ST;1;0046;Programme court en applications pédagogiques de l'ordinateur;19863;automne 1986;59
ST;1;0046;Programme court en applications pédagogiques de l'ordinateur;19871;hiver 1987;49
ST;1;0046;Programme court en applications pédagogiques de l'ordinateur;19872;été 1987;30
ST;1;0046;Programme court en applications pédagogiques de l'ordinateur;19873;automne 1987;83
ST;1;0046;Programme court en applications pédagogiques de l'ordinateur;19881;hiver 1988;88
ST;1;0046;Programme court en applications pédagogiques de l'ordinateur;19882;été 1988;19
ST;1;0046;Programme court en applications pédagogiques de l'ordinateur;19883;automne 1988;60
ST;1;0046;Programme court en applications pédagogiques de l'ordinateur;19891;hiver 1989;21
ST;1;0046;Programme court en applications pédagogiques de l'ordinateur;19892;été 1989;16
ST;1;0046;Programme court en applications pédagogiques de l'ordinateur;19893;automne 1989;22
ST;1;0046;Programme court en applications pédagogiques de l'ordinateur;19901;hiver 1990;20
ST;1;0046;Programme court en applications pédagogiques de l'ordinateur;19902;été 1990;5
ST;1;0046;Programme court en applications pédagogiques de l'ordinateur;19903;automne 1990;5
ST;1;0046;Programme court en applications pédagogiques de l'ordinateur;19911;hiver 1991;6
ST;1;0046;Programme court en applications pédagogiques de l'ordinateur;19912;été 1991;3
ST;1;0046;Programme court en applications pédagogiques de l'ordinateur;19913;automne 1991;2
ST;1;0046;Programme court en applications pédagogiques de l'ordinateur;19923;automne 1992;2
ST;1;0046;Programme court en applications pédagogiques de l'ordinateur;19931;hiver 1993;1
ED;1;0061;Programme court d'intégration des logiciels-outils dans l'enseignement;19753;automne 1975;2
ED;1;0061;Programme court d'intégration des logiciels-outils dans l'enseignement;19763;automne 1976;3
ED;1;0061;Programme court d'intégration des logiciels-outils dans l'enseignement;19771;hiver 1977;6
ED;1;0061;Programme court d'intégration des logiciels-outils dans l'enseignement;19773;automne 1977;9
ED;1;0061;Programme court d'intégration des logiciels-outils dans l'enseignement;19781;hiver 1978;7
ED;1;0061;Programme court d'intégration des logiciels-outils dans l'enseignement;19782;été 1978;2
ED;1;0061;Programme court d'intégration des logiciels-outils dans l'enseignement;19783;automne 1978;4
ED;1;0061;Programme court d'intégration des logiciels-outils dans l'enseignement;19791;hiver 1979;7
ED;1;0061;Programme court d'intégration des logiciels-outils dans l'enseignement;19792;été 1979;1
ED;1;0061;Programme court d'intégration des logiciels-outils dans l'enseignement;19793;automne 1979;5
ED;1;0061;Programme court d'intégration des logiciels-outils dans l'enseignement;19801;hiver 1980;18
ED;1;0061;Programme court d'intégration des logiciels-outils dans l'enseignement;19802;été 1980;11
ED;1;0061;Programme court d'intégration des logiciels-outils dans l'enseignement;19803;automne 1980;14
ED;1;0061;Programme court d'intégration des logiciels-outils dans l'enseignement;19811;hiver 1981;15
ED;1;0061;Programme court d'intégration des logiciels-outils dans l'enseignement;19812;été 1981;16
ED;1;0061;Programme court d'intégration des logiciels-outils dans l'enseignement;19813;automne 1981;12
ED;1;0061;Programme court d'intégration des logiciels-outils dans l'enseignement;19821;hiver 1982;17
ED;1;0061;Programme court d'intégration des logiciels-outils dans l'enseignement;19822;été 1982;5
ED;1;0061;Programme court d'intégration des logiciels-outils dans l'enseignement;19823;automne 1982;15
ED;1;0061;Programme court d'intégration des logiciels-outils dans l'enseignement;19831;hiver 1983;11
ED;1;0061;Programme court d'intégration des logiciels-outils dans l'enseignement;19832;été 1983;2
ED;1;0061;Programme court d'intégration des logiciels-outils dans l'enseignement;19833;automne 1983;19
ED;1;0061;Programme court d'intégration des logiciels-outils dans l'enseignement;19841;hiver 1984;18
ED;1;0061;Programme court d'intégration des logiciels-outils dans l'enseignement;19842;été 1984;1
ED;1;0061;Programme court d'intégration des logiciels-outils dans l'enseignement;19843;automne 1984;8
ED;1;0061;Programme court d'intégration des logiciels-outils dans l'enseignement;19851;hiver 1985;6
ED;1;0061;Programme court d'intégration des logiciels-outils dans l'enseignement;19852;été 1985;1
ED;1;0061;Programme court d'intégration des logiciels-outils dans l'enseignement;19862;été 1986;1
ED;1;0061;Programme court d'intégration des logiciels-outils dans l'enseignement;19863;automne 1986;2
ED;1;0061;Programme court d'intégration des logiciels-outils dans l'enseignement;19872;été 1987;4
ED;1;0061;Programme court d'intégration des logiciels-outils dans l'enseignement;19873;automne 1987;254
ED;1;0061;Programme court d'intégration des logiciels-outils dans l'enseignement;19881;hiver 1988;149
ED;1;0061;Programme court d'intégration des logiciels-outils dans l'enseignement;19882;été 1988;86
ED;1;0061;Programme court d'intégration des logiciels-outils dans l'enseignement;19883;automne 1988;124
ED;1;0061;Programme court d'intégration des logiciels-outils dans l'enseignement;19891;hiver 1989;113
ED;1;0061;Programme court d'intégration des logiciels-outils dans l'enseignement;19892;été 1989;53
ED;1;0061;Programme court d'intégration des logiciels-outils dans l'enseignement;19893;automne 1989;53
ED;1;0061;Programme court d'intégration des logiciels-outils dans l'enseignement;19901;hiver 1990;73
ED;1;0061;Programme court d'intégration des logiciels-outils dans l'enseignement;19902;été 1990;30
ED;1;0061;Programme court d'intégration des logiciels-outils dans l'enseignement;19903;automne 1990;41
ED;1;0061;Programme court d'intégration des logiciels-outils dans l'enseignement;19911;hiver 1991;26
ED;1;0061;Programme court d'intégration des logiciels-outils dans l'enseignement;19912;été 1991;19
ED;1;0061;Programme court d'intégration des logiciels-outils dans l'enseignement;19913;automne 1991;28
ED;1;0061;Programme court d'intégration des logiciels-outils dans l'enseignement;19921;hiver 1992;21
ED;1;0061;Programme court d'intégration des logiciels-outils dans l'enseignement;19922;été 1992;13
ED;1;0061;Programme court d'intégration des logiciels-outils dans l'enseignement;19923;automne 1992;15
ED;1;0061;Programme court d'intégration des logiciels-outils dans l'enseignement;19931;hiver 1993;12
ED;1;0061;Programme court d'intégration des logiciels-outils dans l'enseignement;19932;été 1993;10
ED;1;0061;Programme court d'intégration des logiciels-outils dans l'enseignement;19933;automne 1993;8
ED;1;0061;Programme court d'intégration des logiciels-outils dans l'enseignement;19941;hiver 1994;8
ED;1;0061;Programme court d'intégration des logiciels-outils dans l'enseignement;19942;été 1994;9
ED;1;0061;Programme court d'intégration des logiciels-outils dans l'enseignement;19943;automne 1994;9
ED;1;0061;Programme court d'intégration des logiciels-outils dans l'enseignement;19951;hiver 1995;16
ED;1;0061;Programme court d'intégration des logiciels-outils dans l'enseignement;19952;été 1995;27
ED;1;0061;Programme court d'intégration des logiciels-outils dans l'enseignement;19953;automne 1995;18
ED;1;0061;Programme court d'intégration des logiciels-outils dans l'enseignement;19961;hiver 1996;25
ED;1;0061;Programme court d'intégration des logiciels-outils dans l'enseignement;19962;été 1996;12
ED;1;0061;Programme court d'intégration des logiciels-outils dans l'enseignement;19963;automne 1996;14
ED;1;0061;Programme court d'intégration des logiciels-outils dans l'enseignement;19971;hiver 1997;23
ED;1;0061;Programme court d'intégration des logiciels-outils dans l'enseignement;19972;été 1997;24
ED;1;0061;Programme court d'intégration des logiciels-outils dans l'enseignement;19973;automne 1997;22
ED;1;0061;Programme court d'intégration des logiciels-outils dans l'enseignement;19981;hiver 1998;14
ED;1;0061;Programme court d'intégration des logiciels-outils dans l'enseignement;19982;été 1998;19
ED;1;0061;Programme court d'intégration des logiciels-outils dans l'enseignement;19983;automne 1998;23
ED;1;0061;Programme court d'intégration des logiciels-outils dans l'enseignement;19991;hiver 1999;26
ED;1;0061;Programme court d'intégration des logiciels-outils dans l'enseignement;19992;été 1999;14
ED;1;0061;Programme court d'intégration des logiciels-outils dans l'enseignement;19993;automne 1999;29
ED;1;0061;Programme court d'intégration des logiciels-outils dans l'enseignement;20001;hiver 2000;24
ED;1;0061;Programme court d'intégration des logiciels-outils dans l'enseignement;20002;été 2000;16
ED;1;0061;Programme court d'intégration des logiciels-outils dans l'enseignement;20003;automne 2000;38
ED;1;0061;Programme court d'intégration des logiciels-outils dans l'enseignement;20011;hiver 2001;28
ED;1;0061;Programme court d'intégration des logiciels-outils dans l'enseignement;20012;été 2001;6
ED;1;0061;Programme court d'intégration des logiciels-outils dans l'enseignement;20013;automne 2001;13
ED;1;0061;Programme court d'intégration des logiciels-outils dans l'enseignement;20021;hiver 2002;23
ED;1;0061;Programme court d'intégration des logiciels-outils dans l'enseignement;20022;été 2002;12
ED;1;0061;Programme court d'intégration des logiciels-outils dans l'enseignement;20023;automne 2002;17
ED;1;0061;Programme court d'intégration des logiciels-outils dans l'enseignement;20031;hiver 2003;15
ED;1;0061;Programme court d'intégration des logiciels-outils dans l'enseignement;20032;été 2003;23
ED;1;0061;Programme court d'intégration des logiciels-outils dans l'enseignement;20033;automne 2003;14
ED;1;0061;Programme court d'intégration des logiciels-outils dans l'enseignement;20041;hiver 2004;15
ED;1;0061;Programme court d'intégration des logiciels-outils dans l'enseignement;20042;été 2004;9
ED;1;0061;Programme court d'intégration des logiciels-outils dans l'enseignement;20043;automne 2004;9
ED;1;0061;Programme court d'intégration des logiciels-outils dans l'enseignement;20051;hiver 2005;13
ED;1;0061;Programme court d'intégration des logiciels-outils dans l'enseignement;20052;été 2005;6
ED;1;0061;Programme court d'intégration des logiciels-outils dans l'enseignement;20053;automne 2005;14
ED;1;0061;Programme court d'intégration des logiciels-outils dans l'enseignement;20061;hiver 2006;12
ED;1;0061;Programme court d'intégration des logiciels-outils dans l'enseignement;20062;été 2006;14
ED;1;0061;Programme court d'intégration des logiciels-outils dans l'enseignement;20063;automne 2006;17
ED;1;0061;Programme court d'intégration des logiciels-outils dans l'enseignement;20071;hiver 2007;6
ED;1;0061;Programme court d'intégration des logiciels-outils dans l'enseignement;20072;été 2007;3
ED;1;0061;Programme court d'intégration des logiciels-outils dans l'enseignement;20073;automne 2007;2
ED;1;0061;Programme court d'intégration des logiciels-outils dans l'enseignement;20081;hiver 2008;2
ED;1;0061;Programme court d'intégration des logiciels-outils dans l'enseignement;20082;été 2008;5
ED;1;0061;Programme court d'intégration des logiciels-outils dans l'enseignement;20083;automne 2008;2
ED;1;0061;Programme court d'intégration des logiciels-outils dans l'enseignement;20091;hiver 2009;5
ED;1;0061;Programme court d'intégration des logiciels-outils dans l'enseignement;20092;été 2009;14
ED;1;0061;Programme court d'intégration des logiciels-outils dans l'enseignement;20093;automne 2009;14
ED;1;0061;Programme court d'intégration des logiciels-outils dans l'enseignement;20101;hiver 2010;7
ED;1;0061;Programme court d'intégration des logiciels-outils dans l'enseignement;20102;été 2010;8
ED;1;0061;Programme court d'intégration des logiciels-outils dans l'enseignement;20103;automne 2010;5
ED;1;0061;Programme court d'intégration des logiciels-outils dans l'enseignement;20111;hiver 2011;11
ED;1;0061;Programme court d'intégration des logiciels-outils dans l'enseignement;20112;été 2011;9
ED;1;0061;Programme court d'intégration des logiciels-outils dans l'enseignement;20113;automne 2011;9
ED;1;0061;Programme court d'intégration des logiciels-outils dans l'enseignement;20121;hiver 2012;9
ED;1;0061;Programme court d'intégration des logiciels-outils dans l'enseignement;20122;été 2012;2
ED;1;0061;Programme court d'intégration des logiciels-outils dans l'enseignement;20123;automne 2012;5
ED;1;0061;Programme court d'intégration des logiciels-outils dans l'enseignement;20131;hiver 2013;6
ED;1;0061;Programme court d'intégration des logiciels-outils dans l'enseignement;20132;été 2013;3
ED;1;0061;Programme court d'intégration des logiciels-outils dans l'enseignement;20133;automne 2013;4
ED;1;0061;Programme court d'intégration des logiciels-outils dans l'enseignement;20141;hiver 2014;1
ED;1;0061;Programme court d'intégration des logiciels-outils dans l'enseignement;20142;été 2014;8
ED;1;0061;Programme court d'intégration des logiciels-outils dans l'enseignement;20143;automne 2014;1
ESA;1;0068;Programme court en planification successorale;19771;hiver 1977;2
ESA;1;0068;Programme court en planification successorale;19791;hiver 1979;1
ESA;1;0068;Programme court en planification successorale;19793;automne 1979;1
ESA;1;0068;Programme court en planification successorale;19801;hiver 1980;1
ESA;1;0068;Programme court en planification successorale;19803;automne 1980;1
ESA;1;0068;Programme court en planification successorale;19811;hiver 1981;1
ESA;1;0068;Programme court en planification successorale;19812;été 1981;1
ESA;1;0068;Programme court en planification successorale;19822;été 1982;1
ESA;1;0068;Programme court en planification successorale;19823;automne 1982;2
ESA;1;0068;Programme court en planification successorale;19891;hiver 1989;45
ESA;1;0068;Programme court en planification successorale;19893;automne 1989;15
ESA;1;0068;Programme court en planification successorale;19903;automne 1990;2
ESA;1;0068;Programme court en planification successorale;19911;hiver 1991;19
ESA;1;0068;Programme court en planification successorale;19912;été 1991;2
ESA;1;0068;Programme court en planification successorale;19913;automne 1991;17
ESA;1;0068;Programme court en planification successorale;19921;hiver 1992;33
ESA;1;0068;Programme court en planification successorale;19922;été 1992;21
ESA;1;0068;Programme court en planification successorale;19923;automne 1992;42
ESA;1;0068;Programme court en planification successorale;19931;hiver 1993;28
ESA;1;0068;Programme court en planification successorale;19932;été 1993;23
ESA;1;0068;Programme court en planification successorale;19933;automne 1993;32
ESA;1;0068;Programme court en planification successorale;19941;hiver 1994;18
ESA;1;0068;Programme court en planification successorale;19942;été 1994;12
ESA;1;0068;Programme court en planification successorale;19943;automne 1994;7
ESA;1;0068;Programme court en planification successorale;19951;hiver 1995;14
ESA;1;0068;Programme court en planification successorale;19952;été 1995;9
ESA;1;0068;Programme court en planification successorale;19953;automne 1995;16
ESA;1;0068;Programme court en planification successorale;19961;hiver 1996;16
ESA;1;0068;Programme court en planification successorale;19962;été 1996;9
ESA;1;0068;Programme court en planification successorale;19963;automne 1996;14
ESA;1;0068;Programme court en planification successorale;19971;hiver 1997;10
ESA;1;0068;Programme court en planification successorale;19972;été 1997;1
ESA;1;0068;Programme court en planification successorale;19973;automne 1997;18
ESA;1;0068;Programme court en planification successorale;19981;hiver 1998;33
ESA;1;0068;Programme court en planification successorale;19982;été 1998;8
ESA;1;0068;Programme court en planification successorale;19983;automne 1998;19
ESA;1;0068;Programme court en planification successorale;19991;hiver 1999;21
ESA;1;0068;Programme court en planification successorale;19992;été 1999;9
ESA;1;0068;Programme court en planification successorale;19993;automne 1999;25
ESA;1;0068;Programme court en planification successorale;20001;hiver 2000;14
ESA;1;0068;Programme court en planification successorale;20002;été 2000;6
ESA;1;0068;Programme court en planification successorale;20003;automne 2000;12
ESA;1;0068;Programme court en planification successorale;20011;hiver 2001;6
ESA;1;0068;Programme court en planification successorale;20012;été 2001;2
ESA;1;0068;Programme court en planification successorale;20013;automne 2001;8
ESA;1;0068;Programme court en planification successorale;20021;hiver 2002;17
ESA;1;0068;Programme court en planification successorale;20022;été 2002;4
ESA;1;0068;Programme court en planification successorale;20023;automne 2002;4
ESA;1;0068;Programme court en planification successorale;20031;hiver 2003;5
ESA;1;0068;Programme court en planification successorale;20032;été 2003;6
ESA;1;0068;Programme court en planification successorale;20033;automne 2003;9
ESA;1;0068;Programme court en planification successorale;20041;hiver 2004;10
ESA;1;0068;Programme court en planification successorale;20042;été 2004;3
ESA;1;0068;Programme court en planification successorale;20043;automne 2004;4
ESA;1;0068;Programme court en planification successorale;20051;hiver 2005;1
ESA;1;0068;Programme court en planification successorale;20052;été 2005;1
ESA;1;0068;Programme court en planification successorale;20053;automne 2005;2
SHLC;1;0073;Programme court de 1er cycle de perfectionnement en français écrit;19761;hiver 1976;2
SHLC;1;0073;Programme court de 1er cycle de perfectionnement en français écrit;19763;automne 1976;2
SHLC;1;0073;Programme court de 1er cycle de perfectionnement en français écrit;19771;hiver 1977;1
SHLC;1;0073;Programme court de 1er cycle de perfectionnement en français écrit;19773;automne 1977;1
SHLC;1;0073;Programme court de 1er cycle de perfectionnement en français écrit;19781;hiver 1978;1
SHLC;1;0073;Programme court de 1er cycle de perfectionnement en français écrit;19782;été 1978;2
SHLC;1;0073;Programme court de 1er cycle de perfectionnement en français écrit;19791;hiver 1979;2
SHLC;1;0073;Programme court de 1er cycle de perfectionnement en français écrit;19793;automne 1979;3
SHLC;1;0073;Programme court de 1er cycle de perfectionnement en français écrit;19801;hiver 1980;3
SHLC;1;0073;Programme court de 1er cycle de perfectionnement en français écrit;19802;été 1980;4
SHLC;1;0073;Programme court de 1er cycle de perfectionnement en français écrit;19803;automne 1980;4
SHLC;1;0073;Programme court de 1er cycle de perfectionnement en français écrit;19811;hiver 1981;6
SHLC;1;0073;Programme court de 1er cycle de perfectionnement en français écrit;19813;automne 1981;8
SHLC;1;0073;Programme court de 1er cycle de perfectionnement en français écrit;19821;hiver 1982;5
SHLC;1;0073;Programme court de 1er cycle de perfectionnement en français écrit;19822;été 1982;5
SHLC;1;0073;Programme court de 1er cycle de perfectionnement en français écrit;19823;automne 1982;10
SHLC;1;0073;Programme court de 1er cycle de perfectionnement en français écrit;19831;hiver 1983;11
SHLC;1;0073;Programme court de 1er cycle de perfectionnement en français écrit;19832;été 1983;4
SHLC;1;0073;Programme court de 1er cycle de perfectionnement en français écrit;19833;automne 1983;8
SHLC;1;0073;Programme court de 1er cycle de perfectionnement en français écrit;19841;hiver 1984;2
SHLC;1;0073;Programme court de 1er cycle de perfectionnement en français écrit;19901;hiver 1990;228
SHLC;1;0073;Programme court de 1er cycle de perfectionnement en français écrit;19902;été 1990;103
SHLC;1;0073;Programme court de 1er cycle de perfectionnement en français écrit;19903;automne 1990;208
SHLC;1;0073;Programme court de 1er cycle de perfectionnement en français écrit;19911;hiver 1991;160
SHLC;1;0073;Programme court de 1er cycle de perfectionnement en français écrit;19912;été 1991;88
SHLC;1;0073;Programme court de 1er cycle de perfectionnement en français écrit;19913;automne 1991;141
SHLC;1;0073;Programme court de 1er cycle de perfectionnement en français écrit;19921;hiver 1992;135
SHLC;1;0073;Programme court de 1er cycle de perfectionnement en français écrit;19922;été 1992;100
SHLC;1;0073;Programme court de 1er cycle de perfectionnement en français écrit;19923;automne 1992;186
SHLC;1;0073;Programme court de 1er cycle de perfectionnement en français écrit;19931;hiver 1993;147
SHLC;1;0073;Programme court de 1er cycle de perfectionnement en français écrit;19932;été 1993;111
SHLC;1;0073;Programme court de 1er cycle de perfectionnement en français écrit;19933;automne 1993;143
SHLC;1;0073;Programme court de 1er cycle de perfectionnement en français écrit;19941;hiver 1994;152
SHLC;1;0073;Programme court de 1er cycle de perfectionnement en français écrit;19942;été 1994;100
SHLC;1;0073;Programme court de 1er cycle de perfectionnement en français écrit;19943;automne 1994;157
SHLC;1;0073;Programme court de 1er cycle de perfectionnement en français écrit;19951;hiver 1995;108
SHLC;1;0073;Programme court de 1er cycle de perfectionnement en français écrit;19952;été 1995;50
SHLC;1;0073;Programme court de 1er cycle de perfectionnement en français écrit;19953;automne 1995;119
SHLC;1;0073;Programme court de 1er cycle de perfectionnement en français écrit;19961;hiver 1996;95
SHLC;1;0073;Programme court de 1er cycle de perfectionnement en français écrit;19962;été 1996;63
SHLC;1;0073;Programme court de 1er cycle de perfectionnement en français écrit;19963;automne 1996;86
SHLC;1;0073;Programme court de 1er cycle de perfectionnement en français écrit;19971;hiver 1997;69
SHLC;1;0073;Programme court de 1er cycle de perfectionnement en français écrit;19972;été 1997;50
SHLC;1;0073;Programme court de 1er cycle de perfectionnement en français écrit;19973;automne 1997;102
SHLC;1;0073;Programme court de 1er cycle de perfectionnement en français écrit;19981;hiver 1998;101
SHLC;1;0073;Programme court de 1er cycle de perfectionnement en français écrit;19982;été 1998;37
SHLC;1;0073;Programme court de 1er cycle de perfectionnement en français écrit;19983;automne 1998;104
SHLC;1;0073;Programme court de 1er cycle de perfectionnement en français écrit;19991;hiver 1999;110
SHLC;1;0073;Programme court de 1er cycle de perfectionnement en français écrit;19992;été 1999;50
SHLC;1;0073;Programme court de 1er cycle de perfectionnement en français écrit;19993;automne 1999;87
SHLC;1;0073;Programme court de 1er cycle de perfectionnement en français écrit;20001;hiver 2000;77
SHLC;1;0073;Programme court de 1er cycle de perfectionnement en français écrit;20002;été 2000;59
SHLC;1;0073;Programme court de 1er cycle de perfectionnement en français écrit;20003;automne 2000;94
SHLC;1;0073;Programme court de 1er cycle de perfectionnement en français écrit;20011;hiver 2001;59
SHLC;1;0073;Programme court de 1er cycle de perfectionnement en français écrit;20012;été 2001;39
SHLC;1;0073;Programme court de 1er cycle de perfectionnement en français écrit;20013;automne 2001;69
SHLC;1;0073;Programme court de 1er cycle de perfectionnement en français écrit;20021;hiver 2002;67
SHLC;1;0073;Programme court de 1er cycle de perfectionnement en français écrit;20022;été 2002;36
SHLC;1;0073;Programme court de 1er cycle de perfectionnement en français écrit;20023;automne 2002;100
SHLC;1;0073;Programme court de 1er cycle de perfectionnement en français écrit;20031;hiver 2003;78
SHLC;1;0073;Programme court de 1er cycle de perfectionnement en français écrit;20032;été 2003;53
SHLC;1;0073;Programme court de 1er cycle de perfectionnement en français écrit;20033;automne 2003;80
SHLC;1;0073;Programme court de 1er cycle de perfectionnement en français écrit;20041;hiver 2004;78
SHLC;1;0073;Programme court de 1er cycle de perfectionnement en français écrit;20042;été 2004;50
SHLC;1;0073;Programme court de 1er cycle de perfectionnement en français écrit;20043;automne 2004;88
SHLC;1;0073;Programme court de 1er cycle de perfectionnement en français écrit;20051;hiver 2005;73
SHLC;1;0073;Programme court de 1er cycle de perfectionnement en français écrit;20052;été 2005;49
SHLC;1;0073;Programme court de 1er cycle de perfectionnement en français écrit;20053;automne 2005;98
SHLC;1;0073;Programme court de 1er cycle de perfectionnement en français écrit;20061;hiver 2006;87
SHLC;1;0073;Programme court de 1er cycle de perfectionnement en français écrit;20062;été 2006;65
SHLC;1;0073;Programme court de 1er cycle de perfectionnement en français écrit;20063;automne 2006;102
SHLC;1;0073;Programme court de 1er cycle de perfectionnement en français écrit;20071;hiver 2007;88
SHLC;1;0073;Programme court de 1er cycle de perfectionnement en français écrit;20072;été 2007;55
SHLC;1;0073;Programme court de 1er cycle de perfectionnement en français écrit;20073;automne 2007;84
SHLC;1;0073;Programme court de 1er cycle de perfectionnement en français écrit;20081;hiver 2008;55
SHLC;1;0073;Programme court de 1er cycle de perfectionnement en français écrit;20082;été 2008;46
SHLC;1;0073;Programme court de 1er cycle de perfectionnement en français écrit;20083;automne 2008;91
SHLC;1;0073;Programme court de 1er cycle de perfectionnement en français écrit;20091;hiver 2009;69
SHLC;1;0073;Programme court de 1er cycle de perfectionnement en français écrit;20092;été 2009;66
SHLC;1;0073;Programme court de 1er cycle de perfectionnement en français écrit;20093;automne 2009;87
SHLC;1;0073;Programme court de 1er cycle de perfectionnement en français écrit;20101;hiver 2010;79
SHLC;1;0073;Programme court de 1er cycle de perfectionnement en français écrit;20102;été 2010;38
SHLC;1;0073;Programme court de 1er cycle de perfectionnement en français écrit;20103;automne 2010;89
SHLC;1;0073;Programme court de 1er cycle de perfectionnement en français écrit;20111;hiver 2011;67
SHLC;1;0073;Programme court de 1er cycle de perfectionnement en français écrit;20112;été 2011;52
SHLC;1;0073;Programme court de 1er cycle de perfectionnement en français écrit;20113;automne 2011;56
SHLC;1;0073;Programme court de 1er cycle de perfectionnement en français écrit;20121;hiver 2012;53
SHLC;1;0073;Programme court de 1er cycle de perfectionnement en français écrit;20122;été 2012;52
SHLC;1;0073;Programme court de 1er cycle de perfectionnement en français écrit;20123;automne 2012;66
SHLC;1;0073;Programme court de 1er cycle de perfectionnement en français écrit;20131;hiver 2013;68
SHLC;1;0073;Programme court de 1er cycle de perfectionnement en français écrit;20132;été 2013;50
SHLC;1;0073;Programme court de 1er cycle de perfectionnement en français écrit;20133;automne 2013;54
SHLC;1;0073;Programme court de 1er cycle de perfectionnement en français écrit;20141;hiver 2014;48
SHLC;1;0073;Programme court de 1er cycle de perfectionnement en français écrit;20142;été 2014;32
SHLC;1;0073;Programme court de 1er cycle de perfectionnement en français écrit;20143;automne 2014;59
SHLC;1;0073;Programme court de 1er cycle de perfectionnement en français écrit;20151;hiver 2015;59
SHLC;1;0073;Programme court de 1er cycle de perfectionnement en français écrit;20152;été 2015;40
SHLC;1;0073;Programme court de 1er cycle de perfectionnement en français écrit;20153;automne 2015;62
SHLC;1;0073;Programme court de 1er cycle de perfectionnement en français écrit;20161;hiver 2016;57
SHLC;1;0073;Programme court de 1er cycle de perfectionnement en français écrit;20162;été 2016;84
SHLC;1;0073;Programme court de 1er cycle de perfectionnement en français écrit;20163;automne 2016;139
SHLC;1;0073;Programme court de 1er cycle de perfectionnement en français écrit;20171;hiver 2017;84
SHLC;1;0073;Programme court de 1er cycle de perfectionnement en français écrit;20172;été 2017;193
SHLC;1;0073;Programme court de 1er cycle de perfectionnement en français écrit;20173;automne 2017;535
SHLC;1;0073;Programme court de 1er cycle de perfectionnement en français écrit;20181;hiver 2018;544
SHLC;1;0073;Programme court de 1er cycle de perfectionnement en français écrit;20182;été 2018;318
SHLC;1;0073;Programme court de 1er cycle de perfectionnement en français écrit;20183;automne 2018;63
SHLC;1;0073;Programme court de 1er cycle de perfectionnement en français écrit;20191;hiver 2019;58
SHLC;1;0073;Programme court de 1er cycle de perfectionnement en français écrit;20192;été 2019;12
SHLC;1;0073;Programme court de 1er cycle de perfectionnement en français écrit;20193;automne 2019;44
SHLC;1;0073;Programme court de 1er cycle de perfectionnement en français écrit;20201;hiver 2020;42
SHLC;1;0073;Programme court de 1er cycle de perfectionnement en français écrit;20202;été 2020;48
SHLC;1;0073;Programme court de 1er cycle de perfectionnement en français écrit;20203;automne 2020;62
SHLC;1;0073;Programme court de 1er cycle de perfectionnement en français écrit;20211;hiver 2021;67
SHLC;1;0073;Programme court de 1er cycle de perfectionnement en français écrit;20212;été 2021;41
SHLC;1;0073;Programme court de 1er cycle de perfectionnement en français écrit;20213;automne 2021;44
SHLC;1;0073;Programme court de 1er cycle de perfectionnement en français écrit;20221;hiver 2022;65
SHLC;1;0073;Programme court de 1er cycle de perfectionnement en français écrit;20222;été 2022;37
SHLC;1;0073;Programme court de 1er cycle de perfectionnement en français écrit;20223;automne 2022;37
SHLC;1;0073;Programme court de 1er cycle de perfectionnement en français écrit;20231;hiver 2023;40
SHLC;1;0073;Programme court de 1er cycle de perfectionnement en français écrit;20232;été 2023;25
SHLC;1;0073;Programme court de 1er cycle de perfectionnement en français écrit;20233;automne 2023;40
SHLC;1;0073;Programme court de 1er cycle de perfectionnement en français écrit;20241;hiver 2024;41
SHLC;1;0073;Programme court de 1er cycle de perfectionnement en français écrit;20242;été 2024;23
SHLC;1;0073;Programme court de 1er cycle de perfectionnement en français écrit;20243;automne 2024;32
SHLC;1;0073;Programme court de 1er cycle de perfectionnement en français écrit;20251;hiver 2025;35
SHLC;1;0073;Programme court de 1er cycle de perfectionnement en français écrit;20252;été 2025;22
SHLC;1;0073;Programme court de 1er cycle de perfectionnement en français écrit;20253;automne 2025;27
SHLC;1;0073;Programme court de 1er cycle de perfectionnement en français écrit;20261;hiver 2026;24
SHLC;1;0073;Programme court de 1er cycle de perfectionnement en français écrit;20262;été 2026;17
SHLC;1;0081;Programme court de 1er cycle en anglais fonctionnel;19761;hiver 1976;1
SHLC;1;0081;Programme court de 1er cycle en anglais fonctionnel;19773;automne 1977;4
SHLC;1;0081;Programme court de 1er cycle en anglais fonctionnel;19781;hiver 1978;4
SHLC;1;0081;Programme court de 1er cycle en anglais fonctionnel;19782;été 1978;1
SHLC;1;0081;Programme court de 1er cycle en anglais fonctionnel;19783;automne 1978;2
SHLC;1;0081;Programme court de 1er cycle en anglais fonctionnel;19791;hiver 1979;4
SHLC;1;0081;Programme court de 1er cycle en anglais fonctionnel;19792;été 1979;2
SHLC;1;0081;Programme court de 1er cycle en anglais fonctionnel;19793;automne 1979;8
SHLC;1;0081;Programme court de 1er cycle en anglais fonctionnel;19801;hiver 1980;6
SHLC;1;0081;Programme court de 1er cycle en anglais fonctionnel;19802;été 1980;4
SHLC;1;0081;Programme court de 1er cycle en anglais fonctionnel;19803;automne 1980;8
SHLC;1;0081;Programme court de 1er cycle en anglais fonctionnel;19811;hiver 1981;5
SHLC;1;0081;Programme court de 1er cycle en anglais fonctionnel;19812;été 1981;9
SHLC;1;0081;Programme court de 1er cycle en anglais fonctionnel;19813;automne 1981;15
SHLC;1;0081;Programme court de 1er cycle en anglais fonctionnel;19821;hiver 1982;8
SHLC;1;0081;Programme court de 1er cycle en anglais fonctionnel;19822;été 1982;8
SHLC;1;0081;Programme court de 1er cycle en anglais fonctionnel;19823;automne 1982;16
SHLC;1;0081;Programme court de 1er cycle en anglais fonctionnel;19831;hiver 1983;20
SHLC;1;0081;Programme court de 1er cycle en anglais fonctionnel;19832;été 1983;6
SHLC;1;0081;Programme court de 1er cycle en anglais fonctionnel;19833;automne 1983;10
SHLC;1;0081;Programme court de 1er cycle en anglais fonctionnel;19841;hiver 1984;4
SHLC;1;0081;Programme court de 1er cycle en anglais fonctionnel;19882;été 1988;2
SHLC;1;0081;Programme court de 1er cycle en anglais fonctionnel;19883;automne 1988;1
SHLC;1;0081;Programme court de 1er cycle en anglais fonctionnel;19893;automne 1989;1
SHLC;1;0081;Programme court de 1er cycle en anglais fonctionnel;19921;hiver 1992;1
SHLC;1;0081;Programme court de 1er cycle en anglais fonctionnel;19923;automne 1992;101
SHLC;1;0081;Programme court de 1er cycle en anglais fonctionnel;19931;hiver 1993;92
SHLC;1;0081;Programme court de 1er cycle en anglais fonctionnel;19932;été 1993;90
SHLC;1;0081;Programme court de 1er cycle en anglais fonctionnel;19933;automne 1993;127
SHLC;1;0081;Programme court de 1er cycle en anglais fonctionnel;19941;hiver 1994;153
SHLC;1;0081;Programme court de 1er cycle en anglais fonctionnel;19942;été 1994;85
SHLC;1;0081;Programme court de 1er cycle en anglais fonctionnel;19943;automne 1994;133
SHLC;1;0081;Programme court de 1er cycle en anglais fonctionnel;19951;hiver 1995;103
SHLC;1;0081;Programme court de 1er cycle en anglais fonctionnel;19952;été 1995;60
SHLC;1;0081;Programme court de 1er cycle en anglais fonctionnel;19953;automne 1995;153
SHLC;1;0081;Programme court de 1er cycle en anglais fonctionnel;19961;hiver 1996;118
SHLC;1;0081;Programme court de 1er cycle en anglais fonctionnel;19962;été 1996;49
SHLC;1;0081;Programme court de 1er cycle en anglais fonctionnel;19963;automne 1996;120
SHLC;1;0081;Programme court de 1er cycle en anglais fonctionnel;19971;hiver 1997;115
SHLC;1;0081;Programme court de 1er cycle en anglais fonctionnel;19972;été 1997;46
SHLC;1;0081;Programme court de 1er cycle en anglais fonctionnel;19973;automne 1997;129
SHLC;1;0081;Programme court de 1er cycle en anglais fonctionnel;19981;hiver 1998;100
SHLC;1;0081;Programme court de 1er cycle en anglais fonctionnel;19982;été 1998;49
SHLC;1;0081;Programme court de 1er cycle en anglais fonctionnel;19983;automne 1998;125
SHLC;1;0081;Programme court de 1er cycle en anglais fonctionnel;19991;hiver 1999;94
SHLC;1;0081;Programme court de 1er cycle en anglais fonctionnel;19992;été 1999;46
SHLC;1;0081;Programme court de 1er cycle en anglais fonctionnel;19993;automne 1999;120
SHLC;1;0081;Programme court de 1er cycle en anglais fonctionnel;20001;hiver 2000;109
SHLC;1;0081;Programme court de 1er cycle en anglais fonctionnel;20002;été 2000;44
SHLC;1;0081;Programme court de 1er cycle en anglais fonctionnel;20003;automne 2000;111
SHLC;1;0081;Programme court de 1er cycle en anglais fonctionnel;20011;hiver 2001;61
SHLC;1;0081;Programme court de 1er cycle en anglais fonctionnel;20012;été 2001;30
SHLC;1;0081;Programme court de 1er cycle en anglais fonctionnel;20013;automne 2001;96
SHLC;1;0081;Programme court de 1er cycle en anglais fonctionnel;20021;hiver 2002;70
SHLC;1;0081;Programme court de 1er cycle en anglais fonctionnel;20022;été 2002;28
SHLC;1;0081;Programme court de 1er cycle en anglais fonctionnel;20023;automne 2002;94
SHLC;1;0081;Programme court de 1er cycle en anglais fonctionnel;20031;hiver 2003;65
SHLC;1;0081;Programme court de 1er cycle en anglais fonctionnel;20032;été 2003;42
SHLC;1;0081;Programme court de 1er cycle en anglais fonctionnel;20033;automne 2003;59
SHLC;1;0081;Programme court de 1er cycle en anglais fonctionnel;20041;hiver 2004;56
SHLC;1;0081;Programme court de 1er cycle en anglais fonctionnel;20042;été 2004;36
SHLC;1;0081;Programme court de 1er cycle en anglais fonctionnel;20043;automne 2004;72
SHLC;1;0081;Programme court de 1er cycle en anglais fonctionnel;20051;hiver 2005;65
SHLC;1;0081;Programme court de 1er cycle en anglais fonctionnel;20052;été 2005;32
SHLC;1;0081;Programme court de 1er cycle en anglais fonctionnel;20053;automne 2005;71
SHLC;1;0081;Programme court de 1er cycle en anglais fonctionnel;20061;hiver 2006;65
SHLC;1;0081;Programme court de 1er cycle en anglais fonctionnel;20062;été 2006;47
SHLC;1;0081;Programme court de 1er cycle en anglais fonctionnel;20063;automne 2006;77
SHLC;1;0081;Programme court de 1er cycle en anglais fonctionnel;20071;hiver 2007;76
SHLC;1;0081;Programme court de 1er cycle en anglais fonctionnel;20072;été 2007;33
SHLC;1;0081;Programme court de 1er cycle en anglais fonctionnel;20073;automne 2007;74
SHLC;1;0081;Programme court de 1er cycle en anglais fonctionnel;20081;hiver 2008;37
SHLC;1;0081;Programme court de 1er cycle en anglais fonctionnel;20082;été 2008;36
SHLC;1;0081;Programme court de 1er cycle en anglais fonctionnel;20083;automne 2008;49
SHLC;1;0081;Programme court de 1er cycle en anglais fonctionnel;20091;hiver 2009;45
SHLC;1;0081;Programme court de 1er cycle en anglais fonctionnel;20092;été 2009;36
SHLC;1;0081;Programme court de 1er cycle en anglais fonctionnel;20093;automne 2009;42
SHLC;1;0081;Programme court de 1er cycle en anglais fonctionnel;20101;hiver 2010;36
SHLC;1;0081;Programme court de 1er cycle en anglais fonctionnel;20102;été 2010;14
SHLC;1;0081;Programme court de 1er cycle en anglais fonctionnel;20103;automne 2010;38
SHLC;1;0081;Programme court de 1er cycle en anglais fonctionnel;20111;hiver 2011;34
SHLC;1;0081;Programme court de 1er cycle en anglais fonctionnel;20112;été 2011;22
SHLC;1;0081;Programme court de 1er cycle en anglais fonctionnel;20113;automne 2011;34
SHLC;1;0081;Programme court de 1er cycle en anglais fonctionnel;20121;hiver 2012;35
SHLC;1;0081;Programme court de 1er cycle en anglais fonctionnel;20122;été 2012;28
SHLC;1;0081;Programme court de 1er cycle en anglais fonctionnel;20123;automne 2012;26
SHLC;1;0081;Programme court de 1er cycle en anglais fonctionnel;20131;hiver 2013;18
SHLC;1;0081;Programme court de 1er cycle en anglais fonctionnel;20132;été 2013;21
SHLC;1;0081;Programme court de 1er cycle en anglais fonctionnel;20133;automne 2013;36
SHLC;1;0081;Programme court de 1er cycle en anglais fonctionnel;20141;hiver 2014;29
SHLC;1;0081;Programme court de 1er cycle en anglais fonctionnel;20142;été 2014;20
SHLC;1;0081;Programme court de 1er cycle en anglais fonctionnel;20143;automne 2014;583
SHLC;1;0081;Programme court de 1er cycle en anglais fonctionnel;20151;hiver 2015;1186
SHLC;1;0081;Programme court de 1er cycle en anglais fonctionnel;20152;été 2015;732
SHLC;1;0081;Programme court de 1er cycle en anglais fonctionnel;20153;automne 2015;792
SHLC;1;0081;Programme court de 1er cycle en anglais fonctionnel;20161;hiver 2016;532
SHLC;1;0081;Programme court de 1er cycle en anglais fonctionnel;20162;été 2016;395
SHLC;1;0081;Programme court de 1er cycle en anglais fonctionnel;20163;automne 2016;968
SHLC;1;0081;Programme court de 1er cycle en anglais fonctionnel;20171;hiver 2017;1681
SHLC;1;0081;Programme court de 1er cycle en anglais fonctionnel;20172;été 2017;1893
SHLC;1;0081;Programme court de 1er cycle en anglais fonctionnel;20173;automne 2017;3121
SHLC;1;0081;Programme court de 1er cycle en anglais fonctionnel;20181;hiver 2018;3362
SHLC;1;0081;Programme court de 1er cycle en anglais fonctionnel;20182;été 2018;1640
SHLC;1;0081;Programme court de 1er cycle en anglais fonctionnel;20183;automne 2018;32
SHLC;1;0081;Programme court de 1er cycle en anglais fonctionnel;20191;hiver 2019;32
SHLC;1;0081;Programme court de 1er cycle en anglais fonctionnel;20192;été 2019;6
SHLC;1;0081;Programme court de 1er cycle en anglais fonctionnel;20193;automne 2019;21
SHLC;1;0081;Programme court de 1er cycle en anglais fonctionnel;20201;hiver 2020;31
SHLC;1;0081;Programme court de 1er cycle en anglais fonctionnel;20202;été 2020;29
SHLC;1;0081;Programme court de 1er cycle en anglais fonctionnel;20203;automne 2020;29
SHLC;1;0081;Programme court de 1er cycle en anglais fonctionnel;20211;hiver 2021;47
SHLC;1;0081;Programme court de 1er cycle en anglais fonctionnel;20212;été 2021;24
SHLC;1;0081;Programme court de 1er cycle en anglais fonctionnel;20213;automne 2021;35
SHLC;1;0081;Programme court de 1er cycle en anglais fonctionnel;20221;hiver 2022;34
SHLC;1;0081;Programme court de 1er cycle en anglais fonctionnel;20222;été 2022;13
SHLC;1;0081;Programme court de 1er cycle en anglais fonctionnel;20223;automne 2022;18
SHLC;1;0081;Programme court de 1er cycle en anglais fonctionnel;20231;hiver 2023;22
SHLC;1;0081;Programme court de 1er cycle en anglais fonctionnel;20232;été 2023;17
SHLC;1;0081;Programme court de 1er cycle en anglais fonctionnel;20233;automne 2023;25
SHLC;1;0081;Programme court de 1er cycle en anglais fonctionnel;20241;hiver 2024;28
SHLC;1;0081;Programme court de 1er cycle en anglais fonctionnel;20242;été 2024;24
SHLC;1;0081;Programme court de 1er cycle en anglais fonctionnel;20243;automne 2024;19
SHLC;1;0081;Programme court de 1er cycle en anglais fonctionnel;20251;hiver 2025;17
SHLC;1;0081;Programme court de 1er cycle en anglais fonctionnel;20252;été 2025;13
SHLC;1;0081;Programme court de 1er cycle en anglais fonctionnel;20253;automne 2025;16
SHLC;1;0081;Programme court de 1er cycle en anglais fonctionnel;20261;hiver 2026;25
SHLC;1;0081;Programme court de 1er cycle en anglais fonctionnel;20262;été 2026;7
SHLC;1;0082;Programme court de 1er cycle d'approfondissement de l'anglais;19822;été 1982;1
SHLC;1;0082;Programme court de 1er cycle d'approfondissement de l'anglais;19963;automne 1996;8
SHLC;1;0082;Programme court de 1er cycle d'approfondissement de l'anglais;19971;hiver 1997;1
SHLC;1;0082;Programme court de 1er cycle d'approfondissement de l'anglais;19972;été 1997;4
SHLC;1;0082;Programme court de 1er cycle d'approfondissement de l'anglais;19973;automne 1997;18
SHLC;1;0082;Programme court de 1er cycle d'approfondissement de l'anglais;19981;hiver 1998;26
SHLC;1;0082;Programme court de 1er cycle d'approfondissement de l'anglais;19982;été 1998;14
SHLC;1;0082;Programme court de 1er cycle d'approfondissement de l'anglais;19983;automne 1998;22
SHLC;1;0082;Programme court de 1er cycle d'approfondissement de l'anglais;19991;hiver 1999;3
SHLC;1;0082;Programme court de 1er cycle d'approfondissement de l'anglais;19992;été 1999;5
SHLC;1;0082;Programme court de 1er cycle d'approfondissement de l'anglais;19993;automne 1999;17
SHLC;1;0082;Programme court de 1er cycle d'approfondissement de l'anglais;20001;hiver 2000;6
SHLC;1;0082;Programme court de 1er cycle d'approfondissement de l'anglais;20002;été 2000;4
SHLC;1;0082;Programme court de 1er cycle d'approfondissement de l'anglais;20003;automne 2000;13
SHLC;1;0082;Programme court de 1er cycle d'approfondissement de l'anglais;20011;hiver 2001;9
SHLC;1;0082;Programme court de 1er cycle d'approfondissement de l'anglais;20012;été 2001;1
SHLC;1;0082;Programme court de 1er cycle d'approfondissement de l'anglais;20013;automne 2001;9
SHLC;1;0082;Programme court de 1er cycle d'approfondissement de l'anglais;20021;hiver 2002;8
SHLC;1;0082;Programme court de 1er cycle d'approfondissement de l'anglais;20022;été 2002;5
SHLC;1;0082;Programme court de 1er cycle d'approfondissement de l'anglais;20023;automne 2002;8
SHLC;1;0082;Programme court de 1er cycle d'approfondissement de l'anglais;20031;hiver 2003;8
SHLC;1;0082;Programme court de 1er cycle d'approfondissement de l'anglais;20032;été 2003;4
SHLC;1;0082;Programme court de 1er cycle d'approfondissement de l'anglais;20033;automne 2003;11
SHLC;1;0082;Programme court de 1er cycle d'approfondissement de l'anglais;20041;hiver 2004;5
SHLC;1;0082;Programme court de 1er cycle d'approfondissement de l'anglais;20042;été 2004;2
SHLC;1;0082;Programme court de 1er cycle d'approfondissement de l'anglais;20043;automne 2004;7
SHLC;1;0082;Programme court de 1er cycle d'approfondissement de l'anglais;20051;hiver 2005;9
SHLC;1;0082;Programme court de 1er cycle d'approfondissement de l'anglais;20052;été 2005;6
SHLC;1;0082;Programme court de 1er cycle d'approfondissement de l'anglais;20053;automne 2005;16
SHLC;1;0082;Programme court de 1er cycle d'approfondissement de l'anglais;20061;hiver 2006;5
SHLC;1;0082;Programme court de 1er cycle d'approfondissement de l'anglais;20062;été 2006;3
SHLC;1;0082;Programme court de 1er cycle d'approfondissement de l'anglais;20063;automne 2006;4
SHLC;1;0082;Programme court de 1er cycle d'approfondissement de l'anglais;20071;hiver 2007;15
SHLC;1;0082;Programme court de 1er cycle d'approfondissement de l'anglais;20072;été 2007;10
SHLC;1;0082;Programme court de 1er cycle d'approfondissement de l'anglais;20073;automne 2007;12
SHLC;1;0082;Programme court de 1er cycle d'approfondissement de l'anglais;20081;hiver 2008;8
SHLC;1;0082;Programme court de 1er cycle d'approfondissement de l'anglais;20082;été 2008;8
SHLC;1;0082;Programme court de 1er cycle d'approfondissement de l'anglais;20083;automne 2008;9
SHLC;1;0082;Programme court de 1er cycle d'approfondissement de l'anglais;20091;hiver 2009;8
SHLC;1;0082;Programme court de 1er cycle d'approfondissement de l'anglais;20092;été 2009;6
SHLC;1;0082;Programme court de 1er cycle d'approfondissement de l'anglais;20093;automne 2009;8
SHLC;1;0082;Programme court de 1er cycle d'approfondissement de l'anglais;20101;hiver 2010;3
SHLC;1;0082;Programme court de 1er cycle d'approfondissement de l'anglais;20102;été 2010;2
SHLC;1;0082;Programme court de 1er cycle d'approfondissement de l'anglais;20103;automne 2010;8
SHLC;1;0082;Programme court de 1er cycle d'approfondissement de l'anglais;20111;hiver 2011;15
SHLC;1;0082;Programme court de 1er cycle d'approfondissement de l'anglais;20112;été 2011;8
SHLC;1;0082;Programme court de 1er cycle d'approfondissement de l'anglais;20113;automne 2011;8
SHLC;1;0082;Programme court de 1er cycle d'approfondissement de l'anglais;20121;hiver 2012;9
SHLC;1;0082;Programme court de 1er cycle d'approfondissement de l'anglais;20122;été 2012;10
SHLC;1;0082;Programme court de 1er cycle d'approfondissement de l'anglais;20123;automne 2012;10
SHLC;1;0082;Programme court de 1er cycle d'approfondissement de l'anglais;20131;hiver 2013;6
SHLC;1;0082;Programme court de 1er cycle d'approfondissement de l'anglais;20132;été 2013;1
SHLC;1;0082;Programme court de 1er cycle d'approfondissement de l'anglais;20133;automne 2013;5
SHLC;1;0082;Programme court de 1er cycle d'approfondissement de l'anglais;20141;hiver 2014;3
SHLC;1;0082;Programme court de 1er cycle d'approfondissement de l'anglais;20142;été 2014;6
SHLC;1;0082;Programme court de 1er cycle d'approfondissement de l'anglais;20143;automne 2014;277
SHLC;1;0082;Programme court de 1er cycle d'approfondissement de l'anglais;20151;hiver 2015;677
SHLC;1;0082;Programme court de 1er cycle d'approfondissement de l'anglais;20152;été 2015;505
SHLC;1;0082;Programme court de 1er cycle d'approfondissement de l'anglais;20153;automne 2015;534
SHLC;1;0082;Programme court de 1er cycle d'approfondissement de l'anglais;20161;hiver 2016;130
SHLC;1;0082;Programme court de 1er cycle d'approfondissement de l'anglais;20162;été 2016;166
SHLC;1;0082;Programme court de 1er cycle d'approfondissement de l'anglais;20163;automne 2016;236
SHLC;1;0082;Programme court de 1er cycle d'approfondissement de l'anglais;20171;hiver 2017;280
SHLC;1;0082;Programme court de 1er cycle d'approfondissement de l'anglais;20172;été 2017;274
SHLC;1;0082;Programme court de 1er cycle d'approfondissement de l'anglais;20173;automne 2017;830
SHLC;1;0082;Programme court de 1er cycle d'approfondissement de l'anglais;20181;hiver 2018;1000
SHLC;1;0082;Programme court de 1er cycle d'approfondissement de l'anglais;20182;été 2018;582
SHLC;1;0082;Programme court de 1er cycle d'approfondissement de l'anglais;20183;automne 2018;13
SHLC;1;0082;Programme court de 1er cycle d'approfondissement de l'anglais;20191;hiver 2019;13
SHLC;1;0082;Programme court de 1er cycle d'approfondissement de l'anglais;20192;été 2019;5
SHLC;1;0082;Programme court de 1er cycle d'approfondissement de l'anglais;20193;automne 2019;8
SHLC;1;0082;Programme court de 1er cycle d'approfondissement de l'anglais;20201;hiver 2020;13
SHLC;1;0082;Programme court de 1er cycle d'approfondissement de l'anglais;20202;été 2020;9
SHLC;1;0082;Programme court de 1er cycle d'approfondissement de l'anglais;20203;automne 2020;14
SHLC;1;0082;Programme court de 1er cycle d'approfondissement de l'anglais;20211;hiver 2021;17
SHLC;1;0082;Programme court de 1er cycle d'approfondissement de l'anglais;20212;été 2021;12
SHLC;1;0082;Programme court de 1er cycle d'approfondissement de l'anglais;20213;automne 2021;14
SHLC;1;0082;Programme court de 1er cycle d'approfondissement de l'anglais;20221;hiver 2022;10
SHLC;1;0082;Programme court de 1er cycle d'approfondissement de l'anglais;20222;été 2022;10
SHLC;1;0082;Programme court de 1er cycle d'approfondissement de l'anglais;20223;automne 2022;11
SHLC;1;0082;Programme court de 1er cycle d'approfondissement de l'anglais;20231;hiver 2023;10
SHLC;1;0082;Programme court de 1er cycle d'approfondissement de l'anglais;20232;été 2023;8
SHLC;1;0082;Programme court de 1er cycle d'approfondissement de l'anglais;20233;automne 2023;10
SHLC;1;0082;Programme court de 1er cycle d'approfondissement de l'anglais;20241;hiver 2024;13
SHLC;1;0082;Programme court de 1er cycle d'approfondissement de l'anglais;20242;été 2024;7
SHLC;1;0082;Programme court de 1er cycle d'approfondissement de l'anglais;20243;automne 2024;5
SHLC;1;0082;Programme court de 1er cycle d'approfondissement de l'anglais;20251;hiver 2025;9
SHLC;1;0082;Programme court de 1er cycle d'approfondissement de l'anglais;20252;été 2025;5
SHLC;1;0082;Programme court de 1er cycle d'approfondissement de l'anglais;20253;automne 2025;5
SHLC;1;0082;Programme court de 1er cycle d'approfondissement de l'anglais;20261;hiver 2026;5
SHLC;1;0082;Programme court de 1er cycle d'approfondissement de l'anglais;20262;été 2026;6
SHLC;1;0083;Programme court d'initiation au Québec contemporain;19913;automne 1991;1
SHLC;1;0083;Programme court d'initiation au Québec contemporain;19923;automne 1992;3
SHLC;1;0083;Programme court d'initiation au Québec contemporain;19931;hiver 1993;2
SHLC;1;0083;Programme court d'initiation au Québec contemporain;19932;été 1993;3
SHLC;1;0083;Programme court d'initiation au Québec contemporain;19941;hiver 1994;2
SHLC;1;0083;Programme court d'initiation au Québec contemporain;19943;automne 1994;2
SHLC;1;0083;Programme court d'initiation au Québec contemporain;19952;été 1995;1
SHLC;1;0083;Programme court d'initiation au Québec contemporain;19953;automne 1995;4
SHLC;1;0083;Programme court d'initiation au Québec contemporain;19961;hiver 1996;6
SHLC;1;0083;Programme court d'initiation au Québec contemporain;19962;été 1996;1
SHLC;1;0083;Programme court d'initiation au Québec contemporain;19963;automne 1996;6
SHLC;1;0083;Programme court d'initiation au Québec contemporain;19971;hiver 1997;8
SHLC;1;0083;Programme court d'initiation au Québec contemporain;19972;été 1997;3
SHLC;1;0083;Programme court d'initiation au Québec contemporain;19973;automne 1997;2
SHLC;1;0083;Programme court d'initiation au Québec contemporain;19981;hiver 1998;5
SHLC;1;0083;Programme court d'initiation au Québec contemporain;19982;été 1998;3
SHLC;1;0083;Programme court d'initiation au Québec contemporain;19983;automne 1998;2
SHLC;1;0083;Programme court d'initiation au Québec contemporain;19991;hiver 1999;7
SHLC;1;0083;Programme court d'initiation au Québec contemporain;19992;été 1999;5
SHLC;1;0083;Programme court d'initiation au Québec contemporain;19993;automne 1999;6
SHLC;1;0083;Programme court d'initiation au Québec contemporain;20001;hiver 2000;2
SHLC;1;0083;Programme court d'initiation au Québec contemporain;20002;été 2000;2
SHLC;1;0083;Programme court d'initiation au Québec contemporain;20003;automne 2000;4
SHLC;1;0083;Programme court d'initiation au Québec contemporain;20011;hiver 2001;4
SHLC;1;0083;Programme court d'initiation au Québec contemporain;20012;été 2001;4
SHLC;1;0083;Programme court d'initiation au Québec contemporain;20013;automne 2001;3
SHLC;1;0083;Programme court d'initiation au Québec contemporain;20021;hiver 2002;3
SHLC;1;0083;Programme court d'initiation au Québec contemporain;20022;été 2002;3
SHLC;1;0083;Programme court d'initiation au Québec contemporain;20032;été 2003;2
SHLC;1;0083;Programme court d'initiation au Québec contemporain;20033;automne 2003;1
SHLC;1;0083;Programme court d'initiation au Québec contemporain;20041;hiver 2004;2
SHLC;1;0083;Programme court d'initiation au Québec contemporain;20042;été 2004;5
SHLC;1;0083;Programme court d'initiation au Québec contemporain;20043;automne 2004;2
SHLC;1;0083;Programme court d'initiation au Québec contemporain;20051;hiver 2005;3
SHLC;1;0083;Programme court d'initiation au Québec contemporain;20052;été 2005;1
SHLC;1;0083;Programme court d'initiation au Québec contemporain;20053;automne 2005;4
SHLC;1;0083;Programme court d'initiation au Québec contemporain;20061;hiver 2006;4
SHLC;1;0083;Programme court d'initiation au Québec contemporain;20062;été 2006;3
SHLC;1;0083;Programme court d'initiation au Québec contemporain;20063;automne 2006;1
SHLC;1;0083;Programme court d'initiation au Québec contemporain;20071;hiver 2007;2
SHLC;1;0083;Programme court d'initiation au Québec contemporain;20083;automne 2008;2
SHLC;1;0083;Programme court d'initiation au Québec contemporain;20091;hiver 2009;1
SHLC;1;0083;Programme court d'initiation au Québec contemporain;20093;automne 2009;1
SHLC;1;0083;Programme court d'initiation au Québec contemporain;20101;hiver 2010;3
SHLC;1;0083;Programme court d'initiation au Québec contemporain;20102;été 2010;1
SHLC;1;0105;Programme court de 1er cycle en espagnol;19753;automne 1975;2
SHLC;1;0105;Programme court de 1er cycle en espagnol;19761;hiver 1976;2
SHLC;1;0105;Programme court de 1er cycle en espagnol;19771;hiver 1977;1
SHLC;1;0105;Programme court de 1er cycle en espagnol;19773;automne 1977;1
SHLC;1;0105;Programme court de 1er cycle en espagnol;19781;hiver 1978;3
SHLC;1;0105;Programme court de 1er cycle en espagnol;19783;automne 1978;1
SHLC;1;0105;Programme court de 1er cycle en espagnol;19791;hiver 1979;3
SHLC;1;0105;Programme court de 1er cycle en espagnol;19792;été 1979;2
SHLC;1;0105;Programme court de 1er cycle en espagnol;19793;automne 1979;3
SHLC;1;0105;Programme court de 1er cycle en espagnol;19801;hiver 1980;9
SHLC;1;0105;Programme court de 1er cycle en espagnol;19802;été 1980;1
SHLC;1;0105;Programme court de 1er cycle en espagnol;19803;automne 1980;3
SHLC;1;0105;Programme court de 1er cycle en espagnol;19811;hiver 1981;3
SHLC;1;0105;Programme court de 1er cycle en espagnol;19812;été 1981;7
SHLC;1;0105;Programme court de 1er cycle en espagnol;19813;automne 1981;4
SHLC;1;0105;Programme court de 1er cycle en espagnol;19823;automne 1982;1
SHLC;1;0105;Programme court de 1er cycle en espagnol;19831;hiver 1983;10
SHLC;1;0105;Programme court de 1er cycle en espagnol;19832;été 1983;4
SHLC;1;0105;Programme court de 1er cycle en espagnol;19833;automne 1983;5
SHLC;1;0105;Programme court de 1er cycle en espagnol;19841;hiver 1984;1
SHLC;1;0105;Programme court de 1er cycle en espagnol;19923;automne 1992;29
SHLC;1;0105;Programme court de 1er cycle en espagnol;19931;hiver 1993;25
SHLC;1;0105;Programme court de 1er cycle en espagnol;19932;été 1993;54
SHLC;1;0105;Programme court de 1er cycle en espagnol;19933;automne 1993;62
SHLC;1;0105;Programme court de 1er cycle en espagnol;19941;hiver 1994;79
SHLC;1;0105;Programme court de 1er cycle en espagnol;19942;été 1994;34
SHLC;1;0105;Programme court de 1er cycle en espagnol;19943;automne 1994;67
SHLC;1;0105;Programme court de 1er cycle en espagnol;19951;hiver 1995;77
SHLC;1;0105;Programme court de 1er cycle en espagnol;19952;été 1995;28
SHLC;1;0105;Programme court de 1er cycle en espagnol;19953;automne 1995;61
SHLC;1;0105;Programme court de 1er cycle en espagnol;19961;hiver 1996;64
SHLC;1;0105;Programme court de 1er cycle en espagnol;19962;été 1996;38
SHLC;1;0105;Programme court de 1er cycle en espagnol;19963;automne 1996;59
SHLC;1;0105;Programme court de 1er cycle en espagnol;19971;hiver 1997;46
SHLC;1;0105;Programme court de 1er cycle en espagnol;19972;été 1997;21
SHLC;1;0105;Programme court de 1er cycle en espagnol;19973;automne 1997;62
SHLC;1;0105;Programme court de 1er cycle en espagnol;19981;hiver 1998;49
SHLC;1;0105;Programme court de 1er cycle en espagnol;19982;été 1998;27
SHLC;1;0105;Programme court de 1er cycle en espagnol;19983;automne 1998;65
SHLC;1;0105;Programme court de 1er cycle en espagnol;19991;hiver 1999;48
SHLC;1;0105;Programme court de 1er cycle en espagnol;19992;été 1999;34
SHLC;1;0105;Programme court de 1er cycle en espagnol;19993;automne 1999;81
SHLC;1;0105;Programme court de 1er cycle en espagnol;20001;hiver 2000;57
SHLC;1;0105;Programme court de 1er cycle en espagnol;20002;été 2000;26
SHLC;1;0105;Programme court de 1er cycle en espagnol;20003;automne 2000;64
SHLC;1;0105;Programme court de 1er cycle en espagnol;20011;hiver 2001;48
SHLC;1;0105;Programme court de 1er cycle en espagnol;20012;été 2001;32
SHLC;1;0105;Programme court de 1er cycle en espagnol;20013;automne 2001;60
SHLC;1;0105;Programme court de 1er cycle en espagnol;20021;hiver 2002;45
SHLC;1;0105;Programme court de 1er cycle en espagnol;20022;été 2002;23
SHLC;1;0105;Programme court de 1er cycle en espagnol;20023;automne 2002;77
SHLC;1;0105;Programme court de 1er cycle en espagnol;20031;hiver 2003;46
SHLC;1;0105;Programme court de 1er cycle en espagnol;20032;été 2003;39
SHLC;1;0105;Programme court de 1er cycle en espagnol;20033;automne 2003;53
SHLC;1;0105;Programme court de 1er cycle en espagnol;20041;hiver 2004;52
SHLC;1;0105;Programme court de 1er cycle en espagnol;20042;été 2004;34
SHLC;1;0105;Programme court de 1er cycle en espagnol;20043;automne 2004;56
SHLC;1;0105;Programme court de 1er cycle en espagnol;20051;hiver 2005;53
SHLC;1;0105;Programme court de 1er cycle en espagnol;20052;été 2005;29
SHLC;1;0105;Programme court de 1er cycle en espagnol;20053;automne 2005;53
SHLC;1;0105;Programme court de 1er cycle en espagnol;20061;hiver 2006;46
SHLC;1;0105;Programme court de 1er cycle en espagnol;20062;été 2006;33
SHLC;1;0105;Programme court de 1er cycle en espagnol;20063;automne 2006;52
SHLC;1;0105;Programme court de 1er cycle en espagnol;20071;hiver 2007;49
SHLC;1;0105;Programme court de 1er cycle en espagnol;20072;été 2007;29
SHLC;1;0105;Programme court de 1er cycle en espagnol;20073;automne 2007;41
SHLC;1;0105;Programme court de 1er cycle en espagnol;20081;hiver 2008;11
SHLC;1;0105;Programme court de 1er cycle en espagnol;20082;été 2008;32
SHLC;1;0105;Programme court de 1er cycle en espagnol;20083;automne 2008;37
SHLC;1;0105;Programme court de 1er cycle en espagnol;20091;hiver 2009;34
SHLC;1;0105;Programme court de 1er cycle en espagnol;20092;été 2009;21
SHLC;1;0105;Programme court de 1er cycle en espagnol;20093;automne 2009;47
SHLC;1;0105;Programme court de 1er cycle en espagnol;20101;hiver 2010;36
SHLC;1;0105;Programme court de 1er cycle en espagnol;20102;été 2010;17
SHLC;1;0105;Programme court de 1er cycle en espagnol;20103;automne 2010;39
SHLC;1;0105;Programme court de 1er cycle en espagnol;20111;hiver 2011;26
SHLC;1;0105;Programme court de 1er cycle en espagnol;20112;été 2011;11
SHLC;1;0105;Programme court de 1er cycle en espagnol;20113;automne 2011;29
SHLC;1;0105;Programme court de 1er cycle en espagnol;20121;hiver 2012;24
SHLC;1;0105;Programme court de 1er cycle en espagnol;20122;été 2012;15
SHLC;1;0105;Programme court de 1er cycle en espagnol;20123;automne 2012;26
SHLC;1;0105;Programme court de 1er cycle en espagnol;20131;hiver 2013;19
SHLC;1;0105;Programme court de 1er cycle en espagnol;20132;été 2013;12
SHLC;1;0105;Programme court de 1er cycle en espagnol;20133;automne 2013;9
SHLC;1;0105;Programme court de 1er cycle en espagnol;20141;hiver 2014;12
SHLC;1;0105;Programme court de 1er cycle en espagnol;20142;été 2014;16
SHLC;1;0105;Programme court de 1er cycle en espagnol;20143;automne 2014;21
SHLC;1;0105;Programme court de 1er cycle en espagnol;20151;hiver 2015;20
SHLC;1;0105;Programme court de 1er cycle en espagnol;20152;été 2015;23
SHLC;1;0105;Programme court de 1er cycle en espagnol;20153;automne 2015;20
SHLC;1;0105;Programme court de 1er cycle en espagnol;20161;hiver 2016;25
SHLC;1;0105;Programme court de 1er cycle en espagnol;20162;été 2016;17
SHLC;1;0105;Programme court de 1er cycle en espagnol;20163;automne 2016;26
SHLC;1;0105;Programme court de 1er cycle en espagnol;20171;hiver 2017;27
SHLC;1;0105;Programme court de 1er cycle en espagnol;20172;été 2017;20
SHLC;1;0105;Programme court de 1er cycle en espagnol;20173;automne 2017;27
SHLC;1;0105;Programme court de 1er cycle en espagnol;20181;hiver 2018;29
SHLC;1;0105;Programme court de 1er cycle en espagnol;20182;été 2018;15
SHLC;1;0105;Programme court de 1er cycle en espagnol;20183;automne 2018;32
SHLC;1;0105;Programme court de 1er cycle en espagnol;20191;hiver 2019;23
SHLC;1;0105;Programme court de 1er cycle en espagnol;20192;été 2019;3
SHLC;1;0105;Programme court de 1er cycle en espagnol;20193;automne 2019;25
SHLC;1;0105;Programme court de 1er cycle en espagnol;20201;hiver 2020;25
SHLC;1;0105;Programme court de 1er cycle en espagnol;20202;été 2020;34
SHLC;1;0105;Programme court de 1er cycle en espagnol;20203;automne 2020;42
SHLC;1;0105;Programme court de 1er cycle en espagnol;20211;hiver 2021;41
SHLC;1;0105;Programme court de 1er cycle en espagnol;20212;été 2021;22
SHLC;1;0105;Programme court de 1er cycle en espagnol;20213;automne 2021;39
SHLC;1;0105;Programme court de 1er cycle en espagnol;20221;hiver 2022;44
SHLC;1;0105;Programme court de 1er cycle en espagnol;20222;été 2022;27
SHLC;1;0105;Programme court de 1er cycle en espagnol;20223;automne 2022;47
SHLC;1;0105;Programme court de 1er cycle en espagnol;20231;hiver 2023;32
SHLC;1;0105;Programme court de 1er cycle en espagnol;20232;été 2023;32
SHLC;1;0105;Programme court de 1er cycle en espagnol;20233;automne 2023;37
SHLC;1;0105;Programme court de 1er cycle en espagnol;20241;hiver 2024;40
SHLC;1;0105;Programme court de 1er cycle en espagnol;20242;été 2024;11
SHLC;1;0105;Programme court de 1er cycle en espagnol;20243;automne 2024;11
SHLC;1;0105;Programme court de 1er cycle en espagnol;20251;hiver 2025;6
SHLC;1;0105;Programme court de 1er cycle en espagnol;20252;été 2025;2
SHLC;1;0105;Programme court de 1er cycle en espagnol;20253;automne 2025;2
SHLC;1;0105;Programme court de 1er cycle en espagnol;20261;hiver 2026;3
SHLC;1;0106;Programme court sur le langage et ses contextes;19923;automne 1992;1
SHLC;1;0106;Programme court sur le langage et ses contextes;19932;été 1993;1
SHLC;1;0106;Programme court sur le langage et ses contextes;19933;automne 1993;1
SHLC;1;0106;Programme court sur le langage et ses contextes;19941;hiver 1994;6
SHLC;1;0106;Programme court sur le langage et ses contextes;19942;été 1994;1
SHLC;1;0106;Programme court sur le langage et ses contextes;19943;automne 1994;1
SHLC;1;0106;Programme court sur le langage et ses contextes;19951;hiver 1995;14
SHLC;1;0106;Programme court sur le langage et ses contextes;19953;automne 1995;2
SHLC;1;0106;Programme court sur le langage et ses contextes;19961;hiver 1996;7
SHLC;1;0106;Programme court sur le langage et ses contextes;19963;automne 1996;1
SHLC;1;0106;Programme court sur le langage et ses contextes;19971;hiver 1997;2
SHLC;1;0106;Programme court sur le langage et ses contextes;19973;automne 1997;6
SHLC;1;0106;Programme court sur le langage et ses contextes;19981;hiver 1998;1
SHLC;1;0106;Programme court sur le langage et ses contextes;19982;été 1998;4
SHLC;1;0106;Programme court sur le langage et ses contextes;19983;automne 1998;3
SHLC;1;0106;Programme court sur le langage et ses contextes;19992;été 1999;3
SHLC;1;0106;Programme court sur le langage et ses contextes;19993;automne 1999;1
SHLC;1;0106;Programme court sur le langage et ses contextes;20001;hiver 2000;1
SHLC;1;0106;Programme court sur le langage et ses contextes;20011;hiver 2001;1
SHLC;1;0106;Programme court sur le langage et ses contextes;20021;hiver 2002;1
SHLC;1;0106;Programme court sur le langage et ses contextes;20031;hiver 2003;1
SHLC;1;0106;Programme court sur le langage et ses contextes;20033;automne 2003;2
SHLC;1;0106;Programme court sur le langage et ses contextes;20041;hiver 2004;1
SHLC;1;0106;Programme court sur le langage et ses contextes;20042;été 2004;2
SHLC;1;0106;Programme court sur le langage et ses contextes;20043;automne 2004;8
SHLC;1;0106;Programme court sur le langage et ses contextes;20051;hiver 2005;5
SHLC;1;0106;Programme court sur le langage et ses contextes;20052;été 2005;4
SHLC;1;0106;Programme court sur le langage et ses contextes;20053;automne 2005;2
SHLC;1;0106;Programme court sur le langage et ses contextes;20061;hiver 2006;1
SHLC;1;0106;Programme court sur le langage et ses contextes;20062;été 2006;7
SHLC;1;0106;Programme court sur le langage et ses contextes;20063;automne 2006;10
SHLC;1;0106;Programme court sur le langage et ses contextes;20071;hiver 2007;5
SHLC;1;0106;Programme court sur le langage et ses contextes;20072;été 2007;1
SHLC;1;0106;Programme court sur le langage et ses contextes;20073;automne 2007;6
SHLC;1;0106;Programme court sur le langage et ses contextes;20081;hiver 2008;4
SHLC;1;0106;Programme court sur le langage et ses contextes;20082;été 2008;4
SHLC;1;0106;Programme court sur le langage et ses contextes;20083;automne 2008;2
SHLC;1;0106;Programme court sur le langage et ses contextes;20091;hiver 2009;1
SHLC;1;0106;Programme court sur le langage et ses contextes;20093;automne 2009;2
SHLC;1;0106;Programme court sur le langage et ses contextes;20101;hiver 2010;4
SHLC;1;0106;Programme court sur le langage et ses contextes;20103;automne 2010;1
SHLC;1;0106;Programme court sur le langage et ses contextes;20111;hiver 2011;3
SHLC;1;0106;Programme court sur le langage et ses contextes;20112;été 2011;1
SHLC;1;0106;Programme court sur le langage et ses contextes;20113;automne 2011;1
SHLC;1;0106;Programme court sur le langage et ses contextes;20121;hiver 2012;2
SHLC;1;0106;Programme court sur le langage et ses contextes;20122;été 2012;2
SHLC;1;0106;Programme court sur le langage et ses contextes;20123;automne 2012;2
SHLC;1;0106;Programme court sur le langage et ses contextes;20131;hiver 2013;8
SHLC;1;0106;Programme court sur le langage et ses contextes;20133;automne 2013;5
SHLC;1;0106;Programme court sur le langage et ses contextes;20142;été 2014;1
SHLC;1;0106;Programme court sur le langage et ses contextes;20151;hiver 2015;1
SHLC;1;0114;Programme court de 1er cycle en littérature populaire;19811;hiver 1981;3
SHLC;1;0114;Programme court de 1er cycle en littérature populaire;19933;automne 1993;7
SHLC;1;0114;Programme court de 1er cycle en littérature populaire;19941;hiver 1994;12
SHLC;1;0114;Programme court de 1er cycle en littérature populaire;19942;été 1994;11
SHLC;1;0114;Programme court de 1er cycle en littérature populaire;19943;automne 1994;23
SHLC;1;0114;Programme court de 1er cycle en littérature populaire;19951;hiver 1995;17
SHLC;1;0114;Programme court de 1er cycle en littérature populaire;19952;été 1995;16
SHLC;1;0114;Programme court de 1er cycle en littérature populaire;19953;automne 1995;14
SHLC;1;0114;Programme court de 1er cycle en littérature populaire;19961;hiver 1996;14
SHLC;1;0114;Programme court de 1er cycle en littérature populaire;19962;été 1996;15
SHLC;1;0114;Programme court de 1er cycle en littérature populaire;19963;automne 1996;15
SHLC;1;0114;Programme court de 1er cycle en littérature populaire;19971;hiver 1997;9
SHLC;1;0114;Programme court de 1er cycle en littérature populaire;19972;été 1997;13
SHLC;1;0114;Programme court de 1er cycle en littérature populaire;19973;automne 1997;18
SHLC;1;0114;Programme court de 1er cycle en littérature populaire;19981;hiver 1998;18
SHLC;1;0114;Programme court de 1er cycle en littérature populaire;19982;été 1998;21
SHLC;1;0114;Programme court de 1er cycle en littérature populaire;19983;automne 1998;12
SHLC;1;0114;Programme court de 1er cycle en littérature populaire;19991;hiver 1999;13
SHLC;1;0114;Programme court de 1er cycle en littérature populaire;19992;été 1999;12
SHLC;1;0114;Programme court de 1er cycle en littérature populaire;19993;automne 1999;19
SHLC;1;0114;Programme court de 1er cycle en littérature populaire;20001;hiver 2000;6
SHLC;1;0114;Programme court de 1er cycle en littérature populaire;20002;été 2000;9
SHLC;1;0114;Programme court de 1er cycle en littérature populaire;20003;automne 2000;11
SHLC;1;0114;Programme court de 1er cycle en littérature populaire;20011;hiver 2001;18
SHLC;1;0114;Programme court de 1er cycle en littérature populaire;20012;été 2001;9
SHLC;1;0114;Programme court de 1er cycle en littérature populaire;20013;automne 2001;16
SHLC;1;0114;Programme court de 1er cycle en littérature populaire;20021;hiver 2002;21
SHLC;1;0114;Programme court de 1er cycle en littérature populaire;20022;été 2002;14
SHLC;1;0114;Programme court de 1er cycle en littérature populaire;20023;automne 2002;21
SHLC;1;0114;Programme court de 1er cycle en littérature populaire;20031;hiver 2003;11
SHLC;1;0114;Programme court de 1er cycle en littérature populaire;20032;été 2003;9
SHLC;1;0114;Programme court de 1er cycle en littérature populaire;20033;automne 2003;16
SHLC;1;0114;Programme court de 1er cycle en littérature populaire;20041;hiver 2004;13
SHLC;1;0114;Programme court de 1er cycle en littérature populaire;20042;été 2004;9
SHLC;1;0114;Programme court de 1er cycle en littérature populaire;20043;automne 2004;31
SHLC;1;0114;Programme court de 1er cycle en littérature populaire;20051;hiver 2005;19
SHLC;1;0114;Programme court de 1er cycle en littérature populaire;20052;été 2005;16
SHLC;1;0114;Programme court de 1er cycle en littérature populaire;20053;automne 2005;32
SHLC;1;0114;Programme court de 1er cycle en littérature populaire;20061;hiver 2006;33
SHLC;1;0114;Programme court de 1er cycle en littérature populaire;20062;été 2006;12
SHLC;1;0114;Programme court de 1er cycle en littérature populaire;20063;automne 2006;24
SHLC;1;0114;Programme court de 1er cycle en littérature populaire;20071;hiver 2007;14
SHLC;1;0114;Programme court de 1er cycle en littérature populaire;20072;été 2007;17
SHLC;1;0114;Programme court de 1er cycle en littérature populaire;20073;automne 2007;17
SHLC;1;0114;Programme court de 1er cycle en littérature populaire;20081;hiver 2008;9
SHLC;1;0114;Programme court de 1er cycle en littérature populaire;20082;été 2008;15
SHLC;1;0114;Programme court de 1er cycle en littérature populaire;20083;automne 2008;17
SHLC;1;0114;Programme court de 1er cycle en littérature populaire;20091;hiver 2009;23
SHLC;1;0114;Programme court de 1er cycle en littérature populaire;20092;été 2009;17
SHLC;1;0114;Programme court de 1er cycle en littérature populaire;20093;automne 2009;26
SHLC;1;0114;Programme court de 1er cycle en littérature populaire;20101;hiver 2010;32
SHLC;1;0114;Programme court de 1er cycle en littérature populaire;20102;été 2010;11
SHLC;1;0114;Programme court de 1er cycle en littérature populaire;20103;automne 2010;20
SHLC;1;0114;Programme court de 1er cycle en littérature populaire;20111;hiver 2011;17
SHLC;1;0114;Programme court de 1er cycle en littérature populaire;20112;été 2011;21
SHLC;1;0114;Programme court de 1er cycle en littérature populaire;20113;automne 2011;18
SHLC;1;0114;Programme court de 1er cycle en littérature populaire;20121;hiver 2012;19
SHLC;1;0114;Programme court de 1er cycle en littérature populaire;20122;été 2012;29
SHLC;1;0114;Programme court de 1er cycle en littérature populaire;20123;automne 2012;16
SHLC;1;0114;Programme court de 1er cycle en littérature populaire;20131;hiver 2013;14
SHLC;1;0114;Programme court de 1er cycle en littérature populaire;20132;été 2013;15
SHLC;1;0114;Programme court de 1er cycle en littérature populaire;20133;automne 2013;13
SHLC;1;0114;Programme court de 1er cycle en littérature populaire;20141;hiver 2014;14
SHLC;1;0114;Programme court de 1er cycle en littérature populaire;20142;été 2014;9
SHLC;1;0114;Programme court de 1er cycle en littérature populaire;20143;automne 2014;13
SHLC;1;0114;Programme court de 1er cycle en littérature populaire;20151;hiver 2015;19
SHLC;1;0114;Programme court de 1er cycle en littérature populaire;20152;été 2015;10
SHLC;1;0114;Programme court de 1er cycle en littérature populaire;20153;automne 2015;23
SHLC;1;0114;Programme court de 1er cycle en littérature populaire;20161;hiver 2016;23
SHLC;1;0114;Programme court de 1er cycle en littérature populaire;20162;été 2016;4
SHLC;1;0114;Programme court de 1er cycle en littérature populaire;20163;automne 2016;14
SHLC;1;0114;Programme court de 1er cycle en littérature populaire;20171;hiver 2017;13
SHLC;1;0114;Programme court de 1er cycle en littérature populaire;20172;été 2017;11
SHLC;1;0114;Programme court de 1er cycle en littérature populaire;20173;automne 2017;18
SHLC;1;0114;Programme court de 1er cycle en littérature populaire;20181;hiver 2018;14
SHLC;1;0114;Programme court de 1er cycle en littérature populaire;20182;été 2018;16
SHLC;1;0114;Programme court de 1er cycle en littérature populaire;20183;automne 2018;11
SHLC;1;0114;Programme court de 1er cycle en littérature populaire;20191;hiver 2019;11
SHLC;1;0114;Programme court de 1er cycle en littérature populaire;20192;été 2019;4
SHLC;1;0114;Programme court de 1er cycle en littérature populaire;20193;automne 2019;6
SHLC;1;0114;Programme court de 1er cycle en littérature populaire;20201;hiver 2020;13
SHLC;1;0114;Programme court de 1er cycle en littérature populaire;20202;été 2020;19
SHLC;1;0114;Programme court de 1er cycle en littérature populaire;20203;automne 2020;27
SHLC;1;0114;Programme court de 1er cycle en littérature populaire;20211;hiver 2021;21
SHLC;1;0114;Programme court de 1er cycle en littérature populaire;20212;été 2021;8
SHLC;1;0114;Programme court de 1er cycle en littérature populaire;20213;automne 2021;12
SHLC;1;0114;Programme court de 1er cycle en littérature populaire;20221;hiver 2022;15
SHLC;1;0114;Programme court de 1er cycle en littérature populaire;20222;été 2022;13
SHLC;1;0114;Programme court de 1er cycle en littérature populaire;20223;automne 2022;11
SHLC;1;0114;Programme court de 1er cycle en littérature populaire;20231;hiver 2023;9
SHLC;1;0114;Programme court de 1er cycle en littérature populaire;20232;été 2023;8
SHLC;1;0114;Programme court de 1er cycle en littérature populaire;20233;automne 2023;9
SHLC;1;0114;Programme court de 1er cycle en littérature populaire;20241;hiver 2024;11
SHLC;1;0114;Programme court de 1er cycle en littérature populaire;20242;été 2024;8
SHLC;1;0114;Programme court de 1er cycle en littérature populaire;20243;automne 2024;12
SHLC;1;0114;Programme court de 1er cycle en littérature populaire;20251;hiver 2025;8
SHLC;1;0114;Programme court de 1er cycle en littérature populaire;20252;été 2025;7
SHLC;1;0114;Programme court de 1er cycle en littérature populaire;20253;automne 2025;8
SHLC;1;0114;Programme court de 1er cycle en littérature populaire;20261;hiver 2026;5
SHLC;1;0114;Programme court de 1er cycle en littérature populaire;20262;été 2026;4
ESA;1;0116;Programme court en crédit commercial;19782;été 1978;2
ESA;1;0116;Programme court en crédit commercial;19783;automne 1978;1
ESA;1;0116;Programme court en crédit commercial;19802;été 1980;2
ESA;1;0116;Programme court en crédit commercial;19803;automne 1980;1
ESA;1;0116;Programme court en crédit commercial;19832;été 1983;3
ESA;1;0116;Programme court en crédit commercial;19833;automne 1983;2
ESA;1;0116;Programme court en crédit commercial;19841;hiver 1984;1
ESA;1;0116;Programme court en crédit commercial;19941;hiver 1994;76
ESA;1;0116;Programme court en crédit commercial;19942;été 1994;7
ESA;1;0116;Programme court en crédit commercial;19943;automne 1994;80
ESA;1;0116;Programme court en crédit commercial;19951;hiver 1995;87
ESA;1;0116;Programme court en crédit commercial;19952;été 1995;47
ESA;1;0116;Programme court en crédit commercial;19953;automne 1995;216
ESA;1;0116;Programme court en crédit commercial;19961;hiver 1996;188
ESA;1;0116;Programme court en crédit commercial;19962;été 1996;66
ESA;1;0116;Programme court en crédit commercial;19963;automne 1996;305
ESA;1;0116;Programme court en crédit commercial;19971;hiver 1997;211
ESA;1;0116;Programme court en crédit commercial;19972;été 1997;74
ESA;1;0116;Programme court en crédit commercial;19973;automne 1997;298
ESA;1;0116;Programme court en crédit commercial;19981;hiver 1998;210
ESA;1;0116;Programme court en crédit commercial;19982;été 1998;48
ESA;1;0116;Programme court en crédit commercial;19983;automne 1998;287
ESA;1;0116;Programme court en crédit commercial;19991;hiver 1999;180
ESA;1;0116;Programme court en crédit commercial;19992;été 1999;37
ESA;1;0116;Programme court en crédit commercial;19993;automne 1999;241
ESA;1;0116;Programme court en crédit commercial;20001;hiver 2000;166
ESA;1;0116;Programme court en crédit commercial;20002;été 2000;35
ESA;1;0116;Programme court en crédit commercial;20003;automne 2000;169
ESA;1;0116;Programme court en crédit commercial;20011;hiver 2001;94
ESA;1;0116;Programme court en crédit commercial;20012;été 2001;20
ESA;1;0116;Programme court en crédit commercial;20013;automne 2001;148
ESA;1;0116;Programme court en crédit commercial;20021;hiver 2002;63
ESA;1;0116;Programme court en crédit commercial;20022;été 2002;16
ESA;1;0116;Programme court en crédit commercial;20023;automne 2002;101
ESA;1;0116;Programme court en crédit commercial;20031;hiver 2003;52
ESA;1;0116;Programme court en crédit commercial;20032;été 2003;12
ESA;1;0116;Programme court en crédit commercial;20033;automne 2003;59
ESA;1;0116;Programme court en crédit commercial;20041;hiver 2004;44
ESA;1;0116;Programme court en crédit commercial;20042;été 2004;8
ESA;1;0116;Programme court en crédit commercial;20043;automne 2004;49
ESA;1;0116;Programme court en crédit commercial;20051;hiver 2005;28
ESA;1;0116;Programme court en crédit commercial;20052;été 2005;12
ESA;1;0116;Programme court en crédit commercial;20053;automne 2005;38
ESA;1;0116;Programme court en crédit commercial;20061;hiver 2006;19
ESA;1;0116;Programme court en crédit commercial;20062;été 2006;10
ESA;1;0116;Programme court en crédit commercial;20063;automne 2006;29
ESA;1;0116;Programme court en crédit commercial;20071;hiver 2007;18
ESA;1;0116;Programme court en crédit commercial;20072;été 2007;7
ESA;1;0116;Programme court en crédit commercial;20073;automne 2007;29
ESA;1;0116;Programme court en crédit commercial;20081;hiver 2008;7
ESA;1;0116;Programme court en crédit commercial;20082;été 2008;6
ESA;1;0116;Programme court en crédit commercial;20083;automne 2008;18
ESA;1;0116;Programme court en crédit commercial;20091;hiver 2009;17
ESA;1;0116;Programme court en crédit commercial;20092;été 2009;3
ESA;1;0116;Programme court en crédit commercial;20093;automne 2009;8
ESA;1;0116;Programme court en crédit commercial;20101;hiver 2010;6
ESA;1;0116;Programme court en crédit commercial;20102;été 2010;1
ESA;1;0116;Programme court en crédit commercial;20103;automne 2010;8
ESA;1;0116;Programme court en crédit commercial;20111;hiver 2011;2
ESA;1;0116;Programme court en crédit commercial;20112;été 2011;1
ESA;1;0116;Programme court en crédit commercial;20121;hiver 2012;1
ESA;1;0121;Programme court de 1er cycle en développement économique local et communautaire;19942;été 1994;4
ESA;1;0121;Programme court de 1er cycle en développement économique local et communautaire;19943;automne 1994;7
ESA;1;0121;Programme court de 1er cycle en développement économique local et communautaire;19951;hiver 1995;4
ESA;1;0121;Programme court de 1er cycle en développement économique local et communautaire;19952;été 1995;7
ESA;1;0121;Programme court de 1er cycle en développement économique local et communautaire;19953;automne 1995;13
ESA;1;0121;Programme court de 1er cycle en développement économique local et communautaire;19961;hiver 1996;6
ESA;1;0121;Programme court de 1er cycle en développement économique local et communautaire;19962;été 1996;8
ESA;1;0121;Programme court de 1er cycle en développement économique local et communautaire;19963;automne 1996;14
ESA;1;0121;Programme court de 1er cycle en développement économique local et communautaire;19971;hiver 1997;3
ESA;1;0121;Programme court de 1er cycle en développement économique local et communautaire;19972;été 1997;4
ESA;1;0121;Programme court de 1er cycle en développement économique local et communautaire;19973;automne 1997;9
ESA;1;0121;Programme court de 1er cycle en développement économique local et communautaire;19981;hiver 1998;10
ESA;1;0121;Programme court de 1er cycle en développement économique local et communautaire;19982;été 1998;4
ESA;1;0121;Programme court de 1er cycle en développement économique local et communautaire;19983;automne 1998;10
ESA;1;0121;Programme court de 1er cycle en développement économique local et communautaire;19991;hiver 1999;14
ESA;1;0121;Programme court de 1er cycle en développement économique local et communautaire;19992;été 1999;6
ESA;1;0121;Programme court de 1er cycle en développement économique local et communautaire;19993;automne 1999;10
ESA;1;0121;Programme court de 1er cycle en développement économique local et communautaire;20001;hiver 2000;10
ESA;1;0121;Programme court de 1er cycle en développement économique local et communautaire;20002;été 2000;3
ESA;1;0121;Programme court de 1er cycle en développement économique local et communautaire;20003;automne 2000;10
ESA;1;0121;Programme court de 1er cycle en développement économique local et communautaire;20011;hiver 2001;8
ESA;1;0121;Programme court de 1er cycle en développement économique local et communautaire;20012;été 2001;1
ESA;1;0121;Programme court de 1er cycle en développement économique local et communautaire;20013;automne 2001;6
ESA;1;0121;Programme court de 1er cycle en développement économique local et communautaire;20021;hiver 2002;4
ESA;1;0121;Programme court de 1er cycle en développement économique local et communautaire;20022;été 2002;2
ESA;1;0121;Programme court de 1er cycle en développement économique local et communautaire;20023;automne 2002;7
ESA;1;0121;Programme court de 1er cycle en développement économique local et communautaire;20031;hiver 2003;10
ESA;1;0121;Programme court de 1er cycle en développement économique local et communautaire;20032;été 2003;1
ESA;1;0121;Programme court de 1er cycle en développement économique local et communautaire;20033;automne 2003;7
ESA;1;0121;Programme court de 1er cycle en développement économique local et communautaire;20041;hiver 2004;9
ESA;1;0121;Programme court de 1er cycle en développement économique local et communautaire;20042;été 2004;8
ESA;1;0121;Programme court de 1er cycle en développement économique local et communautaire;20043;automne 2004;11
ESA;1;0121;Programme court de 1er cycle en développement économique local et communautaire;20051;hiver 2005;5
ESA;1;0121;Programme court de 1er cycle en développement économique local et communautaire;20052;été 2005;4
ESA;1;0121;Programme court de 1er cycle en développement économique local et communautaire;20053;automne 2005;14
ESA;1;0121;Programme court de 1er cycle en développement économique local et communautaire;20061;hiver 2006;6
ESA;1;0121;Programme court de 1er cycle en développement économique local et communautaire;20062;été 2006;5
ESA;1;0121;Programme court de 1er cycle en développement économique local et communautaire;20063;automne 2006;11
ESA;1;0121;Programme court de 1er cycle en développement économique local et communautaire;20071;hiver 2007;5
ESA;1;0121;Programme court de 1er cycle en développement économique local et communautaire;20072;été 2007;3
ESA;1;0121;Programme court de 1er cycle en développement économique local et communautaire;20073;automne 2007;6
ESA;1;0121;Programme court de 1er cycle en développement économique local et communautaire;20081;hiver 2008;4
ESA;1;0121;Programme court de 1er cycle en développement économique local et communautaire;20082;été 2008;5
ESA;1;0121;Programme court de 1er cycle en développement économique local et communautaire;20083;automne 2008;7
ESA;1;0121;Programme court de 1er cycle en développement économique local et communautaire;20091;hiver 2009;8
ESA;1;0121;Programme court de 1er cycle en développement économique local et communautaire;20092;été 2009;3
ESA;1;0121;Programme court de 1er cycle en développement économique local et communautaire;20093;automne 2009;9
ESA;1;0121;Programme court de 1er cycle en développement économique local et communautaire;20101;hiver 2010;14
ESA;1;0121;Programme court de 1er cycle en développement économique local et communautaire;20102;été 2010;13
ESA;1;0121;Programme court de 1er cycle en développement économique local et communautaire;20103;automne 2010;6
ESA;1;0121;Programme court de 1er cycle en développement économique local et communautaire;20111;hiver 2011;6
ESA;1;0121;Programme court de 1er cycle en développement économique local et communautaire;20112;été 2011;7
ESA;1;0121;Programme court de 1er cycle en développement économique local et communautaire;20113;automne 2011;10
ESA;1;0121;Programme court de 1er cycle en développement économique local et communautaire;20121;hiver 2012;6
ESA;1;0121;Programme court de 1er cycle en développement économique local et communautaire;20122;été 2012;5
ESA;1;0121;Programme court de 1er cycle en développement économique local et communautaire;20123;automne 2012;3
ESA;1;0121;Programme court de 1er cycle en développement économique local et communautaire;20131;hiver 2013;5
ESA;1;0121;Programme court de 1er cycle en développement économique local et communautaire;20132;été 2013;3
ESA;1;0121;Programme court de 1er cycle en développement économique local et communautaire;20133;automne 2013;5
ESA;1;0121;Programme court de 1er cycle en développement économique local et communautaire;20141;hiver 2014;4
ESA;1;0121;Programme court de 1er cycle en développement économique local et communautaire;20142;été 2014;1
ESA;1;0121;Programme court de 1er cycle en développement économique local et communautaire;20143;automne 2014;9
ESA;1;0121;Programme court de 1er cycle en développement économique local et communautaire;20151;hiver 2015;23
ESA;1;0121;Programme court de 1er cycle en développement économique local et communautaire;20152;été 2015;11
ESA;1;0121;Programme court de 1er cycle en développement économique local et communautaire;20153;automne 2015;9
ESA;1;0121;Programme court de 1er cycle en développement économique local et communautaire;20161;hiver 2016;22
ESA;1;0121;Programme court de 1er cycle en développement économique local et communautaire;20162;été 2016;6
ESA;1;0121;Programme court de 1er cycle en développement économique local et communautaire;20163;automne 2016;14
ESA;1;0121;Programme court de 1er cycle en développement économique local et communautaire;20171;hiver 2017;7
ESA;1;0121;Programme court de 1er cycle en développement économique local et communautaire;20172;été 2017;5
ESA;1;0121;Programme court de 1er cycle en développement économique local et communautaire;20173;automne 2017;4
ESA;1;0121;Programme court de 1er cycle en développement économique local et communautaire;20181;hiver 2018;7
ESA;1;0121;Programme court de 1er cycle en développement économique local et communautaire;20182;été 2018;12
ESA;1;0121;Programme court de 1er cycle en développement économique local et communautaire;20183;automne 2018;2
ESA;1;0121;Programme court de 1er cycle en développement économique local et communautaire;20191;hiver 2019;7
ESA;1;0121;Programme court de 1er cycle en développement économique local et communautaire;20192;été 2019;3
ESA;1;0121;Programme court de 1er cycle en développement économique local et communautaire;20193;automne 2019;5
ESA;1;0121;Programme court de 1er cycle en développement économique local et communautaire;20201;hiver 2020;6
ESA;1;0121;Programme court de 1er cycle en développement économique local et communautaire;20202;été 2020;8
ESA;1;0121;Programme court de 1er cycle en développement économique local et communautaire;20203;automne 2020;5
ESA;1;0121;Programme court de 1er cycle en développement économique local et communautaire;20211;hiver 2021;9
ESA;1;0121;Programme court de 1er cycle en développement économique local et communautaire;20212;été 2021;5
ESA;1;0121;Programme court de 1er cycle en développement économique local et communautaire;20213;automne 2021;16
ESA;1;0121;Programme court de 1er cycle en développement économique local et communautaire;20221;hiver 2022;6
ESA;1;0121;Programme court de 1er cycle en développement économique local et communautaire;20222;été 2022;3
ESA;1;0121;Programme court de 1er cycle en développement économique local et communautaire;20223;automne 2022;12
ESA;1;0121;Programme court de 1er cycle en développement économique local et communautaire;20231;hiver 2023;5
ESA;1;0121;Programme court de 1er cycle en développement économique local et communautaire;20232;été 2023;1
ESA;1;0121;Programme court de 1er cycle en développement économique local et communautaire;20233;automne 2023;7
ESA;1;0121;Programme court de 1er cycle en développement économique local et communautaire;20241;hiver 2024;3
ESA;1;0121;Programme court de 1er cycle en développement économique local et communautaire;20242;été 2024;4
ESA;1;0121;Programme court de 1er cycle en développement économique local et communautaire;20243;automne 2024;7
ESA;1;0121;Programme court de 1er cycle en développement économique local et communautaire;20251;hiver 2025;11
ESA;1;0121;Programme court de 1er cycle en développement économique local et communautaire;20252;été 2025;7
ESA;1;0121;Programme court de 1er cycle en développement économique local et communautaire;20253;automne 2025;18
ESA;1;0121;Programme court de 1er cycle en développement économique local et communautaire;20261;hiver 2026;10
ESA;1;0121;Programme court de 1er cycle en développement économique local et communautaire;20262;été 2026;11
SHLC;1;0123;Programme court de 1er cycle en espagnol;20242;été 2024;17
SHLC;1;0123;Programme court de 1er cycle en espagnol;20243;automne 2024;29
SHLC;1;0123;Programme court de 1er cycle en espagnol;20251;hiver 2025;25
SHLC;1;0123;Programme court de 1er cycle en espagnol;20252;été 2025;21
SHLC;1;0123;Programme court de 1er cycle en espagnol;20253;automne 2025;20
SHLC;1;0123;Programme court de 1er cycle en espagnol;20261;hiver 2026;28
SHLC;1;0123;Programme court de 1er cycle en espagnol;20262;été 2026;22
ST;1;0127;Programme court de 1er cycle en développement de logiciels;19763;automne 1976;2
ST;1;0127;Programme court de 1er cycle en développement de logiciels;19771;hiver 1977;2
ST;1;0127;Programme court de 1er cycle en développement de logiciels;19813;automne 1981;1
ST;1;0127;Programme court de 1er cycle en développement de logiciels;19822;été 1982;1
ST;1;0127;Programme court de 1er cycle en développement de logiciels;19833;automne 1983;1
ST;1;0127;Programme court de 1er cycle en développement de logiciels;19943;automne 1994;38
ST;1;0127;Programme court de 1er cycle en développement de logiciels;19951;hiver 1995;45
ST;1;0127;Programme court de 1er cycle en développement de logiciels;19952;été 1995;16
ST;1;0127;Programme court de 1er cycle en développement de logiciels;19953;automne 1995;41
ST;1;0127;Programme court de 1er cycle en développement de logiciels;19961;hiver 1996;34
ST;1;0127;Programme court de 1er cycle en développement de logiciels;19962;été 1996;9
ST;1;0127;Programme court de 1er cycle en développement de logiciels;19963;automne 1996;51
ST;1;0127;Programme court de 1er cycle en développement de logiciels;19971;hiver 1997;20
ST;1;0127;Programme court de 1er cycle en développement de logiciels;19972;été 1997;19
ST;1;0127;Programme court de 1er cycle en développement de logiciels;19973;automne 1997;38
ST;1;0127;Programme court de 1er cycle en développement de logiciels;19981;hiver 1998;22
ST;1;0127;Programme court de 1er cycle en développement de logiciels;19982;été 1998;13
ST;1;0127;Programme court de 1er cycle en développement de logiciels;19983;automne 1998;61
ST;1;0127;Programme court de 1er cycle en développement de logiciels;19991;hiver 1999;71
ST;1;0127;Programme court de 1er cycle en développement de logiciels;19992;été 1999;24
ST;1;0127;Programme court de 1er cycle en développement de logiciels;19993;automne 1999;86
ST;1;0127;Programme court de 1er cycle en développement de logiciels;20001;hiver 2000;66
ST;1;0127;Programme court de 1er cycle en développement de logiciels;20002;été 2000;19
ST;1;0127;Programme court de 1er cycle en développement de logiciels;20003;automne 2000;87
ST;1;0127;Programme court de 1er cycle en développement de logiciels;20011;hiver 2001;66
ST;1;0127;Programme court de 1er cycle en développement de logiciels;20012;été 2001;30
ST;1;0127;Programme court de 1er cycle en développement de logiciels;20013;automne 2001;51
ST;1;0127;Programme court de 1er cycle en développement de logiciels;20021;hiver 2002;69
ST;1;0127;Programme court de 1er cycle en développement de logiciels;20022;été 2002;25
ST;1;0127;Programme court de 1er cycle en développement de logiciels;20023;automne 2002;46
ST;1;0127;Programme court de 1er cycle en développement de logiciels;20031;hiver 2003;54
ST;1;0127;Programme court de 1er cycle en développement de logiciels;20032;été 2003;22
ST;1;0127;Programme court de 1er cycle en développement de logiciels;20033;automne 2003;38
ST;1;0127;Programme court de 1er cycle en développement de logiciels;20041;hiver 2004;37
ST;1;0127;Programme court de 1er cycle en développement de logiciels;20042;été 2004;18
ST;1;0127;Programme court de 1er cycle en développement de logiciels;20043;automne 2004;39
ST;1;0127;Programme court de 1er cycle en développement de logiciels;20051;hiver 2005;28
ST;1;0127;Programme court de 1er cycle en développement de logiciels;20052;été 2005;12
ST;1;0127;Programme court de 1er cycle en développement de logiciels;20053;automne 2005;37
ST;1;0127;Programme court de 1er cycle en développement de logiciels;20061;hiver 2006;21
ST;1;0127;Programme court de 1er cycle en développement de logiciels;20062;été 2006;18
ST;1;0127;Programme court de 1er cycle en développement de logiciels;20063;automne 2006;30
ST;1;0127;Programme court de 1er cycle en développement de logiciels;20071;hiver 2007;31
ST;1;0127;Programme court de 1er cycle en développement de logiciels;20072;été 2007;10
ST;1;0127;Programme court de 1er cycle en développement de logiciels;20073;automne 2007;26
ST;1;0127;Programme court de 1er cycle en développement de logiciels;20081;hiver 2008;20
ST;1;0127;Programme court de 1er cycle en développement de logiciels;20082;été 2008;10
ST;1;0127;Programme court de 1er cycle en développement de logiciels;20083;automne 2008;32
ST;1;0127;Programme court de 1er cycle en développement de logiciels;20091;hiver 2009;36
ST;1;0127;Programme court de 1er cycle en développement de logiciels;20092;été 2009;18
ST;1;0127;Programme court de 1er cycle en développement de logiciels;20093;automne 2009;40
ST;1;0127;Programme court de 1er cycle en développement de logiciels;20101;hiver 2010;36
ST;1;0127;Programme court de 1er cycle en développement de logiciels;20102;été 2010;29
ST;1;0127;Programme court de 1er cycle en développement de logiciels;20103;automne 2010;58
ST;1;0127;Programme court de 1er cycle en développement de logiciels;20111;hiver 2011;44
ST;1;0127;Programme court de 1er cycle en développement de logiciels;20112;été 2011;22
ST;1;0127;Programme court de 1er cycle en développement de logiciels;20113;automne 2011;39
ST;1;0127;Programme court de 1er cycle en développement de logiciels;20121;hiver 2012;27
ST;1;0127;Programme court de 1er cycle en développement de logiciels;20122;été 2012;15
ST;1;0127;Programme court de 1er cycle en développement de logiciels;20123;automne 2012;21
ST;1;0127;Programme court de 1er cycle en développement de logiciels;20131;hiver 2013;26
ST;1;0127;Programme court de 1er cycle en développement de logiciels;20132;été 2013;25
ST;1;0127;Programme court de 1er cycle en développement de logiciels;20133;automne 2013;27
ST;1;0127;Programme court de 1er cycle en développement de logiciels;20141;hiver 2014;41
ST;1;0127;Programme court de 1er cycle en développement de logiciels;20142;été 2014;21
ST;1;0127;Programme court de 1er cycle en développement de logiciels;20143;automne 2014;42
ST;1;0127;Programme court de 1er cycle en développement de logiciels;20151;hiver 2015;52
ST;1;0127;Programme court de 1er cycle en développement de logiciels;20152;été 2015;43
ST;1;0127;Programme court de 1er cycle en développement de logiciels;20153;automne 2015;27
ST;1;0127;Programme court de 1er cycle en développement de logiciels;20161;hiver 2016;42
ST;1;0127;Programme court de 1er cycle en développement de logiciels;20162;été 2016;34
ST;1;0127;Programme court de 1er cycle en développement de logiciels;20163;automne 2016;45
ST;1;0127;Programme court de 1er cycle en développement de logiciels;20171;hiver 2017;32
ST;1;0127;Programme court de 1er cycle en développement de logiciels;20172;été 2017;40
ST;1;0127;Programme court de 1er cycle en développement de logiciels;20173;automne 2017;47
ST;1;0127;Programme court de 1er cycle en développement de logiciels;20181;hiver 2018;26
ST;1;0127;Programme court de 1er cycle en développement de logiciels;20182;été 2018;9
ST;1;0127;Programme court de 1er cycle en développement de logiciels;20183;automne 2018;13
ST;1;0127;Programme court de 1er cycle en développement de logiciels;20191;hiver 2019;31
ST;1;0127;Programme court de 1er cycle en développement de logiciels;20192;été 2019;17
ST;1;0127;Programme court de 1er cycle en développement de logiciels;20193;automne 2019;34
ST;1;0127;Programme court de 1er cycle en développement de logiciels;20201;hiver 2020;44
ST;1;0127;Programme court de 1er cycle en développement de logiciels;20202;été 2020;47
ST;1;0127;Programme court de 1er cycle en développement de logiciels;20203;automne 2020;46
ST;1;0127;Programme court de 1er cycle en développement de logiciels;20211;hiver 2021;53
ST;1;0127;Programme court de 1er cycle en développement de logiciels;20212;été 2021;34
ST;1;0127;Programme court de 1er cycle en développement de logiciels;20213;automne 2021;36
ST;1;0127;Programme court de 1er cycle en développement de logiciels;20221;hiver 2022;49
ST;1;0127;Programme court de 1er cycle en développement de logiciels;20222;été 2022;34
ST;1;0127;Programme court de 1er cycle en développement de logiciels;20223;automne 2022;18
ST;1;0127;Programme court de 1er cycle en développement de logiciels;20231;hiver 2023;31
ST;1;0127;Programme court de 1er cycle en développement de logiciels;20232;été 2023;15
ST;1;0127;Programme court de 1er cycle en développement de logiciels;20233;automne 2023;26
ST;1;0127;Programme court de 1er cycle en développement de logiciels;20241;hiver 2024;36
ST;1;0127;Programme court de 1er cycle en développement de logiciels;20242;été 2024;29
ST;1;0127;Programme court de 1er cycle en développement de logiciels;20243;automne 2024;22
ST;1;0127;Programme court de 1er cycle en développement de logiciels;20251;hiver 2025;9
ST;1;0127;Programme court de 1er cycle en développement de logiciels;20252;été 2025;3
ST;1;0127;Programme court de 1er cycle en développement de logiciels;20253;automne 2025;5
ST;1;0127;Programme court de 1er cycle en développement de logiciels;20261;hiver 2026;2
ST;1;0127;Programme court de 1er cycle en développement de logiciels;20262;été 2026;1
ST;1;0130;Programme court en biologie de la santé;19803;automne 1980;2
ST;1;0130;Programme court en biologie de la santé;19823;automne 1982;1
ST;1;0130;Programme court en biologie de la santé;19832;été 1983;1
ST;1;0130;Programme court en biologie de la santé;19951;hiver 1995;8
ST;1;0130;Programme court en biologie de la santé;19953;automne 1995;16
ST;1;0130;Programme court en biologie de la santé;19961;hiver 1996;14
ST;1;0130;Programme court en biologie de la santé;19962;été 1996;6
ST;1;0130;Programme court en biologie de la santé;19963;automne 1996;21
ST;1;0130;Programme court en biologie de la santé;19971;hiver 1997;11
ST;1;0130;Programme court en biologie de la santé;19972;été 1997;15
ST;1;0130;Programme court en biologie de la santé;19973;automne 1997;20
ST;1;0130;Programme court en biologie de la santé;19981;hiver 1998;9
ST;1;0130;Programme court en biologie de la santé;19982;été 1998;8
ST;1;0130;Programme court en biologie de la santé;19983;automne 1998;15
ST;1;0130;Programme court en biologie de la santé;19991;hiver 1999;12
ST;1;0130;Programme court en biologie de la santé;19992;été 1999;8
ST;1;0130;Programme court en biologie de la santé;19993;automne 1999;24
ST;1;0130;Programme court en biologie de la santé;20001;hiver 2000;14
ST;1;0130;Programme court en biologie de la santé;20002;été 2000;15
ST;1;0130;Programme court en biologie de la santé;20003;automne 2000;22
ST;1;0130;Programme court en biologie de la santé;20011;hiver 2001;13
ST;1;0130;Programme court en biologie de la santé;20012;été 2001;9
ST;1;0130;Programme court en biologie de la santé;20013;automne 2001;33
ST;1;0130;Programme court en biologie de la santé;20021;hiver 2002;28
ST;1;0130;Programme court en biologie de la santé;20022;été 2002;24
ST;1;0130;Programme court en biologie de la santé;20023;automne 2002;32
ST;1;0130;Programme court en biologie de la santé;20031;hiver 2003;17
ST;1;0130;Programme court en biologie de la santé;20032;été 2003;12
ST;1;0130;Programme court en biologie de la santé;20033;automne 2003;28
ST;1;0130;Programme court en biologie de la santé;20041;hiver 2004;24
ST;1;0130;Programme court en biologie de la santé;20042;été 2004;15
ST;1;0130;Programme court en biologie de la santé;20043;automne 2004;36
ST;1;0130;Programme court en biologie de la santé;20051;hiver 2005;34
ST;1;0130;Programme court en biologie de la santé;20052;été 2005;17
ST;1;0130;Programme court en biologie de la santé;20053;automne 2005;33
ST;1;0130;Programme court en biologie de la santé;20061;hiver 2006;34
ST;1;0130;Programme court en biologie de la santé;20062;été 2006;17
ST;1;0130;Programme court en biologie de la santé;20063;automne 2006;42
ST;1;0130;Programme court en biologie de la santé;20071;hiver 2007;29
ST;1;0130;Programme court en biologie de la santé;20072;été 2007;16
ST;1;0130;Programme court en biologie de la santé;20073;automne 2007;13
ST;1;0130;Programme court en biologie de la santé;20081;hiver 2008;4
ST;1;0130;Programme court en biologie de la santé;20082;été 2008;2
ST;1;0130;Programme court en biologie de la santé;20083;automne 2008;5
ST;1;0130;Programme court en biologie de la santé;20091;hiver 2009;1
ST;1;0130;Programme court en biologie de la santé;20092;été 2009;6
ST;1;0148;Programme court en soins infirmiers;19803;automne 1980;1
ST;1;0148;Programme court en soins infirmiers;19823;automne 1982;2
ST;1;0148;Programme court en soins infirmiers;19833;automne 1983;3
ST;1;0148;Programme court en soins infirmiers;19961;hiver 1996;15
ST;1;0148;Programme court en soins infirmiers;19962;été 1996;2
ST;1;0148;Programme court en soins infirmiers;19963;automne 1996;7
ST;1;0148;Programme court en soins infirmiers;19971;hiver 1997;15
ST;1;0148;Programme court en soins infirmiers;19972;été 1997;5
ST;1;0148;Programme court en soins infirmiers;19973;automne 1997;25
ST;1;0148;Programme court en soins infirmiers;19981;hiver 1998;4
ST;1;0148;Programme court en soins infirmiers;19982;été 1998;4
ST;1;0148;Programme court en soins infirmiers;19983;automne 1998;2
ST;1;0148;Programme court en soins infirmiers;19991;hiver 1999;1
ST;1;0148;Programme court en soins infirmiers;20002;été 2000;1
SHLC;1;0169;Programme court en psychologie de la personnalité;19832;été 1983;1
SHLC;1;0169;Programme court en psychologie de la personnalité;19983;automne 1998;10
SHLC;1;0169;Programme court en psychologie de la personnalité;19991;hiver 1999;13
SHLC;1;0169;Programme court en psychologie de la personnalité;19992;été 1999;4
SHLC;1;0169;Programme court en psychologie de la personnalité;19993;automne 1999;14
SHLC;1;0169;Programme court en psychologie de la personnalité;20001;hiver 2000;19
SHLC;1;0169;Programme court en psychologie de la personnalité;20002;été 2000;6
SHLC;1;0169;Programme court en psychologie de la personnalité;20003;automne 2000;26
SHLC;1;0169;Programme court en psychologie de la personnalité;20011;hiver 2001;25
SHLC;1;0169;Programme court en psychologie de la personnalité;20012;été 2001;10
SHLC;1;0169;Programme court en psychologie de la personnalité;20013;automne 2001;18
SHLC;1;0169;Programme court en psychologie de la personnalité;20021;hiver 2002;18
SHLC;1;0169;Programme court en psychologie de la personnalité;20022;été 2002;14
SHLC;1;0169;Programme court en psychologie de la personnalité;20023;automne 2002;43
SHLC;1;0169;Programme court en psychologie de la personnalité;20031;hiver 2003;20
SHLC;1;0169;Programme court en psychologie de la personnalité;20032;été 2003;13
SHLC;1;0169;Programme court en psychologie de la personnalité;20033;automne 2003;17
SHLC;1;0169;Programme court en psychologie de la personnalité;20041;hiver 2004;21
SHLC;1;0169;Programme court en psychologie de la personnalité;20042;été 2004;11
SHLC;1;0169;Programme court en psychologie de la personnalité;20043;automne 2004;15
SHLC;1;0169;Programme court en psychologie de la personnalité;20051;hiver 2005;26
SHLC;1;0169;Programme court en psychologie de la personnalité;20052;été 2005;15
SHLC;1;0169;Programme court en psychologie de la personnalité;20053;automne 2005;33
SHLC;1;0169;Programme court en psychologie de la personnalité;20061;hiver 2006;18
SHLC;1;0169;Programme court en psychologie de la personnalité;20062;été 2006;12
SHLC;1;0169;Programme court en psychologie de la personnalité;20063;automne 2006;28
SHLC;1;0169;Programme court en psychologie de la personnalité;20071;hiver 2007;21
SHLC;1;0169;Programme court en psychologie de la personnalité;20072;été 2007;16
SHLC;1;0169;Programme court en psychologie de la personnalité;20073;automne 2007;29
SHLC;1;0169;Programme court en psychologie de la personnalité;20081;hiver 2008;11
SHLC;1;0169;Programme court en psychologie de la personnalité;20082;été 2008;7
SHLC;1;0169;Programme court en psychologie de la personnalité;20083;automne 2008;19
SHLC;1;0169;Programme court en psychologie de la personnalité;20091;hiver 2009;13
SHLC;1;0169;Programme court en psychologie de la personnalité;20092;été 2009;11
SHLC;1;0169;Programme court en psychologie de la personnalité;20093;automne 2009;28
SHLC;1;0169;Programme court en psychologie de la personnalité;20101;hiver 2010;22
SHLC;1;0169;Programme court en psychologie de la personnalité;20102;été 2010;7
SHLC;1;0169;Programme court en psychologie de la personnalité;20103;automne 2010;17
SHLC;1;0169;Programme court en psychologie de la personnalité;20111;hiver 2011;12
SHLC;1;0169;Programme court en psychologie de la personnalité;20112;été 2011;7
SHLC;1;0169;Programme court en psychologie de la personnalité;20113;automne 2011;14
SHLC;1;0169;Programme court en psychologie de la personnalité;20121;hiver 2012;19
SHLC;1;0169;Programme court en psychologie de la personnalité;20122;été 2012;15
SHLC;1;0169;Programme court en psychologie de la personnalité;20123;automne 2012;7
SHLC;1;0169;Programme court en psychologie de la personnalité;20131;hiver 2013;12
SHLC;1;0169;Programme court en psychologie de la personnalité;20132;été 2013;8
SHLC;1;0169;Programme court en psychologie de la personnalité;20133;automne 2013;9
SHLC;1;0169;Programme court en psychologie de la personnalité;20141;hiver 2014;8
SHLC;1;0169;Programme court en psychologie de la personnalité;20142;été 2014;11
SHLC;1;0169;Programme court en psychologie de la personnalité;20143;automne 2014;23
SHLC;1;0169;Programme court en psychologie de la personnalité;20151;hiver 2015;28
SHLC;1;0169;Programme court en psychologie de la personnalité;20152;été 2015;11
SHLC;1;0169;Programme court en psychologie de la personnalité;20153;automne 2015;14
SHLC;1;0169;Programme court en psychologie de la personnalité;20161;hiver 2016;19
SHLC;1;0169;Programme court en psychologie de la personnalité;20162;été 2016;18
SHLC;1;0169;Programme court en psychologie de la personnalité;20163;automne 2016;22
SHLC;1;0169;Programme court en psychologie de la personnalité;20171;hiver 2017;25
SHLC;1;0169;Programme court en psychologie de la personnalité;20172;été 2017;23
SHLC;1;0169;Programme court en psychologie de la personnalité;20173;automne 2017;23
SHLC;1;0169;Programme court en psychologie de la personnalité;20181;hiver 2018;21
SHLC;1;0169;Programme court en psychologie de la personnalité;20182;été 2018;13
SHLC;1;0169;Programme court en psychologie de la personnalité;20183;automne 2018;15
SHLC;1;0169;Programme court en psychologie de la personnalité;20191;hiver 2019;17
SHLC;1;0169;Programme court en psychologie de la personnalité;20192;été 2019;1
SHLC;1;0169;Programme court en psychologie de la personnalité;20193;automne 2019;14
SHLC;1;0169;Programme court en psychologie de la personnalité;20201;hiver 2020;16
SHLC;1;0169;Programme court en psychologie de la personnalité;20202;été 2020;22
SHLC;1;0169;Programme court en psychologie de la personnalité;20203;automne 2020;12
SHLC;1;0169;Programme court en psychologie de la personnalité;20211;hiver 2021;15
SHLC;1;0169;Programme court en psychologie de la personnalité;20212;été 2021;8
SHLC;1;0169;Programme court en psychologie de la personnalité;20213;automne 2021;4
SHLC;1;0169;Programme court en psychologie de la personnalité;20221;hiver 2022;6
SHLC;1;0169;Programme court en psychologie de la personnalité;20222;été 2022;1
SHLC;1;0169;Programme court en psychologie de la personnalité;20223;automne 2022;1
SHLC;1;0169;Programme court en psychologie de la personnalité;20232;été 2023;3
ESA;1;0170;Programme court en entrepreneuriat;19803;automne 1980;2
ESA;1;0170;Programme court en entrepreneuriat;19812;été 1981;1
ESA;1;0170;Programme court en entrepreneuriat;19822;été 1982;3
ESA;1;0170;Programme court en entrepreneuriat;19823;automne 1982;4
ESA;1;0170;Programme court en entrepreneuriat;19831;hiver 1983;3
ESA;1;0170;Programme court en entrepreneuriat;19963;automne 1996;23
ESA;1;0170;Programme court en entrepreneuriat;19971;hiver 1997;27
ESA;1;0170;Programme court en entrepreneuriat;19972;été 1997;23
ESA;1;0170;Programme court en entrepreneuriat;19973;automne 1997;37
ESA;1;0170;Programme court en entrepreneuriat;19981;hiver 1998;47
ESA;1;0170;Programme court en entrepreneuriat;19982;été 1998;14
ESA;1;0170;Programme court en entrepreneuriat;19983;automne 1998;35
ESA;1;0170;Programme court en entrepreneuriat;19991;hiver 1999;20
ESA;1;0170;Programme court en entrepreneuriat;19992;été 1999;6
ESA;1;0170;Programme court en entrepreneuriat;19993;automne 1999;20
ESA;1;0170;Programme court en entrepreneuriat;20001;hiver 2000;17
ESA;1;0170;Programme court en entrepreneuriat;20002;été 2000;9
ESA;1;0170;Programme court en entrepreneuriat;20003;automne 2000;26
ESA;1;0170;Programme court en entrepreneuriat;20011;hiver 2001;12
ESA;1;0170;Programme court en entrepreneuriat;20012;été 2001;5
ESA;1;0170;Programme court en entrepreneuriat;20013;automne 2001;13
ESA;1;0170;Programme court en entrepreneuriat;20021;hiver 2002;26
ESA;1;0170;Programme court en entrepreneuriat;20022;été 2002;11
ESA;1;0170;Programme court en entrepreneuriat;20023;automne 2002;43
ESA;1;0170;Programme court en entrepreneuriat;20031;hiver 2003;27
ESA;1;0170;Programme court en entrepreneuriat;20032;été 2003;12
ESA;1;0170;Programme court en entrepreneuriat;20033;automne 2003;29
ESA;1;0170;Programme court en entrepreneuriat;20041;hiver 2004;28
ESA;1;0170;Programme court en entrepreneuriat;20042;été 2004;17
ESA;1;0170;Programme court en entrepreneuriat;20043;automne 2004;35
ESA;1;0170;Programme court en entrepreneuriat;20051;hiver 2005;41
ESA;1;0170;Programme court en entrepreneuriat;20052;été 2005;20
ESA;1;0170;Programme court en entrepreneuriat;20053;automne 2005;37
ESA;1;0170;Programme court en entrepreneuriat;20061;hiver 2006;32
ESA;1;0170;Programme court en entrepreneuriat;20062;été 2006;34
ESA;1;0170;Programme court en entrepreneuriat;20063;automne 2006;33
ESA;1;0170;Programme court en entrepreneuriat;20071;hiver 2007;29
ESA;1;0170;Programme court en entrepreneuriat;20072;été 2007;23
ESA;1;0170;Programme court en entrepreneuriat;20073;automne 2007;52
ESA;1;0170;Programme court en entrepreneuriat;20081;hiver 2008;15
ESA;1;0170;Programme court en entrepreneuriat;20082;été 2008;21
ESA;1;0170;Programme court en entrepreneuriat;20083;automne 2008;34
ESA;1;0170;Programme court en entrepreneuriat;20091;hiver 2009;37
ESA;1;0170;Programme court en entrepreneuriat;20092;été 2009;6
ESA;1;0170;Programme court en entrepreneuriat;20093;automne 2009;9
ESA;1;0170;Programme court en entrepreneuriat;20101;hiver 2010;2
ESA;1;0170;Programme court en entrepreneuriat;20102;été 2010;2
ESA;1;0170;Programme court en entrepreneuriat;20103;automne 2010;1
ESA;1;0170;Programme court en entrepreneuriat;20113;automne 2011;1
SHLC;1;0171;Programme court en enseignement moral;19812;été 1981;3
SHLC;1;0171;Programme court en enseignement moral;19822;été 1982;3
SHLC;1;0171;Programme court en enseignement moral;19993;automne 1999;6
SHLC;1;0171;Programme court en enseignement moral;20001;hiver 2000;9
SHLC;1;0171;Programme court en enseignement moral;20002;été 2000;11
SHLC;1;0171;Programme court en enseignement moral;20003;automne 2000;11
SHLC;1;0171;Programme court en enseignement moral;20011;hiver 2001;5
SHLC;1;0171;Programme court en enseignement moral;20012;été 2001;4
SHLC;1;0171;Programme court en enseignement moral;20013;automne 2001;7
SHLC;1;0171;Programme court en enseignement moral;20021;hiver 2002;4
SHLC;1;0171;Programme court en enseignement moral;20022;été 2002;2
SHLC;1;0171;Programme court en enseignement moral;20023;automne 2002;6
SHLC;1;0171;Programme court en enseignement moral;20031;hiver 2003;3
SHLC;1;0171;Programme court en enseignement moral;20032;été 2003;3
SHLC;1;0171;Programme court en enseignement moral;20033;automne 2003;4
SHLC;1;0171;Programme court en enseignement moral;20041;hiver 2004;8
SHLC;1;0171;Programme court en enseignement moral;20042;été 2004;6
SHLC;1;0171;Programme court en enseignement moral;20043;automne 2004;11
SHLC;1;0171;Programme court en enseignement moral;20051;hiver 2005;5
SHLC;1;0171;Programme court en enseignement moral;20052;été 2005;5
SHLC;1;0171;Programme court en enseignement moral;20053;automne 2005;10
SHLC;1;0171;Programme court en enseignement moral;20061;hiver 2006;13
SHLC;1;0171;Programme court en enseignement moral;20062;été 2006;1
SHLC;1;0171;Programme court en enseignement moral;20063;automne 2006;3
SHLC;1;0171;Programme court en enseignement moral;20071;hiver 2007;4
SHLC;1;0171;Programme court en enseignement moral;20073;automne 2007;1
SHLC;1;0171;Programme court en enseignement moral;20081;hiver 2008;2
ESA;1;0177;Programme court sur mesure d'initiation à la gestion;19963;automne 1996;11
ESA;1;0177;Programme court sur mesure d'initiation à la gestion;19971;hiver 1997;34
ESA;1;0177;Programme court sur mesure d'initiation à la gestion;19972;été 1997;6
ESA;1;0177;Programme court sur mesure d'initiation à la gestion;19973;automne 1997;25
ESA;1;0177;Programme court sur mesure d'initiation à la gestion;19981;hiver 1998;1
ESA;1;0177;Programme court sur mesure d'initiation à la gestion;19983;automne 1998;1
SHLC;1;0199;Programme court de 1er cycle en psychologie sociale;19801;hiver 1980;1
SHLC;1;0199;Programme court de 1er cycle en psychologie sociale;19802;été 1980;1
SHLC;1;0199;Programme court de 1er cycle en psychologie sociale;19831;hiver 1983;1
SHLC;1;0199;Programme court de 1er cycle en psychologie sociale;19833;automne 1983;1
SHLC;1;0199;Programme court de 1er cycle en psychologie sociale;19972;été 1997;4
SHLC;1;0199;Programme court de 1er cycle en psychologie sociale;19973;automne 1997;16
SHLC;1;0199;Programme court de 1er cycle en psychologie sociale;19981;hiver 1998;19
SHLC;1;0199;Programme court de 1er cycle en psychologie sociale;19982;été 1998;8
SHLC;1;0199;Programme court de 1er cycle en psychologie sociale;19983;automne 1998;18
SHLC;1;0199;Programme court de 1er cycle en psychologie sociale;19991;hiver 1999;6
SHLC;1;0199;Programme court de 1er cycle en psychologie sociale;19992;été 1999;4
SHLC;1;0199;Programme court de 1er cycle en psychologie sociale;19993;automne 1999;12
SHLC;1;0199;Programme court de 1er cycle en psychologie sociale;20001;hiver 2000;11
SHLC;1;0199;Programme court de 1er cycle en psychologie sociale;20002;été 2000;6
SHLC;1;0199;Programme court de 1er cycle en psychologie sociale;20003;automne 2000;10
SHLC;1;0199;Programme court de 1er cycle en psychologie sociale;20011;hiver 2001;8
SHLC;1;0199;Programme court de 1er cycle en psychologie sociale;20012;été 2001;2
SHLC;1;0199;Programme court de 1er cycle en psychologie sociale;20013;automne 2001;7
SHLC;1;0199;Programme court de 1er cycle en psychologie sociale;20021;hiver 2002;5
SHLC;1;0199;Programme court de 1er cycle en psychologie sociale;20022;été 2002;5
SHLC;1;0199;Programme court de 1er cycle en psychologie sociale;20023;automne 2002;10
SHLC;1;0199;Programme court de 1er cycle en psychologie sociale;20031;hiver 2003;9
SHLC;1;0199;Programme court de 1er cycle en psychologie sociale;20032;été 2003;1
SHLC;1;0199;Programme court de 1er cycle en psychologie sociale;20033;automne 2003;12
SHLC;1;0199;Programme court de 1er cycle en psychologie sociale;20041;hiver 2004;6
SHLC;1;0199;Programme court de 1er cycle en psychologie sociale;20042;été 2004;8
SHLC;1;0199;Programme court de 1er cycle en psychologie sociale;20043;automne 2004;7
SHLC;1;0199;Programme court de 1er cycle en psychologie sociale;20051;hiver 2005;12
SHLC;1;0199;Programme court de 1er cycle en psychologie sociale;20052;été 2005;9
SHLC;1;0199;Programme court de 1er cycle en psychologie sociale;20053;automne 2005;9
SHLC;1;0199;Programme court de 1er cycle en psychologie sociale;20061;hiver 2006;8
SHLC;1;0199;Programme court de 1er cycle en psychologie sociale;20062;été 2006;3
SHLC;1;0199;Programme court de 1er cycle en psychologie sociale;20063;automne 2006;8
SHLC;1;0199;Programme court de 1er cycle en psychologie sociale;20071;hiver 2007;5
SHLC;1;0199;Programme court de 1er cycle en psychologie sociale;20072;été 2007;4
SHLC;1;0199;Programme court de 1er cycle en psychologie sociale;20073;automne 2007;7
SHLC;1;0199;Programme court de 1er cycle en psychologie sociale;20081;hiver 2008;4
SHLC;1;0199;Programme court de 1er cycle en psychologie sociale;20082;été 2008;1
SHLC;1;0199;Programme court de 1er cycle en psychologie sociale;20083;automne 2008;8
SHLC;1;0199;Programme court de 1er cycle en psychologie sociale;20091;hiver 2009;5
SHLC;1;0199;Programme court de 1er cycle en psychologie sociale;20092;été 2009;5
SHLC;1;0199;Programme court de 1er cycle en psychologie sociale;20093;automne 2009;6
SHLC;1;0199;Programme court de 1er cycle en psychologie sociale;20101;hiver 2010;5
SHLC;1;0199;Programme court de 1er cycle en psychologie sociale;20102;été 2010;8
SHLC;1;0199;Programme court de 1er cycle en psychologie sociale;20103;automne 2010;5
SHLC;1;0199;Programme court de 1er cycle en psychologie sociale;20111;hiver 2011;3
SHLC;1;0199;Programme court de 1er cycle en psychologie sociale;20112;été 2011;3
SHLC;1;0199;Programme court de 1er cycle en psychologie sociale;20113;automne 2011;4
SHLC;1;0199;Programme court de 1er cycle en psychologie sociale;20121;hiver 2012;3
SHLC;1;0199;Programme court de 1er cycle en psychologie sociale;20122;été 2012;5
SHLC;1;0199;Programme court de 1er cycle en psychologie sociale;20123;automne 2012;8
SHLC;1;0199;Programme court de 1er cycle en psychologie sociale;20131;hiver 2013;12
SHLC;1;0199;Programme court de 1er cycle en psychologie sociale;20132;été 2013;3
SHLC;1;0199;Programme court de 1er cycle en psychologie sociale;20133;automne 2013;5
SHLC;1;0199;Programme court de 1er cycle en psychologie sociale;20141;hiver 2014;14
SHLC;1;0199;Programme court de 1er cycle en psychologie sociale;20142;été 2014;6
SHLC;1;0199;Programme court de 1er cycle en psychologie sociale;20143;automne 2014;9
SHLC;1;0199;Programme court de 1er cycle en psychologie sociale;20151;hiver 2015;10
SHLC;1;0199;Programme court de 1er cycle en psychologie sociale;20152;été 2015;7
SHLC;1;0199;Programme court de 1er cycle en psychologie sociale;20153;automne 2015;6
SHLC;1;0199;Programme court de 1er cycle en psychologie sociale;20161;hiver 2016;9
SHLC;1;0199;Programme court de 1er cycle en psychologie sociale;20162;été 2016;10
SHLC;1;0199;Programme court de 1er cycle en psychologie sociale;20163;automne 2016;7
SHLC;1;0199;Programme court de 1er cycle en psychologie sociale;20171;hiver 2017;10
SHLC;1;0199;Programme court de 1er cycle en psychologie sociale;20172;été 2017;7
SHLC;1;0199;Programme court de 1er cycle en psychologie sociale;20173;automne 2017;8
SHLC;1;0199;Programme court de 1er cycle en psychologie sociale;20181;hiver 2018;9
SHLC;1;0199;Programme court de 1er cycle en psychologie sociale;20182;été 2018;9
SHLC;1;0199;Programme court de 1er cycle en psychologie sociale;20183;automne 2018;12
SHLC;1;0199;Programme court de 1er cycle en psychologie sociale;20191;hiver 2019;10
SHLC;1;0199;Programme court de 1er cycle en psychologie sociale;20192;été 2019;2
SHLC;1;0199;Programme court de 1er cycle en psychologie sociale;20193;automne 2019;7
SHLC;1;0199;Programme court de 1er cycle en psychologie sociale;20201;hiver 2020;9
SHLC;1;0199;Programme court de 1er cycle en psychologie sociale;20202;été 2020;18
SHLC;1;0199;Programme court de 1er cycle en psychologie sociale;20203;automne 2020;15
SHLC;1;0199;Programme court de 1er cycle en psychologie sociale;20211;hiver 2021;22
SHLC;1;0199;Programme court de 1er cycle en psychologie sociale;20212;été 2021;20
SHLC;1;0199;Programme court de 1er cycle en psychologie sociale;20213;automne 2021;30
SHLC;1;0199;Programme court de 1er cycle en psychologie sociale;20221;hiver 2022;28
SHLC;1;0199;Programme court de 1er cycle en psychologie sociale;20222;été 2022;26
SHLC;1;0199;Programme court de 1er cycle en psychologie sociale;20223;automne 2022;34
SHLC;1;0199;Programme court de 1er cycle en psychologie sociale;20231;hiver 2023;33
SHLC;1;0199;Programme court de 1er cycle en psychologie sociale;20232;été 2023;21
SHLC;1;0199;Programme court de 1er cycle en psychologie sociale;20233;automne 2023;40
SHLC;1;0199;Programme court de 1er cycle en psychologie sociale;20241;hiver 2024;25
SHLC;1;0199;Programme court de 1er cycle en psychologie sociale;20242;été 2024;22
SHLC;1;0199;Programme court de 1er cycle en psychologie sociale;20243;automne 2024;42
SHLC;1;0199;Programme court de 1er cycle en psychologie sociale;20251;hiver 2025;28
SHLC;1;0199;Programme court de 1er cycle en psychologie sociale;20252;été 2025;16
SHLC;1;0199;Programme court de 1er cycle en psychologie sociale;20253;automne 2025;33
SHLC;1;0199;Programme court de 1er cycle en psychologie sociale;20261;hiver 2026;21
SHLC;1;0199;Programme court de 1er cycle en psychologie sociale;20262;été 2026;9
SHLC;1;0202;Programme court en enseignement de l'anglais langue seconde;19811;hiver 1981;3
SHLC;1;0202;Programme court en enseignement de l'anglais langue seconde;19981;hiver 1998;1
SHLC;1;0202;Programme court en enseignement de l'anglais langue seconde;19982;été 1998;2
SHLC;1;0202;Programme court en enseignement de l'anglais langue seconde;19983;automne 1998;9
SHLC;1;0202;Programme court en enseignement de l'anglais langue seconde;19991;hiver 1999;8
SHLC;1;0202;Programme court en enseignement de l'anglais langue seconde;19992;été 1999;5
SHLC;1;0202;Programme court en enseignement de l'anglais langue seconde;19993;automne 1999;10
SHLC;1;0202;Programme court en enseignement de l'anglais langue seconde;20001;hiver 2000;4
SHLC;1;0202;Programme court en enseignement de l'anglais langue seconde;20002;été 2000;3
SHLC;1;0202;Programme court en enseignement de l'anglais langue seconde;20003;automne 2000;6
SHLC;1;0202;Programme court en enseignement de l'anglais langue seconde;20011;hiver 2001;12
SHLC;1;0202;Programme court en enseignement de l'anglais langue seconde;20012;été 2001;8
SHLC;1;0202;Programme court en enseignement de l'anglais langue seconde;20013;automne 2001;6
SHLC;1;0202;Programme court en enseignement de l'anglais langue seconde;20021;hiver 2002;16
SHLC;1;0202;Programme court en enseignement de l'anglais langue seconde;20022;été 2002;12
SHLC;1;0202;Programme court en enseignement de l'anglais langue seconde;20023;automne 2002;25
SHLC;1;0202;Programme court en enseignement de l'anglais langue seconde;20031;hiver 2003;18
SHLC;1;0202;Programme court en enseignement de l'anglais langue seconde;20032;été 2003;15
SHLC;1;0202;Programme court en enseignement de l'anglais langue seconde;20033;automne 2003;19
SHLC;1;0202;Programme court en enseignement de l'anglais langue seconde;20041;hiver 2004;13
SHLC;1;0202;Programme court en enseignement de l'anglais langue seconde;20042;été 2004;13
SHLC;1;0202;Programme court en enseignement de l'anglais langue seconde;20043;automne 2004;8
SHLC;1;0202;Programme court en enseignement de l'anglais langue seconde;20051;hiver 2005;20
SHLC;1;0202;Programme court en enseignement de l'anglais langue seconde;20052;été 2005;8
SHLC;1;0202;Programme court en enseignement de l'anglais langue seconde;20053;automne 2005;7
SHLC;1;0202;Programme court en enseignement de l'anglais langue seconde;20061;hiver 2006;1
SHLC;1;0202;Programme court en enseignement de l'anglais langue seconde;20062;été 2006;2
SHLC;1;0202;Programme court en enseignement de l'anglais langue seconde;20063;automne 2006;2
ED;1;0203;Programme court d'initiation en formation à distance;19821;hiver 1982;1
ED;1;0203;Programme court d'initiation en formation à distance;19973;automne 1997;5
ED;1;0203;Programme court d'initiation en formation à distance;19981;hiver 1998;4
ED;1;0203;Programme court d'initiation en formation à distance;19982;été 1998;3
ED;1;0203;Programme court d'initiation en formation à distance;19983;automne 1998;8
ED;1;0203;Programme court d'initiation en formation à distance;19991;hiver 1999;3
ED;1;0203;Programme court d'initiation en formation à distance;19992;été 1999;1
ED;1;0203;Programme court d'initiation en formation à distance;19993;automne 1999;6
ED;1;0203;Programme court d'initiation en formation à distance;20001;hiver 2000;7
ED;1;0203;Programme court d'initiation en formation à distance;20002;été 2000;6
ED;1;0203;Programme court d'initiation en formation à distance;20003;automne 2000;3
ED;1;0203;Programme court d'initiation en formation à distance;20011;hiver 2001;147
ED;1;0203;Programme court d'initiation en formation à distance;20012;été 2001;3
ED;1;0203;Programme court d'initiation en formation à distance;20013;automne 2001;8
ED;1;0203;Programme court d'initiation en formation à distance;20021;hiver 2002;127
ED;1;0203;Programme court d'initiation en formation à distance;20022;été 2002;7
ED;1;0203;Programme court d'initiation en formation à distance;20023;automne 2002;13
ED;1;0203;Programme court d'initiation en formation à distance;20031;hiver 2003;8
ED;1;0203;Programme court d'initiation en formation à distance;20032;été 2003;8
ED;1;0203;Programme court d'initiation en formation à distance;20033;automne 2003;14
ED;1;0203;Programme court d'initiation en formation à distance;20041;hiver 2004;12
ED;1;0203;Programme court d'initiation en formation à distance;20042;été 2004;17
ED;1;0203;Programme court d'initiation en formation à distance;20043;automne 2004;6
ED;1;0203;Programme court d'initiation en formation à distance;20051;hiver 2005;10
ED;1;0203;Programme court d'initiation en formation à distance;20052;été 2005;11
ED;1;0203;Programme court d'initiation en formation à distance;20053;automne 2005;4
ED;1;0203;Programme court d'initiation en formation à distance;20061;hiver 2006;5
ED;1;0203;Programme court d'initiation en formation à distance;20062;été 2006;11
ED;1;0203;Programme court d'initiation en formation à distance;20063;automne 2006;2
ED;1;0203;Programme court d'initiation en formation à distance;20071;hiver 2007;16
ED;1;0203;Programme court d'initiation en formation à distance;20072;été 2007;8
ED;1;0203;Programme court d'initiation en formation à distance;20073;automne 2007;5
ED;1;0203;Programme court d'initiation en formation à distance;20081;hiver 2008;4
ED;1;0203;Programme court d'initiation en formation à distance;20082;été 2008;2
ED;1;0203;Programme court d'initiation en formation à distance;20083;automne 2008;6
ED;1;0203;Programme court d'initiation en formation à distance;20091;hiver 2009;5
ED;1;0203;Programme court d'initiation en formation à distance;20092;été 2009;4
ED;1;0203;Programme court d'initiation en formation à distance;20093;automne 2009;8
ED;1;0203;Programme court d'initiation en formation à distance;20101;hiver 2010;3
ED;1;0203;Programme court d'initiation en formation à distance;20102;été 2010;7
ED;1;0203;Programme court d'initiation en formation à distance;20103;automne 2010;8
ED;1;0203;Programme court d'initiation en formation à distance;20111;hiver 2011;7
ED;1;0203;Programme court d'initiation en formation à distance;20112;été 2011;10
ED;1;0203;Programme court d'initiation en formation à distance;20113;automne 2011;8
ED;1;0203;Programme court d'initiation en formation à distance;20121;hiver 2012;4
ED;1;0203;Programme court d'initiation en formation à distance;20122;été 2012;1
ED;1;0203;Programme court d'initiation en formation à distance;20131;hiver 2013;2
SHLC;1;0225;Programme court de 1er cycle en communication appliquée aux relations publiques;20003;automne 2000;26
SHLC;1;0225;Programme court de 1er cycle en communication appliquée aux relations publiques;20011;hiver 2001;11
SHLC;1;0225;Programme court de 1er cycle en communication appliquée aux relations publiques;20012;été 2001;12
SHLC;1;0225;Programme court de 1er cycle en communication appliquée aux relations publiques;20013;automne 2001;26
SHLC;1;0225;Programme court de 1er cycle en communication appliquée aux relations publiques;20021;hiver 2002;28
SHLC;1;0225;Programme court de 1er cycle en communication appliquée aux relations publiques;20022;été 2002;22
SHLC;1;0225;Programme court de 1er cycle en communication appliquée aux relations publiques;20023;automne 2002;52
SHLC;1;0225;Programme court de 1er cycle en communication appliquée aux relations publiques;20031;hiver 2003;32
SHLC;1;0225;Programme court de 1er cycle en communication appliquée aux relations publiques;20032;été 2003;12
SHLC;1;0225;Programme court de 1er cycle en communication appliquée aux relations publiques;20033;automne 2003;41
SHLC;1;0225;Programme court de 1er cycle en communication appliquée aux relations publiques;20041;hiver 2004;40
SHLC;1;0225;Programme court de 1er cycle en communication appliquée aux relations publiques;20042;été 2004;31
SHLC;1;0225;Programme court de 1er cycle en communication appliquée aux relations publiques;20043;automne 2004;39
SHLC;1;0225;Programme court de 1er cycle en communication appliquée aux relations publiques;20051;hiver 2005;48
SHLC;1;0225;Programme court de 1er cycle en communication appliquée aux relations publiques;20052;été 2005;24
SHLC;1;0225;Programme court de 1er cycle en communication appliquée aux relations publiques;20053;automne 2005;37
SHLC;1;0225;Programme court de 1er cycle en communication appliquée aux relations publiques;20061;hiver 2006;50
SHLC;1;0225;Programme court de 1er cycle en communication appliquée aux relations publiques;20062;été 2006;18
SHLC;1;0225;Programme court de 1er cycle en communication appliquée aux relations publiques;20063;automne 2006;62
SHLC;1;0225;Programme court de 1er cycle en communication appliquée aux relations publiques;20071;hiver 2007;38
SHLC;1;0225;Programme court de 1er cycle en communication appliquée aux relations publiques;20072;été 2007;25
SHLC;1;0225;Programme court de 1er cycle en communication appliquée aux relations publiques;20073;automne 2007;57
SHLC;1;0225;Programme court de 1er cycle en communication appliquée aux relations publiques;20081;hiver 2008;38
SHLC;1;0225;Programme court de 1er cycle en communication appliquée aux relations publiques;20082;été 2008;28
SHLC;1;0225;Programme court de 1er cycle en communication appliquée aux relations publiques;20083;automne 2008;77
SHLC;1;0225;Programme court de 1er cycle en communication appliquée aux relations publiques;20091;hiver 2009;41
SHLC;1;0225;Programme court de 1er cycle en communication appliquée aux relations publiques;20092;été 2009;16
SHLC;1;0225;Programme court de 1er cycle en communication appliquée aux relations publiques;20093;automne 2009;43
SHLC;1;0225;Programme court de 1er cycle en communication appliquée aux relations publiques;20101;hiver 2010;40
SHLC;1;0225;Programme court de 1er cycle en communication appliquée aux relations publiques;20102;été 2010;22
SHLC;1;0225;Programme court de 1er cycle en communication appliquée aux relations publiques;20103;automne 2010;35
SHLC;1;0225;Programme court de 1er cycle en communication appliquée aux relations publiques;20111;hiver 2011;27
SHLC;1;0225;Programme court de 1er cycle en communication appliquée aux relations publiques;20112;été 2011;32
SHLC;1;0225;Programme court de 1er cycle en communication appliquée aux relations publiques;20113;automne 2011;26
SHLC;1;0225;Programme court de 1er cycle en communication appliquée aux relations publiques;20121;hiver 2012;35
SHLC;1;0225;Programme court de 1er cycle en communication appliquée aux relations publiques;20122;été 2012;20
SHLC;1;0225;Programme court de 1er cycle en communication appliquée aux relations publiques;20123;automne 2012;34
SHLC;1;0225;Programme court de 1er cycle en communication appliquée aux relations publiques;20131;hiver 2013;46
SHLC;1;0225;Programme court de 1er cycle en communication appliquée aux relations publiques;20132;été 2013;19
SHLC;1;0225;Programme court de 1er cycle en communication appliquée aux relations publiques;20133;automne 2013;33
SHLC;1;0225;Programme court de 1er cycle en communication appliquée aux relations publiques;20141;hiver 2014;40
SHLC;1;0225;Programme court de 1er cycle en communication appliquée aux relations publiques;20142;été 2014;16
SHLC;1;0225;Programme court de 1er cycle en communication appliquée aux relations publiques;20143;automne 2014;64
SHLC;1;0225;Programme court de 1er cycle en communication appliquée aux relations publiques;20151;hiver 2015;51
SHLC;1;0225;Programme court de 1er cycle en communication appliquée aux relations publiques;20152;été 2015;27
SHLC;1;0225;Programme court de 1er cycle en communication appliquée aux relations publiques;20153;automne 2015;32
SHLC;1;0225;Programme court de 1er cycle en communication appliquée aux relations publiques;20161;hiver 2016;47
SHLC;1;0225;Programme court de 1er cycle en communication appliquée aux relations publiques;20162;été 2016;31
SHLC;1;0225;Programme court de 1er cycle en communication appliquée aux relations publiques;20163;automne 2016;39
SHLC;1;0225;Programme court de 1er cycle en communication appliquée aux relations publiques;20171;hiver 2017;38
SHLC;1;0225;Programme court de 1er cycle en communication appliquée aux relations publiques;20172;été 2017;26
SHLC;1;0225;Programme court de 1er cycle en communication appliquée aux relations publiques;20173;automne 2017;29
SHLC;1;0225;Programme court de 1er cycle en communication appliquée aux relations publiques;20181;hiver 2018;46
SHLC;1;0225;Programme court de 1er cycle en communication appliquée aux relations publiques;20182;été 2018;21
SHLC;1;0225;Programme court de 1er cycle en communication appliquée aux relations publiques;20183;automne 2018;28
SHLC;1;0225;Programme court de 1er cycle en communication appliquée aux relations publiques;20191;hiver 2019;16
SHLC;1;0225;Programme court de 1er cycle en communication appliquée aux relations publiques;20192;été 2019;18
SHLC;1;0225;Programme court de 1er cycle en communication appliquée aux relations publiques;20193;automne 2019;17
SHLC;1;0225;Programme court de 1er cycle en communication appliquée aux relations publiques;20201;hiver 2020;18
SHLC;1;0225;Programme court de 1er cycle en communication appliquée aux relations publiques;20202;été 2020;23
SHLC;1;0225;Programme court de 1er cycle en communication appliquée aux relations publiques;20203;automne 2020;22
SHLC;1;0225;Programme court de 1er cycle en communication appliquée aux relations publiques;20211;hiver 2021;30
SHLC;1;0225;Programme court de 1er cycle en communication appliquée aux relations publiques;20212;été 2021;10
SHLC;1;0225;Programme court de 1er cycle en communication appliquée aux relations publiques;20213;automne 2021;27
SHLC;1;0225;Programme court de 1er cycle en communication appliquée aux relations publiques;20221;hiver 2022;19
SHLC;1;0225;Programme court de 1er cycle en communication appliquée aux relations publiques;20222;été 2022;11
SHLC;1;0225;Programme court de 1er cycle en communication appliquée aux relations publiques;20223;automne 2022;28
SHLC;1;0225;Programme court de 1er cycle en communication appliquée aux relations publiques;20231;hiver 2023;30
SHLC;1;0225;Programme court de 1er cycle en communication appliquée aux relations publiques;20232;été 2023;9
SHLC;1;0225;Programme court de 1er cycle en communication appliquée aux relations publiques;20233;automne 2023;11
SHLC;1;0225;Programme court de 1er cycle en communication appliquée aux relations publiques;20241;hiver 2024;15
SHLC;1;0225;Programme court de 1er cycle en communication appliquée aux relations publiques;20242;été 2024;11
SHLC;1;0225;Programme court de 1er cycle en communication appliquée aux relations publiques;20243;automne 2024;31
SHLC;1;0225;Programme court de 1er cycle en communication appliquée aux relations publiques;20251;hiver 2025;26
SHLC;1;0225;Programme court de 1er cycle en communication appliquée aux relations publiques;20252;été 2025;17
SHLC;1;0225;Programme court de 1er cycle en communication appliquée aux relations publiques;20253;automne 2025;23
SHLC;1;0225;Programme court de 1er cycle en communication appliquée aux relations publiques;20261;hiver 2026;24
SHLC;1;0225;Programme court de 1er cycle en communication appliquée aux relations publiques;20262;été 2026;12
SHLC;1;0228;Programme court de 1er cycle en psychologie du développement;19991;hiver 1999;1
SHLC;1;0228;Programme court de 1er cycle en psychologie du développement;19992;été 1999;1
SHLC;1;0228;Programme court de 1er cycle en psychologie du développement;19993;automne 1999;4
SHLC;1;0228;Programme court de 1er cycle en psychologie du développement;20001;hiver 2000;7
SHLC;1;0228;Programme court de 1er cycle en psychologie du développement;20002;été 2000;2
SHLC;1;0228;Programme court de 1er cycle en psychologie du développement;20003;automne 2000;6
SHLC;1;0228;Programme court de 1er cycle en psychologie du développement;20011;hiver 2001;5
SHLC;1;0228;Programme court de 1er cycle en psychologie du développement;20012;été 2001;7
SHLC;1;0228;Programme court de 1er cycle en psychologie du développement;20013;automne 2001;11
SHLC;1;0228;Programme court de 1er cycle en psychologie du développement;20021;hiver 2002;10
SHLC;1;0228;Programme court de 1er cycle en psychologie du développement;20022;été 2002;7
SHLC;1;0228;Programme court de 1er cycle en psychologie du développement;20023;automne 2002;14
SHLC;1;0228;Programme court de 1er cycle en psychologie du développement;20031;hiver 2003;14
SHLC;1;0228;Programme court de 1er cycle en psychologie du développement;20032;été 2003;7
SHLC;1;0228;Programme court de 1er cycle en psychologie du développement;20033;automne 2003;17
SHLC;1;0228;Programme court de 1er cycle en psychologie du développement;20041;hiver 2004;10
SHLC;1;0228;Programme court de 1er cycle en psychologie du développement;20042;été 2004;6
SHLC;1;0228;Programme court de 1er cycle en psychologie du développement;20043;automne 2004;11
SHLC;1;0228;Programme court de 1er cycle en psychologie du développement;20051;hiver 2005;20
SHLC;1;0228;Programme court de 1er cycle en psychologie du développement;20052;été 2005;6
SHLC;1;0228;Programme court de 1er cycle en psychologie du développement;20053;automne 2005;15
SHLC;1;0228;Programme court de 1er cycle en psychologie du développement;20061;hiver 2006;13
SHLC;1;0228;Programme court de 1er cycle en psychologie du développement;20062;été 2006;9
SHLC;1;0228;Programme court de 1er cycle en psychologie du développement;20063;automne 2006;26
SHLC;1;0228;Programme court de 1er cycle en psychologie du développement;20071;hiver 2007;23
SHLC;1;0228;Programme court de 1er cycle en psychologie du développement;20072;été 2007;9
SHLC;1;0228;Programme court de 1er cycle en psychologie du développement;20073;automne 2007;16
SHLC;1;0228;Programme court de 1er cycle en psychologie du développement;20081;hiver 2008;28
SHLC;1;0228;Programme court de 1er cycle en psychologie du développement;20082;été 2008;3
SHLC;1;0228;Programme court de 1er cycle en psychologie du développement;20083;automne 2008;17
SHLC;1;0228;Programme court de 1er cycle en psychologie du développement;20091;hiver 2009;13
SHLC;1;0228;Programme court de 1er cycle en psychologie du développement;20092;été 2009;8
SHLC;1;0228;Programme court de 1er cycle en psychologie du développement;20093;automne 2009;12
SHLC;1;0228;Programme court de 1er cycle en psychologie du développement;20101;hiver 2010;15
SHLC;1;0228;Programme court de 1er cycle en psychologie du développement;20102;été 2010;10
SHLC;1;0228;Programme court de 1er cycle en psychologie du développement;20103;automne 2010;12
SHLC;1;0228;Programme court de 1er cycle en psychologie du développement;20111;hiver 2011;11
SHLC;1;0228;Programme court de 1er cycle en psychologie du développement;20112;été 2011;3
SHLC;1;0228;Programme court de 1er cycle en psychologie du développement;20113;automne 2011;13
SHLC;1;0228;Programme court de 1er cycle en psychologie du développement;20121;hiver 2012;17
SHLC;1;0228;Programme court de 1er cycle en psychologie du développement;20122;été 2012;13
SHLC;1;0228;Programme court de 1er cycle en psychologie du développement;20123;automne 2012;14
SHLC;1;0228;Programme court de 1er cycle en psychologie du développement;20131;hiver 2013;8
SHLC;1;0228;Programme court de 1er cycle en psychologie du développement;20132;été 2013;16
SHLC;1;0228;Programme court de 1er cycle en psychologie du développement;20133;automne 2013;7
SHLC;1;0228;Programme court de 1er cycle en psychologie du développement;20141;hiver 2014;9
SHLC;1;0228;Programme court de 1er cycle en psychologie du développement;20142;été 2014;11
SHLC;1;0228;Programme court de 1er cycle en psychologie du développement;20143;automne 2014;16
SHLC;1;0228;Programme court de 1er cycle en psychologie du développement;20151;hiver 2015;19
SHLC;1;0228;Programme court de 1er cycle en psychologie du développement;20152;été 2015;9
SHLC;1;0228;Programme court de 1er cycle en psychologie du développement;20153;automne 2015;12
SHLC;1;0228;Programme court de 1er cycle en psychologie du développement;20161;hiver 2016;14
SHLC;1;0228;Programme court de 1er cycle en psychologie du développement;20162;été 2016;17
SHLC;1;0228;Programme court de 1er cycle en psychologie du développement;20163;automne 2016;4
SHLC;1;0228;Programme court de 1er cycle en psychologie du développement;20171;hiver 2017;18
SHLC;1;0228;Programme court de 1er cycle en psychologie du développement;20172;été 2017;6
SHLC;1;0228;Programme court de 1er cycle en psychologie du développement;20173;automne 2017;18
SHLC;1;0228;Programme court de 1er cycle en psychologie du développement;20181;hiver 2018;17
SHLC;1;0228;Programme court de 1er cycle en psychologie du développement;20182;été 2018;15
SHLC;1;0228;Programme court de 1er cycle en psychologie du développement;20183;automne 2018;16
SHLC;1;0228;Programme court de 1er cycle en psychologie du développement;20191;hiver 2019;11
SHLC;1;0228;Programme court de 1er cycle en psychologie du développement;20192;été 2019;10
SHLC;1;0228;Programme court de 1er cycle en psychologie du développement;20193;automne 2019;17
SHLC;1;0228;Programme court de 1er cycle en psychologie du développement;20201;hiver 2020;15
SHLC;1;0228;Programme court de 1er cycle en psychologie du développement;20202;été 2020;25
SHLC;1;0228;Programme court de 1er cycle en psychologie du développement;20203;automne 2020;16
SHLC;1;0228;Programme court de 1er cycle en psychologie du développement;20211;hiver 2021;28
SHLC;1;0228;Programme court de 1er cycle en psychologie du développement;20212;été 2021;13
SHLC;1;0228;Programme court de 1er cycle en psychologie du développement;20213;automne 2021;21
SHLC;1;0228;Programme court de 1er cycle en psychologie du développement;20221;hiver 2022;20
SHLC;1;0228;Programme court de 1er cycle en psychologie du développement;20222;été 2022;15
SHLC;1;0228;Programme court de 1er cycle en psychologie du développement;20223;automne 2022;16
SHLC;1;0228;Programme court de 1er cycle en psychologie du développement;20231;hiver 2023;24
SHLC;1;0228;Programme court de 1er cycle en psychologie du développement;20232;été 2023;20
SHLC;1;0228;Programme court de 1er cycle en psychologie du développement;20233;automne 2023;34
SHLC;1;0228;Programme court de 1er cycle en psychologie du développement;20241;hiver 2024;20
SHLC;1;0228;Programme court de 1er cycle en psychologie du développement;20242;été 2024;16
SHLC;1;0228;Programme court de 1er cycle en psychologie du développement;20243;automne 2024;20
SHLC;1;0228;Programme court de 1er cycle en psychologie du développement;20251;hiver 2025;11
SHLC;1;0228;Programme court de 1er cycle en psychologie du développement;20252;été 2025;10
SHLC;1;0228;Programme court de 1er cycle en psychologie du développement;20253;automne 2025;19
SHLC;1;0228;Programme court de 1er cycle en psychologie du développement;20261;hiver 2026;17
SHLC;1;0228;Programme court de 1er cycle en psychologie du développement;20262;été 2026;14
SHLC;1;0229;Programme court de 1er cycle en français langue seconde;20153;automne 2015;172
SHLC;1;0229;Programme court de 1er cycle en français langue seconde;20161;hiver 2016;340
SHLC;1;0229;Programme court de 1er cycle en français langue seconde;20162;été 2016;213
SHLC;1;0229;Programme court de 1er cycle en français langue seconde;20163;automne 2016;275
SHLC;1;0229;Programme court de 1er cycle en français langue seconde;20171;hiver 2017;2121
SHLC;1;0229;Programme court de 1er cycle en français langue seconde;20172;été 2017;1624
SHLC;1;0229;Programme court de 1er cycle en français langue seconde;20173;automne 2017;2117
SHLC;1;0229;Programme court de 1er cycle en français langue seconde;20181;hiver 2018;2143
SHLC;1;0229;Programme court de 1er cycle en français langue seconde;20182;été 2018;848
SHLC;1;0229;Programme court de 1er cycle en français langue seconde;20183;automne 2018;69
SHLC;1;0229;Programme court de 1er cycle en français langue seconde;20191;hiver 2019;55
SHLC;1;0229;Programme court de 1er cycle en français langue seconde;20192;été 2019;12
SHLC;1;0229;Programme court de 1er cycle en français langue seconde;20193;automne 2019;66
SHLC;1;0229;Programme court de 1er cycle en français langue seconde;20201;hiver 2020;51
SHLC;1;0229;Programme court de 1er cycle en français langue seconde;20202;été 2020;13
SHLC;1;0229;Programme court de 1er cycle en français langue seconde;20203;automne 2020;29
SHLC;1;0229;Programme court de 1er cycle en français langue seconde;20211;hiver 2021;23
SHLC;1;0229;Programme court de 1er cycle en français langue seconde;20212;été 2021;18
SHLC;1;0229;Programme court de 1er cycle en français langue seconde;20213;automne 2021;29
SHLC;1;0229;Programme court de 1er cycle en français langue seconde;20221;hiver 2022;33
SHLC;1;0229;Programme court de 1er cycle en français langue seconde;20222;été 2022;28
SHLC;1;0229;Programme court de 1er cycle en français langue seconde;20223;automne 2022;31
SHLC;1;0229;Programme court de 1er cycle en français langue seconde;20231;hiver 2023;24
SHLC;1;0229;Programme court de 1er cycle en français langue seconde;20232;été 2023;20
SHLC;1;0229;Programme court de 1er cycle en français langue seconde;20233;automne 2023;25
SHLC;1;0229;Programme court de 1er cycle en français langue seconde;20241;hiver 2024;27
SHLC;1;0229;Programme court de 1er cycle en français langue seconde;20242;été 2024;22
SHLC;1;0229;Programme court de 1er cycle en français langue seconde;20243;automne 2024;26
SHLC;1;0229;Programme court de 1er cycle en français langue seconde;20251;hiver 2025;43
SHLC;1;0229;Programme court de 1er cycle en français langue seconde;20252;été 2025;32
SHLC;1;0229;Programme court de 1er cycle en français langue seconde;20253;automne 2025;50
SHLC;1;0229;Programme court de 1er cycle en français langue seconde;20261;hiver 2026;55
SHLC;1;0229;Programme court de 1er cycle en français langue seconde;20262;été 2026;19
SHLC;1;0248;Programme court en soins infirmiers;19833;automne 1983;1
SHLC;1;0248;Programme court en soins infirmiers;19981;hiver 1998;2
SHLC;1;0248;Programme court en soins infirmiers;19983;automne 1998;7
SHLC;1;0248;Programme court en soins infirmiers;19991;hiver 1999;4
SHLC;1;0248;Programme court en soins infirmiers;19992;été 1999;2
SHLC;1;0248;Programme court en soins infirmiers;19993;automne 1999;9
SHLC;1;0248;Programme court en soins infirmiers;20001;hiver 2000;10
SHLC;1;0248;Programme court en soins infirmiers;20002;été 2000;1
SHLC;1;0248;Programme court en soins infirmiers;20003;automne 2000;12
SHLC;1;0248;Programme court en soins infirmiers;20011;hiver 2001;7
SHLC;1;0248;Programme court en soins infirmiers;20012;été 2001;4
SHLC;1;0248;Programme court en soins infirmiers;20013;automne 2001;4
SHLC;1;0248;Programme court en soins infirmiers;20021;hiver 2002;3
SHLC;1;0248;Programme court en soins infirmiers;20022;été 2002;4
SHLC;1;0248;Programme court en soins infirmiers;20023;automne 2002;5
SHLC;1;0248;Programme court en soins infirmiers;20031;hiver 2003;5
SHLC;1;0248;Programme court en soins infirmiers;20032;été 2003;3
SHLC;1;0248;Programme court en soins infirmiers;20033;automne 2003;6
SHLC;1;0248;Programme court en soins infirmiers;20041;hiver 2004;1
SHLC;1;0248;Programme court en soins infirmiers;20043;automne 2004;2
SHLC;1;0248;Programme court en soins infirmiers;20051;hiver 2005;8
SHLC;1;0248;Programme court en soins infirmiers;20053;automne 2005;3
SHLC;1;0248;Programme court en soins infirmiers;20061;hiver 2006;9
SHLC;1;0248;Programme court en soins infirmiers;20063;automne 2006;2
SHLC;1;0248;Programme court en soins infirmiers;20071;hiver 2007;3
SHLC;1;0248;Programme court en soins infirmiers;20073;automne 2007;1
SHLC;1;0248;Programme court en soins infirmiers;20083;automne 2008;1
ST;1;0257;Programme court en applications professionnelles de la bureautique et d'Internet;20013;automne 2001;15
ST;1;0257;Programme court en applications professionnelles de la bureautique et d'Internet;20021;hiver 2002;19
ST;1;0257;Programme court en applications professionnelles de la bureautique et d'Internet;20022;été 2002;8
ST;1;0257;Programme court en applications professionnelles de la bureautique et d'Internet;20023;automne 2002;36
ST;1;0257;Programme court en applications professionnelles de la bureautique et d'Internet;20031;hiver 2003;69
ST;1;0257;Programme court en applications professionnelles de la bureautique et d'Internet;20032;été 2003;33
ST;1;0257;Programme court en applications professionnelles de la bureautique et d'Internet;20033;automne 2003;55
ST;1;0257;Programme court en applications professionnelles de la bureautique et d'Internet;20041;hiver 2004;45
ST;1;0257;Programme court en applications professionnelles de la bureautique et d'Internet;20042;été 2004;21
ST;1;0257;Programme court en applications professionnelles de la bureautique et d'Internet;20043;automne 2004;41
ST;1;0257;Programme court en applications professionnelles de la bureautique et d'Internet;20051;hiver 2005;64
ST;1;0257;Programme court en applications professionnelles de la bureautique et d'Internet;20052;été 2005;51
ST;1;0257;Programme court en applications professionnelles de la bureautique et d'Internet;20053;automne 2005;43
ST;1;0257;Programme court en applications professionnelles de la bureautique et d'Internet;20061;hiver 2006;22
ST;1;0257;Programme court en applications professionnelles de la bureautique et d'Internet;20062;été 2006;9
ST;1;0257;Programme court en applications professionnelles de la bureautique et d'Internet;20063;automne 2006;7
ST;1;0257;Programme court en applications professionnelles de la bureautique et d'Internet;20071;hiver 2007;6
ST;1;0257;Programme court en applications professionnelles de la bureautique et d'Internet;20072;été 2007;2
ST;1;0257;Programme court en applications professionnelles de la bureautique et d'Internet;20073;automne 2007;4
ST;1;0257;Programme court en applications professionnelles de la bureautique et d'Internet;20081;hiver 2008;1
SHLC;1;0259;Programme court de 1er cycle d'introduction à la psychologie;19803;automne 1980;1
SHLC;1;0259;Programme court de 1er cycle d'introduction à la psychologie;19983;automne 1998;6
SHLC;1;0259;Programme court de 1er cycle d'introduction à la psychologie;19991;hiver 1999;4
SHLC;1;0259;Programme court de 1er cycle d'introduction à la psychologie;19992;été 1999;4
SHLC;1;0259;Programme court de 1er cycle d'introduction à la psychologie;19993;automne 1999;16
SHLC;1;0259;Programme court de 1er cycle d'introduction à la psychologie;20001;hiver 2000;11
SHLC;1;0259;Programme court de 1er cycle d'introduction à la psychologie;20002;été 2000;4
SHLC;1;0259;Programme court de 1er cycle d'introduction à la psychologie;20003;automne 2000;16
SHLC;1;0259;Programme court de 1er cycle d'introduction à la psychologie;20011;hiver 2001;13
SHLC;1;0259;Programme court de 1er cycle d'introduction à la psychologie;20012;été 2001;7
SHLC;1;0259;Programme court de 1er cycle d'introduction à la psychologie;20013;automne 2001;12
SHLC;1;0259;Programme court de 1er cycle d'introduction à la psychologie;20021;hiver 2002;14
SHLC;1;0259;Programme court de 1er cycle d'introduction à la psychologie;20022;été 2002;7
SHLC;1;0259;Programme court de 1er cycle d'introduction à la psychologie;20023;automne 2002;10
SHLC;1;0259;Programme court de 1er cycle d'introduction à la psychologie;20031;hiver 2003;22
SHLC;1;0259;Programme court de 1er cycle d'introduction à la psychologie;20032;été 2003;17
SHLC;1;0259;Programme court de 1er cycle d'introduction à la psychologie;20033;automne 2003;17
SHLC;1;0259;Programme court de 1er cycle d'introduction à la psychologie;20041;hiver 2004;17
SHLC;1;0259;Programme court de 1er cycle d'introduction à la psychologie;20042;été 2004;12
SHLC;1;0259;Programme court de 1er cycle d'introduction à la psychologie;20043;automne 2004;22
SHLC;1;0259;Programme court de 1er cycle d'introduction à la psychologie;20051;hiver 2005;20
SHLC;1;0259;Programme court de 1er cycle d'introduction à la psychologie;20052;été 2005;10
SHLC;1;0259;Programme court de 1er cycle d'introduction à la psychologie;20053;automne 2005;19
SHLC;1;0259;Programme court de 1er cycle d'introduction à la psychologie;20061;hiver 2006;27
SHLC;1;0259;Programme court de 1er cycle d'introduction à la psychologie;20062;été 2006;17
SHLC;1;0259;Programme court de 1er cycle d'introduction à la psychologie;20063;automne 2006;26
SHLC;1;0259;Programme court de 1er cycle d'introduction à la psychologie;20071;hiver 2007;24
SHLC;1;0259;Programme court de 1er cycle d'introduction à la psychologie;20072;été 2007;9
SHLC;1;0259;Programme court de 1er cycle d'introduction à la psychologie;20073;automne 2007;25
SHLC;1;0259;Programme court de 1er cycle d'introduction à la psychologie;20081;hiver 2008;8
SHLC;1;0259;Programme court de 1er cycle d'introduction à la psychologie;20082;été 2008;12
SHLC;1;0259;Programme court de 1er cycle d'introduction à la psychologie;20083;automne 2008;27
SHLC;1;0259;Programme court de 1er cycle d'introduction à la psychologie;20091;hiver 2009;22
SHLC;1;0259;Programme court de 1er cycle d'introduction à la psychologie;20092;été 2009;9
SHLC;1;0259;Programme court de 1er cycle d'introduction à la psychologie;20093;automne 2009;25
SHLC;1;0259;Programme court de 1er cycle d'introduction à la psychologie;20101;hiver 2010;20
SHLC;1;0259;Programme court de 1er cycle d'introduction à la psychologie;20102;été 2010;17
SHLC;1;0259;Programme court de 1er cycle d'introduction à la psychologie;20103;automne 2010;22
SHLC;1;0259;Programme court de 1er cycle d'introduction à la psychologie;20111;hiver 2011;25
SHLC;1;0259;Programme court de 1er cycle d'introduction à la psychologie;20112;été 2011;15
SHLC;1;0259;Programme court de 1er cycle d'introduction à la psychologie;20113;automne 2011;19
SHLC;1;0259;Programme court de 1er cycle d'introduction à la psychologie;20121;hiver 2012;15
SHLC;1;0259;Programme court de 1er cycle d'introduction à la psychologie;20122;été 2012;10
SHLC;1;0259;Programme court de 1er cycle d'introduction à la psychologie;20123;automne 2012;11
SHLC;1;0259;Programme court de 1er cycle d'introduction à la psychologie;20131;hiver 2013;23
SHLC;1;0259;Programme court de 1er cycle d'introduction à la psychologie;20132;été 2013;10
SHLC;1;0259;Programme court de 1er cycle d'introduction à la psychologie;20133;automne 2013;27
SHLC;1;0259;Programme court de 1er cycle d'introduction à la psychologie;20141;hiver 2014;25
SHLC;1;0259;Programme court de 1er cycle d'introduction à la psychologie;20142;été 2014;14
SHLC;1;0259;Programme court de 1er cycle d'introduction à la psychologie;20143;automne 2014;17
SHLC;1;0259;Programme court de 1er cycle d'introduction à la psychologie;20151;hiver 2015;27
SHLC;1;0259;Programme court de 1er cycle d'introduction à la psychologie;20152;été 2015;19
SHLC;1;0259;Programme court de 1er cycle d'introduction à la psychologie;20153;automne 2015;29
SHLC;1;0259;Programme court de 1er cycle d'introduction à la psychologie;20161;hiver 2016;33
SHLC;1;0259;Programme court de 1er cycle d'introduction à la psychologie;20162;été 2016;30
SHLC;1;0259;Programme court de 1er cycle d'introduction à la psychologie;20163;automne 2016;32
SHLC;1;0259;Programme court de 1er cycle d'introduction à la psychologie;20171;hiver 2017;25
SHLC;1;0259;Programme court de 1er cycle d'introduction à la psychologie;20172;été 2017;25
SHLC;1;0259;Programme court de 1er cycle d'introduction à la psychologie;20173;automne 2017;33
SHLC;1;0259;Programme court de 1er cycle d'introduction à la psychologie;20181;hiver 2018;33
SHLC;1;0259;Programme court de 1er cycle d'introduction à la psychologie;20182;été 2018;32
SHLC;1;0259;Programme court de 1er cycle d'introduction à la psychologie;20183;automne 2018;49
SHLC;1;0259;Programme court de 1er cycle d'introduction à la psychologie;20191;hiver 2019;33
SHLC;1;0259;Programme court de 1er cycle d'introduction à la psychologie;20192;été 2019;11
SHLC;1;0259;Programme court de 1er cycle d'introduction à la psychologie;20193;automne 2019;27
SHLC;1;0259;Programme court de 1er cycle d'introduction à la psychologie;20201;hiver 2020;19
SHLC;1;0259;Programme court de 1er cycle d'introduction à la psychologie;20202;été 2020;17
SHLC;1;0259;Programme court de 1er cycle d'introduction à la psychologie;20203;automne 2020;35
SHLC;1;0259;Programme court de 1er cycle d'introduction à la psychologie;20211;hiver 2021;36
SHLC;1;0259;Programme court de 1er cycle d'introduction à la psychologie;20212;été 2021;25
SHLC;1;0259;Programme court de 1er cycle d'introduction à la psychologie;20213;automne 2021;46
SHLC;1;0259;Programme court de 1er cycle d'introduction à la psychologie;20221;hiver 2022;55
SHLC;1;0259;Programme court de 1er cycle d'introduction à la psychologie;20222;été 2022;36
SHLC;1;0259;Programme court de 1er cycle d'introduction à la psychologie;20223;automne 2022;27
SHLC;1;0259;Programme court de 1er cycle d'introduction à la psychologie;20231;hiver 2023;36
SHLC;1;0259;Programme court de 1er cycle d'introduction à la psychologie;20232;été 2023;39
SHLC;1;0259;Programme court de 1er cycle d'introduction à la psychologie;20233;automne 2023;53
SHLC;1;0259;Programme court de 1er cycle d'introduction à la psychologie;20241;hiver 2024;34
SHLC;1;0259;Programme court de 1er cycle d'introduction à la psychologie;20242;été 2024;29
SHLC;1;0259;Programme court de 1er cycle d'introduction à la psychologie;20243;automne 2024;43
SHLC;1;0259;Programme court de 1er cycle d'introduction à la psychologie;20251;hiver 2025;52
SHLC;1;0259;Programme court de 1er cycle d'introduction à la psychologie;20252;été 2025;42
SHLC;1;0259;Programme court de 1er cycle d'introduction à la psychologie;20253;automne 2025;74
SHLC;1;0259;Programme court de 1er cycle d'introduction à la psychologie;20261;hiver 2026;47
SHLC;1;0259;Programme court de 1er cycle d'introduction à la psychologie;20262;été 2026;56
ED;2;0261;Programme court en développement de téléformation multimédia;19813;automne 1981;4
ED;2;0261;Programme court en développement de téléformation multimédia;19993;automne 1999;2
ED;2;0261;Programme court en développement de téléformation multimédia;20001;hiver 2000;8
ED;2;0261;Programme court en développement de téléformation multimédia;20002;été 2000;6
ED;2;0261;Programme court en développement de téléformation multimédia;20003;automne 2000;11
ED;2;0261;Programme court en développement de téléformation multimédia;20011;hiver 2001;7
ED;2;0261;Programme court en développement de téléformation multimédia;20012;été 2001;4
ED;2;0261;Programme court en développement de téléformation multimédia;20013;automne 2001;18
ED;2;0261;Programme court en développement de téléformation multimédia;20021;hiver 2002;19
ED;2;0261;Programme court en développement de téléformation multimédia;20022;été 2002;2
ED;2;0261;Programme court en développement de téléformation multimédia;20023;automne 2002;15
ED;2;0261;Programme court en développement de téléformation multimédia;20031;hiver 2003;11
ED;2;0261;Programme court en développement de téléformation multimédia;20032;été 2003;6
ED;2;0261;Programme court en développement de téléformation multimédia;20033;automne 2003;13
ED;2;0261;Programme court en développement de téléformation multimédia;20041;hiver 2004;12
ED;2;0261;Programme court en développement de téléformation multimédia;20042;été 2004;10
ED;2;0261;Programme court en développement de téléformation multimédia;20043;automne 2004;8
ED;2;0261;Programme court en développement de téléformation multimédia;20051;hiver 2005;12
ED;2;0261;Programme court en développement de téléformation multimédia;20052;été 2005;5
ED;2;0261;Programme court en développement de téléformation multimédia;20053;automne 2005;11
ED;2;0261;Programme court en développement de téléformation multimédia;20061;hiver 2006;5
ED;2;0261;Programme court en développement de téléformation multimédia;20062;été 2006;6
ED;2;0261;Programme court en développement de téléformation multimédia;20063;automne 2006;10
ED;2;0261;Programme court en développement de téléformation multimédia;20071;hiver 2007;10
ED;2;0261;Programme court en développement de téléformation multimédia;20072;été 2007;4
ED;2;0261;Programme court en développement de téléformation multimédia;20073;automne 2007;2
ED;2;0261;Programme court en développement de téléformation multimédia;20081;hiver 2008;1
ED;2;0261;Programme court en développement de téléformation multimédia;20083;automne 2008;3
ED;2;0261;Programme court en développement de téléformation multimédia;20091;hiver 2009;6
ED;2;0261;Programme court en développement de téléformation multimédia;20092;été 2009;3
ED;2;0261;Programme court en développement de téléformation multimédia;20093;automne 2009;10
ED;2;0261;Programme court en développement de téléformation multimédia;20101;hiver 2010;14
ED;2;0261;Programme court en développement de téléformation multimédia;20102;été 2010;4
ED;2;0261;Programme court en développement de téléformation multimédia;20103;automne 2010;10
ST;1;0265;Programme court de 1er cycle en gestion des ressources fauniques;19983;automne 1998;9
ST;1;0265;Programme court de 1er cycle en gestion des ressources fauniques;19991;hiver 1999;7
ST;1;0265;Programme court de 1er cycle en gestion des ressources fauniques;19992;été 1999;1
ST;1;0265;Programme court de 1er cycle en gestion des ressources fauniques;19993;automne 1999;13
ST;1;0265;Programme court de 1er cycle en gestion des ressources fauniques;20001;hiver 2000;13
ST;1;0265;Programme court de 1er cycle en gestion des ressources fauniques;20002;été 2000;4
ST;1;0265;Programme court de 1er cycle en gestion des ressources fauniques;20003;automne 2000;8
ST;1;0265;Programme court de 1er cycle en gestion des ressources fauniques;20011;hiver 2001;6
ST;1;0265;Programme court de 1er cycle en gestion des ressources fauniques;20012;été 2001;1
ST;1;0265;Programme court de 1er cycle en gestion des ressources fauniques;20013;automne 2001;13
ST;1;0265;Programme court de 1er cycle en gestion des ressources fauniques;20021;hiver 2002;13
ST;1;0265;Programme court de 1er cycle en gestion des ressources fauniques;20022;été 2002;5
ST;1;0265;Programme court de 1er cycle en gestion des ressources fauniques;20023;automne 2002;15
ST;1;0265;Programme court de 1er cycle en gestion des ressources fauniques;20031;hiver 2003;13
ST;1;0265;Programme court de 1er cycle en gestion des ressources fauniques;20032;été 2003;8
ST;1;0265;Programme court de 1er cycle en gestion des ressources fauniques;20033;automne 2003;19
ST;1;0265;Programme court de 1er cycle en gestion des ressources fauniques;20041;hiver 2004;9
ST;1;0265;Programme court de 1er cycle en gestion des ressources fauniques;20042;été 2004;3
ST;1;0265;Programme court de 1er cycle en gestion des ressources fauniques;20043;automne 2004;10
ST;1;0265;Programme court de 1er cycle en gestion des ressources fauniques;20051;hiver 2005;13
ST;1;0265;Programme court de 1er cycle en gestion des ressources fauniques;20052;été 2005;7
ST;1;0265;Programme court de 1er cycle en gestion des ressources fauniques;20053;automne 2005;15
ST;1;0265;Programme court de 1er cycle en gestion des ressources fauniques;20061;hiver 2006;11
ST;1;0265;Programme court de 1er cycle en gestion des ressources fauniques;20062;été 2006;5
ST;1;0265;Programme court de 1er cycle en gestion des ressources fauniques;20063;automne 2006;15
ST;1;0265;Programme court de 1er cycle en gestion des ressources fauniques;20071;hiver 2007;22
ST;1;0265;Programme court de 1er cycle en gestion des ressources fauniques;20072;été 2007;7
ST;1;0265;Programme court de 1er cycle en gestion des ressources fauniques;20073;automne 2007;18
ST;1;0265;Programme court de 1er cycle en gestion des ressources fauniques;20081;hiver 2008;12
ST;1;0265;Programme court de 1er cycle en gestion des ressources fauniques;20082;été 2008;4
ST;1;0265;Programme court de 1er cycle en gestion des ressources fauniques;20083;automne 2008;13
ST;1;0265;Programme court de 1er cycle en gestion des ressources fauniques;20091;hiver 2009;5
ST;1;0265;Programme court de 1er cycle en gestion des ressources fauniques;20092;été 2009;4
ST;1;0265;Programme court de 1er cycle en gestion des ressources fauniques;20093;automne 2009;12
ST;1;0265;Programme court de 1er cycle en gestion des ressources fauniques;20101;hiver 2010;8
ST;1;0265;Programme court de 1er cycle en gestion des ressources fauniques;20102;été 2010;5
ST;1;0265;Programme court de 1er cycle en gestion des ressources fauniques;20103;automne 2010;6
ST;1;0265;Programme court de 1er cycle en gestion des ressources fauniques;20111;hiver 2011;16
ST;1;0265;Programme court de 1er cycle en gestion des ressources fauniques;20112;été 2011;6
ST;1;0265;Programme court de 1er cycle en gestion des ressources fauniques;20113;automne 2011;16
ST;1;0265;Programme court de 1er cycle en gestion des ressources fauniques;20121;hiver 2012;12
ST;1;0265;Programme court de 1er cycle en gestion des ressources fauniques;20123;automne 2012;10
ST;1;0265;Programme court de 1er cycle en gestion des ressources fauniques;20131;hiver 2013;5
ST;1;0265;Programme court de 1er cycle en gestion des ressources fauniques;20132;été 2013;2
ST;1;0265;Programme court de 1er cycle en gestion des ressources fauniques;20133;automne 2013;7
ST;1;0265;Programme court de 1er cycle en gestion des ressources fauniques;20141;hiver 2014;8
ST;1;0265;Programme court de 1er cycle en gestion des ressources fauniques;20142;été 2014;7
ST;1;0265;Programme court de 1er cycle en gestion des ressources fauniques;20143;automne 2014;5
ST;1;0265;Programme court de 1er cycle en gestion des ressources fauniques;20151;hiver 2015;21
ST;1;0265;Programme court de 1er cycle en gestion des ressources fauniques;20152;été 2015;8
ST;1;0265;Programme court de 1er cycle en gestion des ressources fauniques;20153;automne 2015;9
ST;1;0265;Programme court de 1er cycle en gestion des ressources fauniques;20161;hiver 2016;7
ST;1;0265;Programme court de 1er cycle en gestion des ressources fauniques;20162;été 2016;7
ST;1;0265;Programme court de 1er cycle en gestion des ressources fauniques;20163;automne 2016;11
ST;1;0265;Programme court de 1er cycle en gestion des ressources fauniques;20171;hiver 2017;7
ST;1;0265;Programme court de 1er cycle en gestion des ressources fauniques;20172;été 2017;9
ST;1;0265;Programme court de 1er cycle en gestion des ressources fauniques;20173;automne 2017;10
ST;1;0265;Programme court de 1er cycle en gestion des ressources fauniques;20181;hiver 2018;12
ST;1;0265;Programme court de 1er cycle en gestion des ressources fauniques;20182;été 2018;3
ST;1;0265;Programme court de 1er cycle en gestion des ressources fauniques;20183;automne 2018;3
ST;1;0265;Programme court de 1er cycle en gestion des ressources fauniques;20191;hiver 2019;5
ST;1;0265;Programme court de 1er cycle en gestion des ressources fauniques;20192;été 2019;8
ST;1;0265;Programme court de 1er cycle en gestion des ressources fauniques;20193;automne 2019;14
ST;1;0265;Programme court de 1er cycle en gestion des ressources fauniques;20201;hiver 2020;15
ST;1;0265;Programme court de 1er cycle en gestion des ressources fauniques;20202;été 2020;10
ST;1;0265;Programme court de 1er cycle en gestion des ressources fauniques;20203;automne 2020;18
ST;1;0265;Programme court de 1er cycle en gestion des ressources fauniques;20211;hiver 2021;20
ST;1;0265;Programme court de 1er cycle en gestion des ressources fauniques;20212;été 2021;8
ST;1;0265;Programme court de 1er cycle en gestion des ressources fauniques;20213;automne 2021;9
ST;1;0265;Programme court de 1er cycle en gestion des ressources fauniques;20221;hiver 2022;18
ST;1;0265;Programme court de 1er cycle en gestion des ressources fauniques;20222;été 2022;5
ST;1;0265;Programme court de 1er cycle en gestion des ressources fauniques;20223;automne 2022;9
ST;1;0265;Programme court de 1er cycle en gestion des ressources fauniques;20231;hiver 2023;2
ST;1;0265;Programme court de 1er cycle en gestion des ressources fauniques;20232;été 2023;2
ST;1;0265;Programme court de 1er cycle en gestion des ressources fauniques;20233;automne 2023;26
ST;1;0265;Programme court de 1er cycle en gestion des ressources fauniques;20241;hiver 2024;17
ST;1;0265;Programme court de 1er cycle en gestion des ressources fauniques;20242;été 2024;3
ST;1;0265;Programme court de 1er cycle en gestion des ressources fauniques;20243;automne 2024;6
ST;1;0265;Programme court de 1er cycle en gestion des ressources fauniques;20251;hiver 2025;11
ST;1;0265;Programme court de 1er cycle en gestion des ressources fauniques;20252;été 2025;5
ST;1;0265;Programme court de 1er cycle en gestion des ressources fauniques;20253;automne 2025;18
ST;1;0265;Programme court de 1er cycle en gestion des ressources fauniques;20261;hiver 2026;8
ST;1;0265;Programme court de 1er cycle en gestion des ressources fauniques;20262;été 2026;4
ESA;1;0277;Programme court sur mesure d'initiation à la gestion;19973;automne 1997;4
ESA;1;0277;Programme court sur mesure d'initiation à la gestion;19981;hiver 1998;24
ESA;1;0277;Programme court sur mesure d'initiation à la gestion;19982;été 1998;3
ESA;1;0277;Programme court sur mesure d'initiation à la gestion;19983;automne 1998;23
ESA;1;0277;Programme court sur mesure d'initiation à la gestion;19991;hiver 1999;15
ESA;1;0277;Programme court sur mesure d'initiation à la gestion;19992;été 1999;5
ESA;1;0277;Programme court sur mesure d'initiation à la gestion;19993;automne 1999;31
ESA;1;0277;Programme court sur mesure d'initiation à la gestion;20001;hiver 2000;23
ESA;1;0277;Programme court sur mesure d'initiation à la gestion;20002;été 2000;6
ESA;1;0277;Programme court sur mesure d'initiation à la gestion;20003;automne 2000;29
ESA;1;0277;Programme court sur mesure d'initiation à la gestion;20011;hiver 2001;14
ESA;1;0277;Programme court sur mesure d'initiation à la gestion;20012;été 2001;6
ESA;1;0277;Programme court sur mesure d'initiation à la gestion;20013;automne 2001;22
ESA;1;0277;Programme court sur mesure d'initiation à la gestion;20021;hiver 2002;22
ESA;1;0277;Programme court sur mesure d'initiation à la gestion;20022;été 2002;5
ESA;1;0277;Programme court sur mesure d'initiation à la gestion;20023;automne 2002;28
ESA;1;0277;Programme court sur mesure d'initiation à la gestion;20031;hiver 2003;16
ESA;1;0277;Programme court sur mesure d'initiation à la gestion;20032;été 2003;12
ESA;1;0277;Programme court sur mesure d'initiation à la gestion;20033;automne 2003;30
ESA;1;0277;Programme court sur mesure d'initiation à la gestion;20041;hiver 2004;29
ESA;1;0277;Programme court sur mesure d'initiation à la gestion;20042;été 2004;9
ESA;1;0277;Programme court sur mesure d'initiation à la gestion;20043;automne 2004;30
ESA;1;0277;Programme court sur mesure d'initiation à la gestion;20051;hiver 2005;21
ESA;1;0277;Programme court sur mesure d'initiation à la gestion;20052;été 2005;1
ESA;1;0277;Programme court sur mesure d'initiation à la gestion;20053;automne 2005;13
ESA;1;0277;Programme court sur mesure d'initiation à la gestion;20061;hiver 2006;10
ESA;1;0277;Programme court sur mesure d'initiation à la gestion;20062;été 2006;1
ESA;1;0277;Programme court sur mesure d'initiation à la gestion;20063;automne 2006;3
ESA;1;0277;Programme court sur mesure d'initiation à la gestion;20071;hiver 2007;1
ESA;1;0277;Programme court sur mesure d'initiation à la gestion;20072;été 2007;1
ESA;1;0277;Programme court sur mesure d'initiation à la gestion;20073;automne 2007;1
ESA;1;0290;Programme court en crédit agricole;19983;automne 1998;1
ESA;1;0290;Programme court en crédit agricole;19991;hiver 1999;18
ESA;1;0290;Programme court en crédit agricole;19992;été 1999;6
ESA;1;0290;Programme court en crédit agricole;19993;automne 1999;47
ESA;1;0290;Programme court en crédit agricole;20001;hiver 2000;29
ESA;1;0290;Programme court en crédit agricole;20002;été 2000;5
ESA;1;0290;Programme court en crédit agricole;20003;automne 2000;42
ESA;1;0290;Programme court en crédit agricole;20011;hiver 2001;18
ESA;1;0290;Programme court en crédit agricole;20012;été 2001;2
ESA;1;0290;Programme court en crédit agricole;20013;automne 2001;30
ESA;1;0290;Programme court en crédit agricole;20021;hiver 2002;19
ESA;1;0290;Programme court en crédit agricole;20022;été 2002;3
ESA;1;0290;Programme court en crédit agricole;20023;automne 2002;27
ESA;1;0290;Programme court en crédit agricole;20031;hiver 2003;16
ESA;1;0290;Programme court en crédit agricole;20032;été 2003;2
ESA;1;0290;Programme court en crédit agricole;20033;automne 2003;12
ESA;1;0290;Programme court en crédit agricole;20041;hiver 2004;5
ESA;1;0290;Programme court en crédit agricole;20042;été 2004;3
ESA;1;0290;Programme court en crédit agricole;20043;automne 2004;10
ESA;1;0290;Programme court en crédit agricole;20051;hiver 2005;8
ESA;1;0290;Programme court en crédit agricole;20052;été 2005;2
ESA;1;0290;Programme court en crédit agricole;20053;automne 2005;4
ESA;1;0290;Programme court en crédit agricole;20061;hiver 2006;2
ESA;1;0290;Programme court en crédit agricole;20063;automne 2006;5
ESA;1;0290;Programme court en crédit agricole;20071;hiver 2007;4
ESA;1;0290;Programme court en crédit agricole;20073;automne 2007;4
ESA;1;0290;Programme court en crédit agricole;20081;hiver 2008;1
ESA;1;0290;Programme court en crédit agricole;20082;été 2008;1
ESA;1;0290;Programme court en crédit agricole;20083;automne 2008;3
ESA;1;0290;Programme court en crédit agricole;20091;hiver 2009;5
ESA;1;0290;Programme court en crédit agricole;20093;automne 2009;1
ESA;1;0290;Programme court en crédit agricole;20102;été 2010;1
ESA;1;0290;Programme court en crédit agricole;20103;automne 2010;1
ESA;1;0303;Programme court de 1er cycle en santé et sécurité au travail;19801;hiver 1980;1
ESA;1;0303;Programme court de 1er cycle en santé et sécurité au travail;19803;automne 1980;1
ESA;1;0303;Programme court de 1er cycle en santé et sécurité au travail;19832;été 1983;1
ESA;1;0303;Programme court de 1er cycle en santé et sécurité au travail;19993;automne 1999;9
ESA;1;0303;Programme court de 1er cycle en santé et sécurité au travail;20001;hiver 2000;21
ESA;1;0303;Programme court de 1er cycle en santé et sécurité au travail;20002;été 2000;6
ESA;1;0303;Programme court de 1er cycle en santé et sécurité au travail;20003;automne 2000;33
ESA;1;0303;Programme court de 1er cycle en santé et sécurité au travail;20011;hiver 2001;23
ESA;1;0303;Programme court de 1er cycle en santé et sécurité au travail;20012;été 2001;8
ESA;1;0303;Programme court de 1er cycle en santé et sécurité au travail;20013;automne 2001;41
ESA;1;0303;Programme court de 1er cycle en santé et sécurité au travail;20021;hiver 2002;30
ESA;1;0303;Programme court de 1er cycle en santé et sécurité au travail;20022;été 2002;20
ESA;1;0303;Programme court de 1er cycle en santé et sécurité au travail;20023;automne 2002;63
ESA;1;0303;Programme court de 1er cycle en santé et sécurité au travail;20031;hiver 2003;70
ESA;1;0303;Programme court de 1er cycle en santé et sécurité au travail;20032;été 2003;25
ESA;1;0303;Programme court de 1er cycle en santé et sécurité au travail;20033;automne 2003;64
ESA;1;0303;Programme court de 1er cycle en santé et sécurité au travail;20041;hiver 2004;63
ESA;1;0303;Programme court de 1er cycle en santé et sécurité au travail;20042;été 2004;21
ESA;1;0303;Programme court de 1er cycle en santé et sécurité au travail;20043;automne 2004;71
ESA;1;0303;Programme court de 1er cycle en santé et sécurité au travail;20051;hiver 2005;72
ESA;1;0303;Programme court de 1er cycle en santé et sécurité au travail;20052;été 2005;39
ESA;1;0303;Programme court de 1er cycle en santé et sécurité au travail;20053;automne 2005;73
ESA;1;0303;Programme court de 1er cycle en santé et sécurité au travail;20061;hiver 2006;75
ESA;1;0303;Programme court de 1er cycle en santé et sécurité au travail;20062;été 2006;21
ESA;1;0303;Programme court de 1er cycle en santé et sécurité au travail;20063;automne 2006;76
ESA;1;0303;Programme court de 1er cycle en santé et sécurité au travail;20071;hiver 2007;76
ESA;1;0303;Programme court de 1er cycle en santé et sécurité au travail;20072;été 2007;27
ESA;1;0303;Programme court de 1er cycle en santé et sécurité au travail;20073;automne 2007;70
ESA;1;0303;Programme court de 1er cycle en santé et sécurité au travail;20081;hiver 2008;31
ESA;1;0303;Programme court de 1er cycle en santé et sécurité au travail;20082;été 2008;29
ESA;1;0303;Programme court de 1er cycle en santé et sécurité au travail;20083;automne 2008;60
ESA;1;0303;Programme court de 1er cycle en santé et sécurité au travail;20091;hiver 2009;44
ESA;1;0303;Programme court de 1er cycle en santé et sécurité au travail;20092;été 2009;33
ESA;1;0303;Programme court de 1er cycle en santé et sécurité au travail;20093;automne 2009;49
ESA;1;0303;Programme court de 1er cycle en santé et sécurité au travail;20101;hiver 2010;50
ESA;1;0303;Programme court de 1er cycle en santé et sécurité au travail;20102;été 2010;37
ESA;1;0303;Programme court de 1er cycle en santé et sécurité au travail;20103;automne 2010;63
ESA;1;0303;Programme court de 1er cycle en santé et sécurité au travail;20111;hiver 2011;56
ESA;1;0303;Programme court de 1er cycle en santé et sécurité au travail;20112;été 2011;38
ESA;1;0303;Programme court de 1er cycle en santé et sécurité au travail;20113;automne 2011;65
ESA;1;0303;Programme court de 1er cycle en santé et sécurité au travail;20121;hiver 2012;65
ESA;1;0303;Programme court de 1er cycle en santé et sécurité au travail;20122;été 2012;54
ESA;1;0303;Programme court de 1er cycle en santé et sécurité au travail;20123;automne 2012;58
ESA;1;0303;Programme court de 1er cycle en santé et sécurité au travail;20131;hiver 2013;68
ESA;1;0303;Programme court de 1er cycle en santé et sécurité au travail;20132;été 2013;37
ESA;1;0303;Programme court de 1er cycle en santé et sécurité au travail;20133;automne 2013;82
ESA;1;0303;Programme court de 1er cycle en santé et sécurité au travail;20141;hiver 2014;77
ESA;1;0303;Programme court de 1er cycle en santé et sécurité au travail;20142;été 2014;36
ESA;1;0303;Programme court de 1er cycle en santé et sécurité au travail;20143;automne 2014;57
ESA;1;0303;Programme court de 1er cycle en santé et sécurité au travail;20151;hiver 2015;70
ESA;1;0303;Programme court de 1er cycle en santé et sécurité au travail;20152;été 2015;53
ESA;1;0303;Programme court de 1er cycle en santé et sécurité au travail;20153;automne 2015;90
ESA;1;0303;Programme court de 1er cycle en santé et sécurité au travail;20161;hiver 2016;75
ESA;1;0303;Programme court de 1er cycle en santé et sécurité au travail;20162;été 2016;41
ESA;1;0303;Programme court de 1er cycle en santé et sécurité au travail;20163;automne 2016;63
ESA;1;0303;Programme court de 1er cycle en santé et sécurité au travail;20171;hiver 2017;80
ESA;1;0303;Programme court de 1er cycle en santé et sécurité au travail;20172;été 2017;56
ESA;1;0303;Programme court de 1er cycle en santé et sécurité au travail;20173;automne 2017;48
ESA;1;0303;Programme court de 1er cycle en santé et sécurité au travail;20181;hiver 2018;97
ESA;1;0303;Programme court de 1er cycle en santé et sécurité au travail;20182;été 2018;75
ESA;1;0303;Programme court de 1er cycle en santé et sécurité au travail;20183;automne 2018;68
ESA;1;0303;Programme court de 1er cycle en santé et sécurité au travail;20191;hiver 2019;64
ESA;1;0303;Programme court de 1er cycle en santé et sécurité au travail;20192;été 2019;30
ESA;1;0303;Programme court de 1er cycle en santé et sécurité au travail;20193;automne 2019;100
ESA;1;0303;Programme court de 1er cycle en santé et sécurité au travail;20201;hiver 2020;99
ESA;1;0303;Programme court de 1er cycle en santé et sécurité au travail;20202;été 2020;89
ESA;1;0303;Programme court de 1er cycle en santé et sécurité au travail;20203;automne 2020;113
ESA;1;0303;Programme court de 1er cycle en santé et sécurité au travail;20211;hiver 2021;109
ESA;1;0303;Programme court de 1er cycle en santé et sécurité au travail;20212;été 2021;66
ESA;1;0303;Programme court de 1er cycle en santé et sécurité au travail;20213;automne 2021;80
ESA;1;0303;Programme court de 1er cycle en santé et sécurité au travail;20221;hiver 2022;5
ESA;1;0303;Programme court de 1er cycle en santé et sécurité au travail;20222;été 2022;2
ESA;1;0303;Programme court de 1er cycle en santé et sécurité au travail;20223;automne 2022;11
ESA;1;0303;Programme court de 1er cycle en santé et sécurité au travail;20231;hiver 2023;6
ESA;1;0303;Programme court de 1er cycle en santé et sécurité au travail;20232;été 2023;8
ESA;1;0303;Programme court de 1er cycle en santé et sécurité au travail;20233;automne 2023;42
ESA;1;0303;Programme court de 1er cycle en santé et sécurité au travail;20241;hiver 2024;79
ESA;1;0303;Programme court de 1er cycle en santé et sécurité au travail;20242;été 2024;51
ESA;1;0303;Programme court de 1er cycle en santé et sécurité au travail;20243;automne 2024;94
ESA;1;0303;Programme court de 1er cycle en santé et sécurité au travail;20251;hiver 2025;99
ESA;1;0303;Programme court de 1er cycle en santé et sécurité au travail;20252;été 2025;54
ESA;1;0303;Programme court de 1er cycle en santé et sécurité au travail;20253;automne 2025;118
ESA;1;0303;Programme court de 1er cycle en santé et sécurité au travail;20261;hiver 2026;112
ESA;1;0303;Programme court de 1er cycle en santé et sécurité au travail;20262;été 2026;69
ESA;2;0304;Programme court en performance financière;20002;été 2000;3
ESA;2;0304;Programme court en performance financière;20003;automne 2000;18
ESA;2;0304;Programme court en performance financière;20011;hiver 2001;17
ESA;2;0304;Programme court en performance financière;20012;été 2001;28
ESA;2;0304;Programme court en performance financière;20013;automne 2001;48
ESA;2;0304;Programme court en performance financière;20021;hiver 2002;54
ESA;2;0304;Programme court en performance financière;20022;été 2002;63
ESA;2;0304;Programme court en performance financière;20023;automne 2002;108
ESA;2;0304;Programme court en performance financière;20031;hiver 2003;185
ESA;2;0304;Programme court en performance financière;20032;été 2003;142
ESA;2;0304;Programme court en performance financière;20033;automne 2003;209
ESA;2;0304;Programme court en performance financière;20041;hiver 2004;248
ESA;2;0304;Programme court en performance financière;20042;été 2004;400
ESA;2;0304;Programme court en performance financière;20043;automne 2004;319
ESA;2;0304;Programme court en performance financière;20051;hiver 2005;292
ESA;2;0304;Programme court en performance financière;20052;été 2005;303
ESA;2;0304;Programme court en performance financière;20053;automne 2005;418
ESA;2;0304;Programme court en performance financière;20061;hiver 2006;396
ESA;2;0304;Programme court en performance financière;20062;été 2006;339
ESA;2;0304;Programme court en performance financière;20063;automne 2006;506
ESA;2;0304;Programme court en performance financière;20071;hiver 2007;484
ESA;2;0304;Programme court en performance financière;20072;été 2007;456
ESA;2;0304;Programme court en performance financière;20073;automne 2007;605
ESA;2;0304;Programme court en performance financière;20081;hiver 2008;554
ESA;2;0304;Programme court en performance financière;20082;été 2008;516
ESA;2;0304;Programme court en performance financière;20083;automne 2008;571
ESA;2;0304;Programme court en performance financière;20091;hiver 2009;544
ESA;2;0304;Programme court en performance financière;20092;été 2009;480
ESA;2;0304;Programme court en performance financière;20093;automne 2009;504
ESA;2;0304;Programme court en performance financière;20101;hiver 2010;461
ESA;2;0304;Programme court en performance financière;20102;été 2010;288
ESA;2;0304;Programme court en performance financière;20103;automne 2010;359
ESA;2;0304;Programme court en performance financière;20111;hiver 2011;283
ESA;2;0304;Programme court en performance financière;20112;été 2011;220
ESA;2;0304;Programme court en performance financière;20113;automne 2011;237
ESA;2;0304;Programme court en performance financière;20121;hiver 2012;152
ESA;2;0304;Programme court en performance financière;20122;été 2012;155
ESA;2;0304;Programme court en performance financière;20123;automne 2012;153
ESA;2;0304;Programme court en performance financière;20131;hiver 2013;8
ESA;2;0304;Programme court en performance financière;20132;été 2013;3
ESA;2;0304;Programme court en performance financière;20133;automne 2013;4
ESA;2;0304;Programme court en performance financière;20141;hiver 2014;7
ESA;2;0304;Programme court en performance financière;20143;automne 2014;2
ESA;1;0321;Programme court sur mesure en conduite d'entreprise;19993;automne 1999;6
ESA;1;0321;Programme court sur mesure en conduite d'entreprise;20001;hiver 2000;13
ESA;1;0321;Programme court sur mesure en conduite d'entreprise;20003;automne 2000;15
ESA;1;0321;Programme court sur mesure en conduite d'entreprise;20011;hiver 2001;13
ESA;1;0321;Programme court sur mesure en conduite d'entreprise;20013;automne 2001;11
ESA;1;0321;Programme court sur mesure en conduite d'entreprise;20021;hiver 2002;9
ESA;1;0321;Programme court sur mesure en conduite d'entreprise;20023;automne 2002;3
ESA;1;0321;Programme court sur mesure en conduite d'entreprise;20031;hiver 2003;4
ESA;1;0321;Programme court sur mesure en conduite d'entreprise;20033;automne 2003;1
ESA;1;0321;Programme court sur mesure en conduite d'entreprise;20041;hiver 2004;1
ESA;1;0321;Programme court sur mesure en conduite d'entreprise;20043;automne 2004;1
ESA;1;0321;Programme court sur mesure en conduite d'entreprise;20051;hiver 2005;1
ESA;2;0344;Short Graduate Program in Financial Performance;20002;été 2000;1
ESA;2;0344;Short Graduate Program in Financial Performance;20003;automne 2000;1
ESA;2;0344;Short Graduate Program in Financial Performance;20011;hiver 2001;1
ESA;2;0344;Short Graduate Program in Financial Performance;20012;été 2001;5
ESA;2;0344;Short Graduate Program in Financial Performance;20013;automne 2001;2
ESA;2;0344;Short Graduate Program in Financial Performance;20021;hiver 2002;9
ESA;2;0344;Short Graduate Program in Financial Performance;20022;été 2002;4
ESA;2;0344;Short Graduate Program in Financial Performance;20023;automne 2002;9
ESA;2;0344;Short Graduate Program in Financial Performance;20031;hiver 2003;14
ESA;2;0344;Short Graduate Program in Financial Performance;20032;été 2003;20
ESA;2;0344;Short Graduate Program in Financial Performance;20033;automne 2003;15
ESA;2;0344;Short Graduate Program in Financial Performance;20041;hiver 2004;40
ESA;2;0344;Short Graduate Program in Financial Performance;20042;été 2004;66
ESA;2;0344;Short Graduate Program in Financial Performance;20043;automne 2004;47
ESA;2;0344;Short Graduate Program in Financial Performance;20051;hiver 2005;33
ESA;2;0344;Short Graduate Program in Financial Performance;20052;été 2005;45
ESA;2;0344;Short Graduate Program in Financial Performance;20053;automne 2005;44
ESA;2;0344;Short Graduate Program in Financial Performance;20061;hiver 2006;55
ESA;2;0344;Short Graduate Program in Financial Performance;20062;été 2006;49
ESA;2;0344;Short Graduate Program in Financial Performance;20063;automne 2006;73
ESA;2;0344;Short Graduate Program in Financial Performance;20071;hiver 2007;91
ESA;2;0344;Short Graduate Program in Financial Performance;20072;été 2007;78
ESA;2;0344;Short Graduate Program in Financial Performance;20073;automne 2007;90
ESA;2;0344;Short Graduate Program in Financial Performance;20081;hiver 2008;79
ESA;2;0344;Short Graduate Program in Financial Performance;20082;été 2008;98
ESA;2;0344;Short Graduate Program in Financial Performance;20083;automne 2008;91
ESA;2;0344;Short Graduate Program in Financial Performance;20091;hiver 2009;63
ESA;2;0344;Short Graduate Program in Financial Performance;20092;été 2009;67
ESA;2;0344;Short Graduate Program in Financial Performance;20093;automne 2009;77
ESA;2;0344;Short Graduate Program in Financial Performance;20101;hiver 2010;65
ESA;2;0344;Short Graduate Program in Financial Performance;20102;été 2010;58
ESA;2;0344;Short Graduate Program in Financial Performance;20103;automne 2010;90
ESA;2;0344;Short Graduate Program in Financial Performance;20111;hiver 2011;60
ESA;2;0344;Short Graduate Program in Financial Performance;20112;été 2011;43
ESA;2;0344;Short Graduate Program in Financial Performance;20113;automne 2011;40
ESA;2;0344;Short Graduate Program in Financial Performance;20121;hiver 2012;41
ESA;2;0344;Short Graduate Program in Financial Performance;20122;été 2012;19
ESA;2;0344;Short Graduate Program in Financial Performance;20123;automne 2012;29
ESA;2;0344;Short Graduate Program in Financial Performance;20131;hiver 2013;1
SHLC;1;0358;Programme court d'initiation à la traduction;20013;automne 2001;20
SHLC;1;0358;Programme court d'initiation à la traduction;20021;hiver 2002;22
SHLC;1;0358;Programme court d'initiation à la traduction;20022;été 2002;5
SHLC;1;0358;Programme court d'initiation à la traduction;20023;automne 2002;26
SHLC;1;0358;Programme court d'initiation à la traduction;20031;hiver 2003;38
SHLC;1;0358;Programme court d'initiation à la traduction;20032;été 2003;14
SHLC;1;0358;Programme court d'initiation à la traduction;20033;automne 2003;44
SHLC;1;0358;Programme court d'initiation à la traduction;20041;hiver 2004;41
SHLC;1;0358;Programme court d'initiation à la traduction;20042;été 2004;37
SHLC;1;0358;Programme court d'initiation à la traduction;20043;automne 2004;71
SHLC;1;0358;Programme court d'initiation à la traduction;20051;hiver 2005;78
SHLC;1;0358;Programme court d'initiation à la traduction;20052;été 2005;36
SHLC;1;0358;Programme court d'initiation à la traduction;20053;automne 2005;73
SHLC;1;0358;Programme court d'initiation à la traduction;20061;hiver 2006;74
SHLC;1;0358;Programme court d'initiation à la traduction;20062;été 2006;35
SHLC;1;0358;Programme court d'initiation à la traduction;20063;automne 2006;78
SHLC;1;0358;Programme court d'initiation à la traduction;20071;hiver 2007;66
SHLC;1;0358;Programme court d'initiation à la traduction;20072;été 2007;36
SHLC;1;0358;Programme court d'initiation à la traduction;20073;automne 2007;83
SHLC;1;0358;Programme court d'initiation à la traduction;20081;hiver 2008;37
SHLC;1;0358;Programme court d'initiation à la traduction;20082;été 2008;44
SHLC;1;0358;Programme court d'initiation à la traduction;20083;automne 2008;73
SHLC;1;0358;Programme court d'initiation à la traduction;20091;hiver 2009;63
SHLC;1;0358;Programme court d'initiation à la traduction;20092;été 2009;39
SHLC;1;0358;Programme court d'initiation à la traduction;20093;automne 2009;77
SHLC;1;0358;Programme court d'initiation à la traduction;20101;hiver 2010;42
SHLC;1;0358;Programme court d'initiation à la traduction;20102;été 2010;44
SHLC;1;0358;Programme court d'initiation à la traduction;20103;automne 2010;28
SHLC;1;0358;Programme court d'initiation à la traduction;20111;hiver 2011;16
SHLC;1;0358;Programme court d'initiation à la traduction;20112;été 2011;6
SHLC;1;0358;Programme court d'initiation à la traduction;20113;automne 2011;13
SHLC;1;0358;Programme court d'initiation à la traduction;20121;hiver 2012;6
SHLC;1;0358;Programme court d'initiation à la traduction;20122;été 2012;2
SHLC;1;0358;Programme court d'initiation à la traduction;20123;automne 2012;3
SHLC;1;0358;Programme court d'initiation à la traduction;20131;hiver 2013;1
ESA;2;0362;Programme court en affaires électroniques;20041;hiver 2004;7
ESA;2;0362;Programme court en affaires électroniques;20042;été 2004;5
ESA;2;0362;Programme court en affaires électroniques;20043;automne 2004;11
ESA;2;0362;Programme court en affaires électroniques;20051;hiver 2005;11
ESA;2;0362;Programme court en affaires électroniques;20052;été 2005;9
ESA;2;0362;Programme court en affaires électroniques;20053;automne 2005;8
ESA;2;0362;Programme court en affaires électroniques;20061;hiver 2006;3
ESA;2;0362;Programme court en affaires électroniques;20062;été 2006;6
ESA;2;0362;Programme court en affaires électroniques;20063;automne 2006;12
ESA;2;0362;Programme court en affaires électroniques;20071;hiver 2007;16
ESA;2;0362;Programme court en affaires électroniques;20072;été 2007;4
ESA;2;0362;Programme court en affaires électroniques;20073;automne 2007;13
ESA;2;0362;Programme court en affaires électroniques;20081;hiver 2008;14
ESA;2;0362;Programme court en affaires électroniques;20082;été 2008;12
ESA;2;0362;Programme court en affaires électroniques;20083;automne 2008;20
ESA;2;0362;Programme court en affaires électroniques;20091;hiver 2009;17
ESA;2;0362;Programme court en affaires électroniques;20092;été 2009;13
ESA;2;0362;Programme court en affaires électroniques;20093;automne 2009;16
ESA;2;0362;Programme court en affaires électroniques;20101;hiver 2010;15
ESA;2;0362;Programme court en affaires électroniques;20102;été 2010;12
ESA;2;0362;Programme court en affaires électroniques;20103;automne 2010;22
ESA;2;0362;Programme court en affaires électroniques;20111;hiver 2011;20
ESA;2;0362;Programme court en affaires électroniques;20112;été 2011;7
ESA;2;0362;Programme court en affaires électroniques;20113;automne 2011;15
ESA;2;0362;Programme court en affaires électroniques;20121;hiver 2012;18
ESA;2;0362;Programme court en affaires électroniques;20122;été 2012;11
ESA;2;0362;Programme court en affaires électroniques;20123;automne 2012;17
ESA;2;0362;Programme court en affaires électroniques;20131;hiver 2013;13
ESA;2;0362;Programme court en affaires électroniques;20132;été 2013;5
ESA;2;0362;Programme court en affaires électroniques;20133;automne 2013;20
ESA;2;0362;Programme court en affaires électroniques;20141;hiver 2014;27
ESA;2;0362;Programme court en affaires électroniques;20142;été 2014;21
ESA;2;0362;Programme court en affaires électroniques;20143;automne 2014;27
ESA;2;0362;Programme court en affaires électroniques;20151;hiver 2015;31
ESA;2;0362;Programme court en affaires électroniques;20152;été 2015;17
ESA;2;0362;Programme court en affaires électroniques;20153;automne 2015;38
ESA;2;0362;Programme court en affaires électroniques;20161;hiver 2016;36
ESA;2;0362;Programme court en affaires électroniques;20162;été 2016;13
ESA;2;0362;Programme court en affaires électroniques;20163;automne 2016;32
ESA;2;0362;Programme court en affaires électroniques;20171;hiver 2017;30
ESA;2;0362;Programme court en affaires électroniques;20172;été 2017;22
ESA;2;0362;Programme court en affaires électroniques;20173;automne 2017;27
ESA;2;0362;Programme court en affaires électroniques;20181;hiver 2018;24
ESA;2;0362;Programme court en affaires électroniques;20182;été 2018;24
ESA;2;0362;Programme court en affaires électroniques;20183;automne 2018;20
ESA;2;0362;Programme court en affaires électroniques;20191;hiver 2019;20
ESA;2;0362;Programme court en affaires électroniques;20192;été 2019;10
ESA;2;0362;Programme court en affaires électroniques;20193;automne 2019;12
ESA;2;0362;Programme court en affaires électroniques;20201;hiver 2020;10
ESA;2;0362;Programme court en affaires électroniques;20202;été 2020;19
ESA;2;0362;Programme court en affaires électroniques;20203;automne 2020;34
ESA;2;0362;Programme court en affaires électroniques;20211;hiver 2021;16
ESA;2;0362;Programme court en affaires électroniques;20212;été 2021;11
ESA;2;0362;Programme court en affaires électroniques;20213;automne 2021;11
ESA;2;0362;Programme court en affaires électroniques;20221;hiver 2022;13
ESA;2;0362;Programme court en affaires électroniques;20222;été 2022;10
ESA;2;0362;Programme court en affaires électroniques;20223;automne 2022;6
ESA;2;0362;Programme court en affaires électroniques;20231;hiver 2023;2
ESA;1;0374;Programme court de 1er cycle en comptabilité;20091;hiver 2009;21
ESA;1;0374;Programme court de 1er cycle en comptabilité;20092;été 2009;36
ESA;1;0374;Programme court de 1er cycle en comptabilité;20093;automne 2009;67
ESA;1;0374;Programme court de 1er cycle en comptabilité;20101;hiver 2010;62
ESA;1;0374;Programme court de 1er cycle en comptabilité;20102;été 2010;60
ESA;1;0374;Programme court de 1er cycle en comptabilité;20103;automne 2010;83
ESA;1;0374;Programme court de 1er cycle en comptabilité;20111;hiver 2011;68
ESA;1;0374;Programme court de 1er cycle en comptabilité;20112;été 2011;37
ESA;1;0374;Programme court de 1er cycle en comptabilité;20113;automne 2011;72
ESA;1;0374;Programme court de 1er cycle en comptabilité;20121;hiver 2012;66
ESA;1;0374;Programme court de 1er cycle en comptabilité;20122;été 2012;50
ESA;1;0374;Programme court de 1er cycle en comptabilité;20123;automne 2012;68
ESA;1;0374;Programme court de 1er cycle en comptabilité;20131;hiver 2013;56
ESA;1;0374;Programme court de 1er cycle en comptabilité;20132;été 2013;38
ESA;1;0374;Programme court de 1er cycle en comptabilité;20133;automne 2013;58
ESA;1;0374;Programme court de 1er cycle en comptabilité;20141;hiver 2014;73
ESA;1;0374;Programme court de 1er cycle en comptabilité;20142;été 2014;52
ESA;1;0374;Programme court de 1er cycle en comptabilité;20143;automne 2014;88
ESA;1;0374;Programme court de 1er cycle en comptabilité;20151;hiver 2015;64
ESA;1;0374;Programme court de 1er cycle en comptabilité;20152;été 2015;53
ESA;1;0374;Programme court de 1er cycle en comptabilité;20153;automne 2015;81
ESA;1;0374;Programme court de 1er cycle en comptabilité;20161;hiver 2016;64
ESA;1;0374;Programme court de 1er cycle en comptabilité;20162;été 2016;51
ESA;1;0374;Programme court de 1er cycle en comptabilité;20163;automne 2016;88
ESA;1;0374;Programme court de 1er cycle en comptabilité;20171;hiver 2017;58
ESA;1;0374;Programme court de 1er cycle en comptabilité;20172;été 2017;41
ESA;1;0374;Programme court de 1er cycle en comptabilité;20173;automne 2017;78
ESA;1;0374;Programme court de 1er cycle en comptabilité;20181;hiver 2018;81
ESA;1;0374;Programme court de 1er cycle en comptabilité;20182;été 2018;49
ESA;1;0374;Programme court de 1er cycle en comptabilité;20183;automne 2018;78
ESA;1;0374;Programme court de 1er cycle en comptabilité;20191;hiver 2019;68
ESA;1;0374;Programme court de 1er cycle en comptabilité;20192;été 2019;30
ESA;1;0374;Programme court de 1er cycle en comptabilité;20193;automne 2019;92
ESA;1;0374;Programme court de 1er cycle en comptabilité;20201;hiver 2020;92
ESA;1;0374;Programme court de 1er cycle en comptabilité;20202;été 2020;68
ESA;1;0374;Programme court de 1er cycle en comptabilité;20203;automne 2020;104
ESA;1;0374;Programme court de 1er cycle en comptabilité;20211;hiver 2021;110
ESA;1;0374;Programme court de 1er cycle en comptabilité;20212;été 2021;51
ESA;1;0374;Programme court de 1er cycle en comptabilité;20213;automne 2021;93
ESA;1;0374;Programme court de 1er cycle en comptabilité;20221;hiver 2022;97
ESA;1;0374;Programme court de 1er cycle en comptabilité;20222;été 2022;60
ESA;1;0374;Programme court de 1er cycle en comptabilité;20223;automne 2022;90
ESA;1;0374;Programme court de 1er cycle en comptabilité;20231;hiver 2023;105
ESA;1;0374;Programme court de 1er cycle en comptabilité;20232;été 2023;60
ESA;1;0374;Programme court de 1er cycle en comptabilité;20233;automne 2023;86
ESA;1;0374;Programme court de 1er cycle en comptabilité;20241;hiver 2024;98
ESA;1;0374;Programme court de 1er cycle en comptabilité;20242;été 2024;64
ESA;1;0374;Programme court de 1er cycle en comptabilité;20243;automne 2024;74
ESA;1;0374;Programme court de 1er cycle en comptabilité;20251;hiver 2025;79
ESA;1;0374;Programme court de 1er cycle en comptabilité;20252;été 2025;54
ESA;1;0374;Programme court de 1er cycle en comptabilité;20253;automne 2025;83
ESA;1;0374;Programme court de 1er cycle en comptabilité;20261;hiver 2026;71
ESA;1;0374;Programme court de 1er cycle en comptabilité;20262;été 2026;34
ESA;1;0421;Programme court sur mesure en gestion d'entreprise;20053;automne 2005;8
ESA;1;0421;Programme court sur mesure en gestion d'entreprise;20061;hiver 2006;3
ESA;1;0421;Programme court sur mesure en gestion d'entreprise;20063;automne 2006;12
ESA;1;0421;Programme court sur mesure en gestion d'entreprise;20071;hiver 2007;9
ESA;1;0421;Programme court sur mesure en gestion d'entreprise;20073;automne 2007;11
ESA;1;0421;Programme court sur mesure en gestion d'entreprise;20081;hiver 2008;12
ESA;1;0421;Programme court sur mesure en gestion d'entreprise;20083;automne 2008;7
ESA;1;0421;Programme court sur mesure en gestion d'entreprise;20091;hiver 2009;7
ESA;1;0421;Programme court sur mesure en gestion d'entreprise;20093;automne 2009;6
ESA;1;0421;Programme court sur mesure en gestion d'entreprise;20101;hiver 2010;10
ESA;1;0421;Programme court sur mesure en gestion d'entreprise;20103;automne 2010;4
ESA;1;0421;Programme court sur mesure en gestion d'entreprise;20111;hiver 2011;6
ESA;1;0421;Programme court sur mesure en gestion d'entreprise;20113;automne 2011;3
ESA;1;0421;Programme court sur mesure en gestion d'entreprise;20121;hiver 2012;3
ESA;1;0421;Programme court sur mesure en gestion d'entreprise;20123;automne 2012;8
ESA;1;0421;Programme court sur mesure en gestion d'entreprise;20131;hiver 2013;5
ESA;1;0421;Programme court sur mesure en gestion d'entreprise;20133;automne 2013;8
ESA;1;0421;Programme court sur mesure en gestion d'entreprise;20141;hiver 2014;3
ESA;1;0421;Programme court sur mesure en gestion d'entreprise;20143;automne 2014;5
ESA;1;0421;Programme court sur mesure en gestion d'entreprise;20151;hiver 2015;6
ESA;1;0421;Programme court sur mesure en gestion d'entreprise;20153;automne 2015;11
ESA;1;0421;Programme court sur mesure en gestion d'entreprise;20161;hiver 2016;7
ESA;1;0421;Programme court sur mesure en gestion d'entreprise;20163;automne 2016;5
ESA;1;0421;Programme court sur mesure en gestion d'entreprise;20171;hiver 2017;1
ESA;1;0421;Programme court sur mesure en gestion d'entreprise;20173;automne 2017;3
ESA;1;0421;Programme court sur mesure en gestion d'entreprise;20181;hiver 2018;4
ESA;1;0421;Programme court sur mesure en gestion d'entreprise;20183;automne 2018;8
ESA;1;0421;Programme court sur mesure en gestion d'entreprise;20191;hiver 2019;4
ESA;1;0421;Programme court sur mesure en gestion d'entreprise;20193;automne 2019;2
ESA;1;0421;Programme court sur mesure en gestion d'entreprise;20201;hiver 2020;1
ESA;1;0421;Programme court sur mesure en gestion d'entreprise;20203;automne 2020;1
ESA;1;0421;Programme court sur mesure en gestion d'entreprise;20211;hiver 2021;1
ST;2;0439;Programme court international en environnement;20103;automne 2010;5
ST;2;0439;Programme court international en environnement;20111;hiver 2011;7
ST;2;0439;Programme court international en environnement;20112;été 2011;14
ST;2;0439;Programme court international en environnement;20113;automne 2011;7
ST;2;0439;Programme court international en environnement;20122;été 2012;4
ST;2;0439;Programme court international en environnement;20132;été 2013;2
ST;2;0439;Programme court international en environnement;20133;automne 2013;1
SHLC;1;0458;Programme court de traduction en anglais;20103;automne 2010;4
SHLC;1;0458;Programme court de traduction en anglais;20111;hiver 2011;5
SHLC;1;0458;Programme court de traduction en anglais;20112;été 2011;2
SHLC;1;0458;Programme court de traduction en anglais;20113;automne 2011;6
SHLC;1;0458;Programme court de traduction en anglais;20121;hiver 2012;7
SHLC;1;0458;Programme court de traduction en anglais;20122;été 2012;5
SHLC;1;0458;Programme court de traduction en anglais;20123;automne 2012;13
SHLC;1;0458;Programme court de traduction en anglais;20131;hiver 2013;15
SHLC;1;0458;Programme court de traduction en anglais;20132;été 2013;8
SHLC;1;0458;Programme court de traduction en anglais;20133;automne 2013;14
SHLC;1;0458;Programme court de traduction en anglais;20141;hiver 2014;9
SHLC;1;0458;Programme court de traduction en anglais;20142;été 2014;5
SHLC;1;0458;Programme court de traduction en anglais;20143;automne 2014;8
SHLC;1;0458;Programme court de traduction en anglais;20151;hiver 2015;3
SHLC;1;0458;Programme court de traduction en anglais;20152;été 2015;3
SHLC;1;0458;Programme court de traduction en anglais;20153;automne 2015;9
SHLC;1;0458;Programme court de traduction en anglais;20161;hiver 2016;5
SHLC;1;0458;Programme court de traduction en anglais;20162;été 2016;5
SHLC;1;0458;Programme court de traduction en anglais;20163;automne 2016;11
SHLC;1;0458;Programme court de traduction en anglais;20171;hiver 2017;11
SHLC;1;0458;Programme court de traduction en anglais;20172;été 2017;4
SHLC;1;0458;Programme court de traduction en anglais;20173;automne 2017;5
SHLC;1;0458;Programme court de traduction en anglais;20181;hiver 2018;7
SHLC;1;0458;Programme court de traduction en anglais;20182;été 2018;2
SHLC;1;0458;Programme court de traduction en anglais;20183;automne 2018;6
SHLC;1;0458;Programme court de traduction en anglais;20191;hiver 2019;3
SHLC;1;0458;Programme court de traduction en anglais;20192;été 2019;3
SHLC;1;0458;Programme court de traduction en anglais;20193;automne 2019;2
SHLC;1;0458;Programme court de traduction en anglais;20201;hiver 2020;2
SHLC;1;0458;Programme court de traduction en anglais;20202;été 2020;9
SHLC;1;0458;Programme court de traduction en anglais;20203;automne 2020;6
SHLC;1;0458;Programme court de traduction en anglais;20211;hiver 2021;1
SHLC;1;0458;Programme court de traduction en anglais;20222;été 2022;1
ESA;1;0470;Programme court de 1er cycle en entrepreneuriat;20092;été 2009;19
ESA;1;0470;Programme court de 1er cycle en entrepreneuriat;20093;automne 2009;27
ESA;1;0470;Programme court de 1er cycle en entrepreneuriat;20101;hiver 2010;25
ESA;1;0470;Programme court de 1er cycle en entrepreneuriat;20102;été 2010;17
ESA;1;0470;Programme court de 1er cycle en entrepreneuriat;20103;automne 2010;35
ESA;1;0470;Programme court de 1er cycle en entrepreneuriat;20111;hiver 2011;44
ESA;1;0470;Programme court de 1er cycle en entrepreneuriat;20112;été 2011;20
ESA;1;0470;Programme court de 1er cycle en entrepreneuriat;20113;automne 2011;53
ESA;1;0470;Programme court de 1er cycle en entrepreneuriat;20121;hiver 2012;61
ESA;1;0470;Programme court de 1er cycle en entrepreneuriat;20122;été 2012;32
ESA;1;0470;Programme court de 1er cycle en entrepreneuriat;20123;automne 2012;34
ESA;1;0470;Programme court de 1er cycle en entrepreneuriat;20131;hiver 2013;47
ESA;1;0470;Programme court de 1er cycle en entrepreneuriat;20132;été 2013;23
ESA;1;0470;Programme court de 1er cycle en entrepreneuriat;20133;automne 2013;44
ESA;1;0470;Programme court de 1er cycle en entrepreneuriat;20141;hiver 2014;62
ESA;1;0470;Programme court de 1er cycle en entrepreneuriat;20142;été 2014;41
ESA;1;0470;Programme court de 1er cycle en entrepreneuriat;20143;automne 2014;59
ESA;1;0470;Programme court de 1er cycle en entrepreneuriat;20151;hiver 2015;76
ESA;1;0470;Programme court de 1er cycle en entrepreneuriat;20152;été 2015;44
ESA;1;0470;Programme court de 1er cycle en entrepreneuriat;20153;automne 2015;109
ESA;1;0470;Programme court de 1er cycle en entrepreneuriat;20161;hiver 2016;150
ESA;1;0470;Programme court de 1er cycle en entrepreneuriat;20162;été 2016;96
ESA;1;0470;Programme court de 1er cycle en entrepreneuriat;20163;automne 2016;113
ESA;1;0470;Programme court de 1er cycle en entrepreneuriat;20171;hiver 2017;98
ESA;1;0470;Programme court de 1er cycle en entrepreneuriat;20172;été 2017;60
ESA;1;0470;Programme court de 1er cycle en entrepreneuriat;20173;automne 2017;89
ESA;1;0470;Programme court de 1er cycle en entrepreneuriat;20181;hiver 2018;76
ESA;1;0470;Programme court de 1er cycle en entrepreneuriat;20182;été 2018;31
ESA;1;0470;Programme court de 1er cycle en entrepreneuriat;20183;automne 2018;83
ESA;1;0470;Programme court de 1er cycle en entrepreneuriat;20191;hiver 2019;65
ESA;1;0470;Programme court de 1er cycle en entrepreneuriat;20192;été 2019;31
ESA;1;0470;Programme court de 1er cycle en entrepreneuriat;20193;automne 2019;49
ESA;1;0470;Programme court de 1er cycle en entrepreneuriat;20201;hiver 2020;51
ESA;1;0470;Programme court de 1er cycle en entrepreneuriat;20202;été 2020;35
ESA;1;0470;Programme court de 1er cycle en entrepreneuriat;20203;automne 2020;42
ESA;1;0470;Programme court de 1er cycle en entrepreneuriat;20211;hiver 2021;52
ESA;1;0470;Programme court de 1er cycle en entrepreneuriat;20212;été 2021;32
ESA;1;0470;Programme court de 1er cycle en entrepreneuriat;20213;automne 2021;44
ESA;1;0470;Programme court de 1er cycle en entrepreneuriat;20221;hiver 2022;49
ESA;1;0470;Programme court de 1er cycle en entrepreneuriat;20222;été 2022;24
ESA;1;0470;Programme court de 1er cycle en entrepreneuriat;20223;automne 2022;62
ESA;1;0470;Programme court de 1er cycle en entrepreneuriat;20231;hiver 2023;55
ESA;1;0470;Programme court de 1er cycle en entrepreneuriat;20232;été 2023;22
ESA;1;0470;Programme court de 1er cycle en entrepreneuriat;20233;automne 2023;42
ESA;1;0470;Programme court de 1er cycle en entrepreneuriat;20241;hiver 2024;42
ESA;1;0470;Programme court de 1er cycle en entrepreneuriat;20242;été 2024;29
ESA;1;0470;Programme court de 1er cycle en entrepreneuriat;20243;automne 2024;50
ESA;1;0470;Programme court de 1er cycle en entrepreneuriat;20251;hiver 2025;62
ESA;1;0470;Programme court de 1er cycle en entrepreneuriat;20252;été 2025;36
ESA;1;0470;Programme court de 1er cycle en entrepreneuriat;20253;automne 2025;52
ESA;1;0470;Programme court de 1er cycle en entrepreneuriat;20261;hiver 2026;44
ESA;1;0470;Programme court de 1er cycle en entrepreneuriat;20262;été 2026;30
ESA;1;0477;Programme court de 1er cycle d'initiation aux fondements de la gestion;20042;été 2004;4
ESA;1;0477;Programme court de 1er cycle d'initiation aux fondements de la gestion;20043;automne 2004;41
ESA;1;0477;Programme court de 1er cycle d'initiation aux fondements de la gestion;20051;hiver 2005;50
ESA;1;0477;Programme court de 1er cycle d'initiation aux fondements de la gestion;20052;été 2005;27
ESA;1;0477;Programme court de 1er cycle d'initiation aux fondements de la gestion;20053;automne 2005;62
ESA;1;0477;Programme court de 1er cycle d'initiation aux fondements de la gestion;20061;hiver 2006;75
ESA;1;0477;Programme court de 1er cycle d'initiation aux fondements de la gestion;20062;été 2006;27
ESA;1;0477;Programme court de 1er cycle d'initiation aux fondements de la gestion;20063;automne 2006;76
ESA;1;0477;Programme court de 1er cycle d'initiation aux fondements de la gestion;20071;hiver 2007;60
ESA;1;0477;Programme court de 1er cycle d'initiation aux fondements de la gestion;20072;été 2007;30
ESA;1;0477;Programme court de 1er cycle d'initiation aux fondements de la gestion;20073;automne 2007;79
ESA;1;0477;Programme court de 1er cycle d'initiation aux fondements de la gestion;20081;hiver 2008;36
ESA;1;0477;Programme court de 1er cycle d'initiation aux fondements de la gestion;20082;été 2008;31
ESA;1;0477;Programme court de 1er cycle d'initiation aux fondements de la gestion;20083;automne 2008;59
ESA;1;0477;Programme court de 1er cycle d'initiation aux fondements de la gestion;20091;hiver 2009;64
ESA;1;0477;Programme court de 1er cycle d'initiation aux fondements de la gestion;20092;été 2009;40
ESA;1;0477;Programme court de 1er cycle d'initiation aux fondements de la gestion;20093;automne 2009;89
ESA;1;0477;Programme court de 1er cycle d'initiation aux fondements de la gestion;20101;hiver 2010;88
ESA;1;0477;Programme court de 1er cycle d'initiation aux fondements de la gestion;20102;été 2010;55
ESA;1;0477;Programme court de 1er cycle d'initiation aux fondements de la gestion;20103;automne 2010;97
ESA;1;0477;Programme court de 1er cycle d'initiation aux fondements de la gestion;20111;hiver 2011;124
ESA;1;0477;Programme court de 1er cycle d'initiation aux fondements de la gestion;20112;été 2011;54
ESA;1;0477;Programme court de 1er cycle d'initiation aux fondements de la gestion;20113;automne 2011;103
ESA;1;0477;Programme court de 1er cycle d'initiation aux fondements de la gestion;20121;hiver 2012;100
ESA;1;0477;Programme court de 1er cycle d'initiation aux fondements de la gestion;20122;été 2012;70
ESA;1;0477;Programme court de 1er cycle d'initiation aux fondements de la gestion;20123;automne 2012;104
ESA;1;0477;Programme court de 1er cycle d'initiation aux fondements de la gestion;20131;hiver 2013;103
ESA;1;0477;Programme court de 1er cycle d'initiation aux fondements de la gestion;20132;été 2013;56
ESA;1;0477;Programme court de 1er cycle d'initiation aux fondements de la gestion;20133;automne 2013;87
ESA;1;0477;Programme court de 1er cycle d'initiation aux fondements de la gestion;20141;hiver 2014;96
ESA;1;0477;Programme court de 1er cycle d'initiation aux fondements de la gestion;20142;été 2014;58
ESA;1;0477;Programme court de 1er cycle d'initiation aux fondements de la gestion;20143;automne 2014;128
ESA;1;0477;Programme court de 1er cycle d'initiation aux fondements de la gestion;20151;hiver 2015;112
ESA;1;0477;Programme court de 1er cycle d'initiation aux fondements de la gestion;20152;été 2015;78
ESA;1;0477;Programme court de 1er cycle d'initiation aux fondements de la gestion;20153;automne 2015;130
ESA;1;0477;Programme court de 1er cycle d'initiation aux fondements de la gestion;20161;hiver 2016;108
ESA;1;0477;Programme court de 1er cycle d'initiation aux fondements de la gestion;20162;été 2016;42
ESA;1;0477;Programme court de 1er cycle d'initiation aux fondements de la gestion;20163;automne 2016;96
ESA;1;0477;Programme court de 1er cycle d'initiation aux fondements de la gestion;20171;hiver 2017;115
ESA;1;0477;Programme court de 1er cycle d'initiation aux fondements de la gestion;20172;été 2017;84
ESA;1;0477;Programme court de 1er cycle d'initiation aux fondements de la gestion;20173;automne 2017;101
ESA;1;0477;Programme court de 1er cycle d'initiation aux fondements de la gestion;20181;hiver 2018;100
ESA;1;0477;Programme court de 1er cycle d'initiation aux fondements de la gestion;20182;été 2018;69
ESA;1;0477;Programme court de 1er cycle d'initiation aux fondements de la gestion;20183;automne 2018;102
ESA;1;0477;Programme court de 1er cycle d'initiation aux fondements de la gestion;20191;hiver 2019;73
ESA;1;0477;Programme court de 1er cycle d'initiation aux fondements de la gestion;20192;été 2019;25
ESA;1;0477;Programme court de 1er cycle d'initiation aux fondements de la gestion;20193;automne 2019;86
ESA;1;0477;Programme court de 1er cycle d'initiation aux fondements de la gestion;20201;hiver 2020;94
ESA;1;0477;Programme court de 1er cycle d'initiation aux fondements de la gestion;20202;été 2020;92
ESA;1;0477;Programme court de 1er cycle d'initiation aux fondements de la gestion;20203;automne 2020;107
ESA;1;0477;Programme court de 1er cycle d'initiation aux fondements de la gestion;20211;hiver 2021;125
ESA;1;0477;Programme court de 1er cycle d'initiation aux fondements de la gestion;20212;été 2021;68
ESA;1;0477;Programme court de 1er cycle d'initiation aux fondements de la gestion;20213;automne 2021;111
ESA;1;0477;Programme court de 1er cycle d'initiation aux fondements de la gestion;20221;hiver 2022;99
ESA;1;0477;Programme court de 1er cycle d'initiation aux fondements de la gestion;20222;été 2022;61
ESA;1;0477;Programme court de 1er cycle d'initiation aux fondements de la gestion;20223;automne 2022;89
ESA;1;0477;Programme court de 1er cycle d'initiation aux fondements de la gestion;20231;hiver 2023;106
ESA;1;0477;Programme court de 1er cycle d'initiation aux fondements de la gestion;20232;été 2023;57
ESA;1;0477;Programme court de 1er cycle d'initiation aux fondements de la gestion;20233;automne 2023;86
ESA;1;0477;Programme court de 1er cycle d'initiation aux fondements de la gestion;20241;hiver 2024;77
ESA;1;0477;Programme court de 1er cycle d'initiation aux fondements de la gestion;20242;été 2024;44
ESA;1;0477;Programme court de 1er cycle d'initiation aux fondements de la gestion;20243;automne 2024;80
ESA;1;0477;Programme court de 1er cycle d'initiation aux fondements de la gestion;20251;hiver 2025;76
ESA;1;0477;Programme court de 1er cycle d'initiation aux fondements de la gestion;20252;été 2025;46
ESA;1;0477;Programme court de 1er cycle d'initiation aux fondements de la gestion;20253;automne 2025;75
ESA;1;0477;Programme court de 1er cycle d'initiation aux fondements de la gestion;20261;hiver 2026;60
ESA;1;0477;Programme court de 1er cycle d'initiation aux fondements de la gestion;20262;été 2026;36
ESA;1;0490;Programme court en gestion des risques;20052;été 2005;1
ESA;1;0490;Programme court en gestion des risques;20053;automne 2005;15
ESA;1;0490;Programme court en gestion des risques;20061;hiver 2006;8
ESA;1;0490;Programme court en gestion des risques;20062;été 2006;8
ESA;1;0490;Programme court en gestion des risques;20063;automne 2006;14
ESA;1;0490;Programme court en gestion des risques;20071;hiver 2007;9
ESA;1;0490;Programme court en gestion des risques;20072;été 2007;7
ESA;1;0490;Programme court en gestion des risques;20073;automne 2007;15
ESA;1;0490;Programme court en gestion des risques;20081;hiver 2008;13
ESA;1;0490;Programme court en gestion des risques;20082;été 2008;12
ESA;1;0490;Programme court en gestion des risques;20083;automne 2008;35
ESA;1;0490;Programme court en gestion des risques;20091;hiver 2009;20
ESA;1;0490;Programme court en gestion des risques;20092;été 2009;18
ESA;1;0490;Programme court en gestion des risques;20093;automne 2009;25
ESA;1;0490;Programme court en gestion des risques;20101;hiver 2010;24
ESA;1;0490;Programme court en gestion des risques;20102;été 2010;9
ESA;1;0490;Programme court en gestion des risques;20103;automne 2010;30
ESA;1;0490;Programme court en gestion des risques;20111;hiver 2011;16
ESA;1;0490;Programme court en gestion des risques;20112;été 2011;15
ESA;1;0490;Programme court en gestion des risques;20113;automne 2011;32
ESA;1;0490;Programme court en gestion des risques;20121;hiver 2012;18
ESA;1;0490;Programme court en gestion des risques;20122;été 2012;19
ESA;1;0490;Programme court en gestion des risques;20123;automne 2012;31
ESA;1;0490;Programme court en gestion des risques;20131;hiver 2013;28
ESA;1;0490;Programme court en gestion des risques;20132;été 2013;49
ESA;1;0490;Programme court en gestion des risques;20133;automne 2013;26
ESA;1;0490;Programme court en gestion des risques;20141;hiver 2014;7
ESA;1;0490;Programme court en gestion des risques;20142;été 2014;7
ESA;1;0490;Programme court en gestion des risques;20143;automne 2014;8
ESA;1;0490;Programme court en gestion des risques;20151;hiver 2015;3
ESA;1;0490;Programme court en gestion des risques;20152;été 2015;2
ESA;1;0490;Programme court en gestion des risques;20153;automne 2015;2
ESA;1;0490;Programme court en gestion des risques;20161;hiver 2016;1
ED;1;0494;Programme court de 1er cycle en intervention éducative auprès des adultes;20071;hiver 2007;19
ED;1;0494;Programme court de 1er cycle en intervention éducative auprès des adultes;20072;été 2007;16
ED;1;0494;Programme court de 1er cycle en intervention éducative auprès des adultes;20073;automne 2007;37
ED;1;0494;Programme court de 1er cycle en intervention éducative auprès des adultes;20081;hiver 2008;18
ED;1;0494;Programme court de 1er cycle en intervention éducative auprès des adultes;20082;été 2008;27
ED;1;0494;Programme court de 1er cycle en intervention éducative auprès des adultes;20083;automne 2008;35
ED;1;0494;Programme court de 1er cycle en intervention éducative auprès des adultes;20091;hiver 2009;51
ED;1;0494;Programme court de 1er cycle en intervention éducative auprès des adultes;20092;été 2009;34
ED;1;0494;Programme court de 1er cycle en intervention éducative auprès des adultes;20093;automne 2009;37
ED;1;0494;Programme court de 1er cycle en intervention éducative auprès des adultes;20101;hiver 2010;38
ED;1;0494;Programme court de 1er cycle en intervention éducative auprès des adultes;20102;été 2010;38
ED;1;0494;Programme court de 1er cycle en intervention éducative auprès des adultes;20103;automne 2010;54
ED;1;0494;Programme court de 1er cycle en intervention éducative auprès des adultes;20111;hiver 2011;45
ED;1;0494;Programme court de 1er cycle en intervention éducative auprès des adultes;20112;été 2011;35
ED;1;0494;Programme court de 1er cycle en intervention éducative auprès des adultes;20113;automne 2011;43
ED;1;0494;Programme court de 1er cycle en intervention éducative auprès des adultes;20121;hiver 2012;38
ED;1;0494;Programme court de 1er cycle en intervention éducative auprès des adultes;20122;été 2012;19
ED;1;0494;Programme court de 1er cycle en intervention éducative auprès des adultes;20123;automne 2012;34
ED;1;0494;Programme court de 1er cycle en intervention éducative auprès des adultes;20131;hiver 2013;40
ED;1;0494;Programme court de 1er cycle en intervention éducative auprès des adultes;20132;été 2013;11
ED;1;0494;Programme court de 1er cycle en intervention éducative auprès des adultes;20133;automne 2013;44
ED;1;0494;Programme court de 1er cycle en intervention éducative auprès des adultes;20141;hiver 2014;50
ED;1;0494;Programme court de 1er cycle en intervention éducative auprès des adultes;20142;été 2014;32
ED;1;0494;Programme court de 1er cycle en intervention éducative auprès des adultes;20143;automne 2014;49
ED;1;0494;Programme court de 1er cycle en intervention éducative auprès des adultes;20151;hiver 2015;54
ED;1;0494;Programme court de 1er cycle en intervention éducative auprès des adultes;20152;été 2015;23
ED;1;0494;Programme court de 1er cycle en intervention éducative auprès des adultes;20153;automne 2015;39
ED;1;0494;Programme court de 1er cycle en intervention éducative auprès des adultes;20161;hiver 2016;52
ED;1;0494;Programme court de 1er cycle en intervention éducative auprès des adultes;20162;été 2016;29
ED;1;0494;Programme court de 1er cycle en intervention éducative auprès des adultes;20163;automne 2016;67
ED;1;0494;Programme court de 1er cycle en intervention éducative auprès des adultes;20171;hiver 2017;52
ED;1;0494;Programme court de 1er cycle en intervention éducative auprès des adultes;20172;été 2017;55
ED;1;0494;Programme court de 1er cycle en intervention éducative auprès des adultes;20173;automne 2017;63
ED;1;0494;Programme court de 1er cycle en intervention éducative auprès des adultes;20181;hiver 2018;51
ED;1;0494;Programme court de 1er cycle en intervention éducative auprès des adultes;20182;été 2018;60
ED;1;0494;Programme court de 1er cycle en intervention éducative auprès des adultes;20183;automne 2018;63
ED;1;0494;Programme court de 1er cycle en intervention éducative auprès des adultes;20191;hiver 2019;42
ED;1;0494;Programme court de 1er cycle en intervention éducative auprès des adultes;20192;été 2019;22
ED;1;0494;Programme court de 1er cycle en intervention éducative auprès des adultes;20193;automne 2019;59
ED;1;0494;Programme court de 1er cycle en intervention éducative auprès des adultes;20201;hiver 2020;80
ED;1;0494;Programme court de 1er cycle en intervention éducative auprès des adultes;20202;été 2020;87
ED;1;0494;Programme court de 1er cycle en intervention éducative auprès des adultes;20203;automne 2020;74
ED;1;0494;Programme court de 1er cycle en intervention éducative auprès des adultes;20211;hiver 2021;98
ED;1;0494;Programme court de 1er cycle en intervention éducative auprès des adultes;20212;été 2021;65
ED;1;0494;Programme court de 1er cycle en intervention éducative auprès des adultes;20213;automne 2021;74
ED;1;0494;Programme court de 1er cycle en intervention éducative auprès des adultes;20221;hiver 2022;87
ED;1;0494;Programme court de 1er cycle en intervention éducative auprès des adultes;20222;été 2022;53
ED;1;0494;Programme court de 1er cycle en intervention éducative auprès des adultes;20223;automne 2022;68
ED;1;0494;Programme court de 1er cycle en intervention éducative auprès des adultes;20231;hiver 2023;72
ED;1;0494;Programme court de 1er cycle en intervention éducative auprès des adultes;20232;été 2023;49
ED;1;0494;Programme court de 1er cycle en intervention éducative auprès des adultes;20233;automne 2023;79
ED;1;0494;Programme court de 1er cycle en intervention éducative auprès des adultes;20241;hiver 2024;93
ED;1;0494;Programme court de 1er cycle en intervention éducative auprès des adultes;20242;été 2024;56
ED;1;0494;Programme court de 1er cycle en intervention éducative auprès des adultes;20243;automne 2024;70
ED;1;0494;Programme court de 1er cycle en intervention éducative auprès des adultes;20251;hiver 2025;52
ED;1;0494;Programme court de 1er cycle en intervention éducative auprès des adultes;20252;été 2025;44
ED;1;0494;Programme court de 1er cycle en intervention éducative auprès des adultes;20253;automne 2025;49
ED;1;0494;Programme court de 1er cycle en intervention éducative auprès des adultes;20261;hiver 2026;64
ED;1;0494;Programme court de 1er cycle en intervention éducative auprès des adultes;20262;été 2026;43
SHLC;2;0498;Programme court d'accompagnement des aînés;20043;automne 2004;10
SHLC;2;0498;Programme court d'accompagnement des aînés;20052;été 2005;1
SHLC;2;0498;Programme court d'accompagnement des aînés;20053;automne 2005;21
SHLC;1;0502;Programme court de 1er cycle en enseignement de l'anglais langue seconde;20052;été 2005;13
SHLC;1;0502;Programme court de 1er cycle en enseignement de l'anglais langue seconde;20053;automne 2005;15
SHLC;1;0502;Programme court de 1er cycle en enseignement de l'anglais langue seconde;20061;hiver 2006;45
SHLC;1;0502;Programme court de 1er cycle en enseignement de l'anglais langue seconde;20062;été 2006;34
SHLC;1;0502;Programme court de 1er cycle en enseignement de l'anglais langue seconde;20063;automne 2006;34
SHLC;1;0502;Programme court de 1er cycle en enseignement de l'anglais langue seconde;20071;hiver 2007;44
SHLC;1;0502;Programme court de 1er cycle en enseignement de l'anglais langue seconde;20072;été 2007;33
SHLC;1;0502;Programme court de 1er cycle en enseignement de l'anglais langue seconde;20073;automne 2007;39
SHLC;1;0502;Programme court de 1er cycle en enseignement de l'anglais langue seconde;20081;hiver 2008;16
SHLC;1;0502;Programme court de 1er cycle en enseignement de l'anglais langue seconde;20082;été 2008;33
SHLC;1;0502;Programme court de 1er cycle en enseignement de l'anglais langue seconde;20083;automne 2008;31
SHLC;1;0502;Programme court de 1er cycle en enseignement de l'anglais langue seconde;20091;hiver 2009;30
SHLC;1;0502;Programme court de 1er cycle en enseignement de l'anglais langue seconde;20092;été 2009;37
SHLC;1;0502;Programme court de 1er cycle en enseignement de l'anglais langue seconde;20093;automne 2009;55
SHLC;1;0502;Programme court de 1er cycle en enseignement de l'anglais langue seconde;20101;hiver 2010;30
SHLC;1;0502;Programme court de 1er cycle en enseignement de l'anglais langue seconde;20102;été 2010;19
SHLC;1;0502;Programme court de 1er cycle en enseignement de l'anglais langue seconde;20103;automne 2010;36
SHLC;1;0502;Programme court de 1er cycle en enseignement de l'anglais langue seconde;20111;hiver 2011;27
SHLC;1;0502;Programme court de 1er cycle en enseignement de l'anglais langue seconde;20112;été 2011;37
SHLC;1;0502;Programme court de 1er cycle en enseignement de l'anglais langue seconde;20113;automne 2011;45
SHLC;1;0502;Programme court de 1er cycle en enseignement de l'anglais langue seconde;20121;hiver 2012;46
SHLC;1;0502;Programme court de 1er cycle en enseignement de l'anglais langue seconde;20122;été 2012;39
SHLC;1;0502;Programme court de 1er cycle en enseignement de l'anglais langue seconde;20123;automne 2012;50
SHLC;1;0502;Programme court de 1er cycle en enseignement de l'anglais langue seconde;20131;hiver 2013;29
SHLC;1;0502;Programme court de 1er cycle en enseignement de l'anglais langue seconde;20132;été 2013;21
SHLC;1;0502;Programme court de 1er cycle en enseignement de l'anglais langue seconde;20133;automne 2013;38
SHLC;1;0502;Programme court de 1er cycle en enseignement de l'anglais langue seconde;20141;hiver 2014;34
SHLC;1;0502;Programme court de 1er cycle en enseignement de l'anglais langue seconde;20142;été 2014;44
SHLC;1;0502;Programme court de 1er cycle en enseignement de l'anglais langue seconde;20143;automne 2014;32
SHLC;1;0502;Programme court de 1er cycle en enseignement de l'anglais langue seconde;20151;hiver 2015;30
SHLC;1;0502;Programme court de 1er cycle en enseignement de l'anglais langue seconde;20152;été 2015;34
SHLC;1;0502;Programme court de 1er cycle en enseignement de l'anglais langue seconde;20153;automne 2015;41
SHLC;1;0502;Programme court de 1er cycle en enseignement de l'anglais langue seconde;20161;hiver 2016;39
SHLC;1;0502;Programme court de 1er cycle en enseignement de l'anglais langue seconde;20162;été 2016;36
SHLC;1;0502;Programme court de 1er cycle en enseignement de l'anglais langue seconde;20163;automne 2016;40
SHLC;1;0502;Programme court de 1er cycle en enseignement de l'anglais langue seconde;20171;hiver 2017;35
SHLC;1;0502;Programme court de 1er cycle en enseignement de l'anglais langue seconde;20172;été 2017;39
SHLC;1;0502;Programme court de 1er cycle en enseignement de l'anglais langue seconde;20173;automne 2017;49
SHLC;1;0502;Programme court de 1er cycle en enseignement de l'anglais langue seconde;20181;hiver 2018;33
SHLC;1;0502;Programme court de 1er cycle en enseignement de l'anglais langue seconde;20182;été 2018;39
SHLC;1;0502;Programme court de 1er cycle en enseignement de l'anglais langue seconde;20183;automne 2018;25
SHLC;1;0502;Programme court de 1er cycle en enseignement de l'anglais langue seconde;20191;hiver 2019;24
SHLC;1;0502;Programme court de 1er cycle en enseignement de l'anglais langue seconde;20192;été 2019;3
SHLC;1;0502;Programme court de 1er cycle en enseignement de l'anglais langue seconde;20193;automne 2019;25
SHLC;1;0502;Programme court de 1er cycle en enseignement de l'anglais langue seconde;20201;hiver 2020;22
SHLC;1;0502;Programme court de 1er cycle en enseignement de l'anglais langue seconde;20202;été 2020;19
SHLC;1;0502;Programme court de 1er cycle en enseignement de l'anglais langue seconde;20203;automne 2020;28
SHLC;1;0502;Programme court de 1er cycle en enseignement de l'anglais langue seconde;20211;hiver 2021;29
SHLC;1;0502;Programme court de 1er cycle en enseignement de l'anglais langue seconde;20212;été 2021;10
SHLC;1;0502;Programme court de 1er cycle en enseignement de l'anglais langue seconde;20213;automne 2021;22
SHLC;1;0502;Programme court de 1er cycle en enseignement de l'anglais langue seconde;20221;hiver 2022;12
SHLC;1;0502;Programme court de 1er cycle en enseignement de l'anglais langue seconde;20222;été 2022;23
SHLC;1;0502;Programme court de 1er cycle en enseignement de l'anglais langue seconde;20223;automne 2022;11
SHLC;1;0502;Programme court de 1er cycle en enseignement de l'anglais langue seconde;20231;hiver 2023;12
SHLC;1;0502;Programme court de 1er cycle en enseignement de l'anglais langue seconde;20232;été 2023;13
SHLC;1;0502;Programme court de 1er cycle en enseignement de l'anglais langue seconde;20233;automne 2023;18
SHLC;1;0502;Programme court de 1er cycle en enseignement de l'anglais langue seconde;20241;hiver 2024;13
SHLC;1;0502;Programme court de 1er cycle en enseignement de l'anglais langue seconde;20242;été 2024;10
SHLC;1;0502;Programme court de 1er cycle en enseignement de l'anglais langue seconde;20243;automne 2024;16
SHLC;1;0502;Programme court de 1er cycle en enseignement de l'anglais langue seconde;20251;hiver 2025;13
SHLC;1;0502;Programme court de 1er cycle en enseignement de l'anglais langue seconde;20252;été 2025;16
SHLC;1;0502;Programme court de 1er cycle en enseignement de l'anglais langue seconde;20253;automne 2025;9
SHLC;1;0502;Programme court de 1er cycle en enseignement de l'anglais langue seconde;20261;hiver 2026;19
SHLC;1;0502;Programme court de 1er cycle en enseignement de l'anglais langue seconde;20262;été 2026;20
ST;2;0510;Programme court en technologie de l'information;20083;automne 2008;2
ST;2;0510;Programme court en technologie de l'information;20091;hiver 2009;2
ST;2;0510;Programme court en technologie de l'information;20092;été 2009;2
ST;2;0510;Programme court en technologie de l'information;20093;automne 2009;4
ST;2;0510;Programme court en technologie de l'information;20101;hiver 2010;2
ST;2;0510;Programme court en technologie de l'information;20102;été 2010;8
ST;2;0510;Programme court en technologie de l'information;20103;automne 2010;3
ST;2;0510;Programme court en technologie de l'information;20111;hiver 2011;2
ST;2;0510;Programme court en technologie de l'information;20123;automne 2012;1
ESA;1;0516;Programme court en pratiques et gestion du crédit productif en microfinance;20073;automne 2007;2
ESA;1;0516;Programme court en pratiques et gestion du crédit productif en microfinance;20081;hiver 2008;4
ESA;1;0516;Programme court en pratiques et gestion du crédit productif en microfinance;20082;été 2008;4
ESA;1;0516;Programme court en pratiques et gestion du crédit productif en microfinance;20083;automne 2008;3
ESA;1;0516;Programme court en pratiques et gestion du crédit productif en microfinance;20091;hiver 2009;4
ESA;1;0516;Programme court en pratiques et gestion du crédit productif en microfinance;20092;été 2009;2
ESA;1;0516;Programme court en pratiques et gestion du crédit productif en microfinance;20093;automne 2009;7
ESA;1;0516;Programme court en pratiques et gestion du crédit productif en microfinance;20101;hiver 2010;8
ESA;1;0516;Programme court en pratiques et gestion du crédit productif en microfinance;20102;été 2010;5
ESA;1;0516;Programme court en pratiques et gestion du crédit productif en microfinance;20103;automne 2010;9
ESA;1;0516;Programme court en pratiques et gestion du crédit productif en microfinance;20111;hiver 2011;7
ESA;1;0516;Programme court en pratiques et gestion du crédit productif en microfinance;20112;été 2011;6
ESA;1;0516;Programme court en pratiques et gestion du crédit productif en microfinance;20113;automne 2011;8
ESA;1;0516;Programme court en pratiques et gestion du crédit productif en microfinance;20121;hiver 2012;8
ESA;1;0516;Programme court en pratiques et gestion du crédit productif en microfinance;20122;été 2012;7
ESA;1;0516;Programme court en pratiques et gestion du crédit productif en microfinance;20123;automne 2012;10
ESA;1;0516;Programme court en pratiques et gestion du crédit productif en microfinance;20131;hiver 2013;9
ESA;1;0516;Programme court en pratiques et gestion du crédit productif en microfinance;20132;été 2013;6
ESA;1;0516;Programme court en pratiques et gestion du crédit productif en microfinance;20133;automne 2013;6
ESA;1;0516;Programme court en pratiques et gestion du crédit productif en microfinance;20141;hiver 2014;7
ESA;1;0516;Programme court en pratiques et gestion du crédit productif en microfinance;20142;été 2014;5
ESA;1;0516;Programme court en pratiques et gestion du crédit productif en microfinance;20143;automne 2014;5
ESA;1;0516;Programme court en pratiques et gestion du crédit productif en microfinance;20151;hiver 2015;10
ESA;1;0516;Programme court en pratiques et gestion du crédit productif en microfinance;20152;été 2015;8
ESA;1;0516;Programme court en pratiques et gestion du crédit productif en microfinance;20153;automne 2015;1
ESA;1;0516;Programme court en pratiques et gestion du crédit productif en microfinance;20161;hiver 2016;8
ESA;1;0516;Programme court en pratiques et gestion du crédit productif en microfinance;20162;été 2016;6
ESA;1;0516;Programme court en pratiques et gestion du crédit productif en microfinance;20163;automne 2016;9
ESA;1;0516;Programme court en pratiques et gestion du crédit productif en microfinance;20171;hiver 2017;9
ESA;1;0516;Programme court en pratiques et gestion du crédit productif en microfinance;20172;été 2017;5
ESA;1;0516;Programme court en pratiques et gestion du crédit productif en microfinance;20173;automne 2017;9
ESA;1;0516;Programme court en pratiques et gestion du crédit productif en microfinance;20181;hiver 2018;7
ESA;1;0516;Programme court en pratiques et gestion du crédit productif en microfinance;20182;été 2018;4
ESA;1;0516;Programme court en pratiques et gestion du crédit productif en microfinance;20183;automne 2018;3
ESA;1;0516;Programme court en pratiques et gestion du crédit productif en microfinance;20191;hiver 2019;7
ESA;1;0516;Programme court en pratiques et gestion du crédit productif en microfinance;20192;été 2019;4
ESA;1;0516;Programme court en pratiques et gestion du crédit productif en microfinance;20193;automne 2019;4
ESA;1;0516;Programme court en pratiques et gestion du crédit productif en microfinance;20201;hiver 2020;3
ESA;1;0516;Programme court en pratiques et gestion du crédit productif en microfinance;20202;été 2020;3
ESA;1;0516;Programme court en pratiques et gestion du crédit productif en microfinance;20203;automne 2020;1
ESA;1;0516;Programme court en pratiques et gestion du crédit productif en microfinance;20211;hiver 2021;1
ESA;1;0516;Programme court en pratiques et gestion du crédit productif en microfinance;20212;été 2021;1
ESA;1;0535;Programme court de 1er cycle en gestion du tourisme;20041;hiver 2004;10
ESA;1;0535;Programme court de 1er cycle en gestion du tourisme;20042;été 2004;9
ESA;1;0535;Programme court de 1er cycle en gestion du tourisme;20043;automne 2004;16
ESA;1;0535;Programme court de 1er cycle en gestion du tourisme;20051;hiver 2005;18
ESA;1;0535;Programme court de 1er cycle en gestion du tourisme;20052;été 2005;5
ESA;1;0535;Programme court de 1er cycle en gestion du tourisme;20053;automne 2005;37
ESA;1;0535;Programme court de 1er cycle en gestion du tourisme;20061;hiver 2006;15
ESA;1;0535;Programme court de 1er cycle en gestion du tourisme;20062;été 2006;12
ESA;1;0535;Programme court de 1er cycle en gestion du tourisme;20063;automne 2006;12
ESA;1;0535;Programme court de 1er cycle en gestion du tourisme;20071;hiver 2007;19
ESA;1;0535;Programme court de 1er cycle en gestion du tourisme;20072;été 2007;9
ESA;1;0535;Programme court de 1er cycle en gestion du tourisme;20073;automne 2007;20
ESA;1;0535;Programme court de 1er cycle en gestion du tourisme;20081;hiver 2008;7
ESA;1;0535;Programme court de 1er cycle en gestion du tourisme;20082;été 2008;11
ESA;1;0535;Programme court de 1er cycle en gestion du tourisme;20083;automne 2008;11
ESA;1;0535;Programme court de 1er cycle en gestion du tourisme;20091;hiver 2009;17
ESA;1;0535;Programme court de 1er cycle en gestion du tourisme;20092;été 2009;2
ESA;1;0535;Programme court de 1er cycle en gestion du tourisme;20093;automne 2009;15
ESA;1;0535;Programme court de 1er cycle en gestion du tourisme;20101;hiver 2010;5
ESA;1;0535;Programme court de 1er cycle en gestion du tourisme;20102;été 2010;4
ESA;1;0535;Programme court de 1er cycle en gestion du tourisme;20103;automne 2010;9
ESA;1;0535;Programme court de 1er cycle en gestion du tourisme;20111;hiver 2011;6
ESA;1;0535;Programme court de 1er cycle en gestion du tourisme;20112;été 2011;6
ESA;1;0535;Programme court de 1er cycle en gestion du tourisme;20113;automne 2011;6
ESA;1;0535;Programme court de 1er cycle en gestion du tourisme;20121;hiver 2012;6
ESA;1;0535;Programme court de 1er cycle en gestion du tourisme;20122;été 2012;9
ESA;1;0535;Programme court de 1er cycle en gestion du tourisme;20123;automne 2012;7
ESA;1;0535;Programme court de 1er cycle en gestion du tourisme;20131;hiver 2013;3
ESA;1;0535;Programme court de 1er cycle en gestion du tourisme;20132;été 2013;5
ESA;1;0535;Programme court de 1er cycle en gestion du tourisme;20133;automne 2013;12
ESA;1;0535;Programme court de 1er cycle en gestion du tourisme;20141;hiver 2014;4
ESA;1;0535;Programme court de 1er cycle en gestion du tourisme;20142;été 2014;5
ESA;1;0535;Programme court de 1er cycle en gestion du tourisme;20143;automne 2014;6
ESA;1;0535;Programme court de 1er cycle en gestion du tourisme;20151;hiver 2015;10
ESA;1;0535;Programme court de 1er cycle en gestion du tourisme;20152;été 2015;11
ESA;1;0535;Programme court de 1er cycle en gestion du tourisme;20153;automne 2015;7
ESA;1;0535;Programme court de 1er cycle en gestion du tourisme;20161;hiver 2016;12
ESA;1;0535;Programme court de 1er cycle en gestion du tourisme;20162;été 2016;5
ESA;1;0535;Programme court de 1er cycle en gestion du tourisme;20163;automne 2016;18
ESA;1;0535;Programme court de 1er cycle en gestion du tourisme;20171;hiver 2017;15
ESA;1;0535;Programme court de 1er cycle en gestion du tourisme;20172;été 2017;5
ESA;1;0535;Programme court de 1er cycle en gestion du tourisme;20173;automne 2017;13
ESA;1;0535;Programme court de 1er cycle en gestion du tourisme;20181;hiver 2018;9
ESA;1;0535;Programme court de 1er cycle en gestion du tourisme;20182;été 2018;6
ESA;1;0535;Programme court de 1er cycle en gestion du tourisme;20183;automne 2018;10
ESA;1;0535;Programme court de 1er cycle en gestion du tourisme;20191;hiver 2019;5
ESA;1;0535;Programme court de 1er cycle en gestion du tourisme;20192;été 2019;4
ESA;1;0535;Programme court de 1er cycle en gestion du tourisme;20193;automne 2019;5
ESA;1;0535;Programme court de 1er cycle en gestion du tourisme;20201;hiver 2020;15
ESA;1;0535;Programme court de 1er cycle en gestion du tourisme;20202;été 2020;8
ESA;1;0535;Programme court de 1er cycle en gestion du tourisme;20203;automne 2020;8
ESA;1;0535;Programme court de 1er cycle en gestion du tourisme;20211;hiver 2021;10
ESA;1;0535;Programme court de 1er cycle en gestion du tourisme;20212;été 2021;3
ESA;1;0535;Programme court de 1er cycle en gestion du tourisme;20213;automne 2021;8
ESA;1;0535;Programme court de 1er cycle en gestion du tourisme;20221;hiver 2022;13
ESA;1;0535;Programme court de 1er cycle en gestion du tourisme;20222;été 2022;2
ESA;1;0535;Programme court de 1er cycle en gestion du tourisme;20223;automne 2022;5
ESA;1;0535;Programme court de 1er cycle en gestion du tourisme;20231;hiver 2023;3
ESA;1;0535;Programme court de 1er cycle en gestion du tourisme;20232;été 2023;4
ESA;1;0535;Programme court de 1er cycle en gestion du tourisme;20233;automne 2023;2
ESA;1;0535;Programme court de 1er cycle en gestion du tourisme;20241;hiver 2024;2
ESA;1;0535;Programme court de 1er cycle en gestion du tourisme;20242;été 2024;1
ESA;1;0535;Programme court de 1er cycle en gestion du tourisme;20243;automne 2024;2
ESA;1;0535;Programme court de 1er cycle en gestion du tourisme;20251;hiver 2025;6
ESA;1;0535;Programme court de 1er cycle en gestion du tourisme;20252;été 2025;4
ESA;1;0535;Programme court de 1er cycle en gestion du tourisme;20253;automne 2025;8
ESA;1;0535;Programme court de 1er cycle en gestion du tourisme;20261;hiver 2026;5
ESA;1;0535;Programme court de 1er cycle en gestion du tourisme;20262;été 2026;2
SHLC;1;0558;Programme court de traduction en espagnol;20103;automne 2010;10
SHLC;1;0558;Programme court de traduction en espagnol;20111;hiver 2011;4
SHLC;1;0558;Programme court de traduction en espagnol;20112;été 2011;1
SHLC;1;0558;Programme court de traduction en espagnol;20113;automne 2011;9
SHLC;1;0558;Programme court de traduction en espagnol;20121;hiver 2012;4
SHLC;1;0558;Programme court de traduction en espagnol;20122;été 2012;3
SHLC;1;0558;Programme court de traduction en espagnol;20123;automne 2012;3
SHLC;1;0558;Programme court de traduction en espagnol;20131;hiver 2013;3
SHLC;1;0558;Programme court de traduction en espagnol;20132;été 2013;2
SHLC;1;0558;Programme court de traduction en espagnol;20133;automne 2013;11
SHLC;1;0558;Programme court de traduction en espagnol;20141;hiver 2014;5
SHLC;1;0558;Programme court de traduction en espagnol;20142;été 2014;6
SHLC;1;0558;Programme court de traduction en espagnol;20143;automne 2014;9
SHLC;1;0558;Programme court de traduction en espagnol;20151;hiver 2015;7
SHLC;1;0558;Programme court de traduction en espagnol;20153;automne 2015;6
SHLC;1;0558;Programme court de traduction en espagnol;20161;hiver 2016;16
SHLC;1;0558;Programme court de traduction en espagnol;20162;été 2016;12
SHLC;1;0558;Programme court de traduction en espagnol;20163;automne 2016;13
SHLC;1;0558;Programme court de traduction en espagnol;20171;hiver 2017;6
SHLC;1;0558;Programme court de traduction en espagnol;20172;été 2017;5
SHLC;1;0558;Programme court de traduction en espagnol;20173;automne 2017;4
SHLC;1;0558;Programme court de traduction en espagnol;20181;hiver 2018;3
SHLC;1;0558;Programme court de traduction en espagnol;20182;été 2018;7
SHLC;1;0558;Programme court de traduction en espagnol;20183;automne 2018;6
SHLC;1;0558;Programme court de traduction en espagnol;20191;hiver 2019;6
SHLC;1;0558;Programme court de traduction en espagnol;20193;automne 2019;3
SHLC;1;0558;Programme court de traduction en espagnol;20201;hiver 2020;5
SHLC;1;0558;Programme court de traduction en espagnol;20202;été 2020;13
SHLC;1;0558;Programme court de traduction en espagnol;20203;automne 2020;12
SHLC;1;0558;Programme court de traduction en espagnol;20211;hiver 2021;3
SHLC;1;0558;Programme court de traduction en espagnol;20212;été 2021;3
SHLC;1;0558;Programme court de traduction en espagnol;20213;automne 2021;2
SHLC;1;0558;Programme court de traduction en espagnol;20222;été 2022;2
SHLC;1;0558;Programme court de traduction en espagnol;20223;automne 2022;2
SHLC;1;0558;Programme court de traduction en espagnol;20231;hiver 2023;2
ESA;1;0564;Programme court de 1er cycle d'initiation à la gestion des ressources humaines;20043;automne 2004;5
ESA;1;0564;Programme court de 1er cycle d'initiation à la gestion des ressources humaines;20051;hiver 2005;20
ESA;1;0564;Programme court de 1er cycle d'initiation à la gestion des ressources humaines;20052;été 2005;16
ESA;1;0564;Programme court de 1er cycle d'initiation à la gestion des ressources humaines;20053;automne 2005;30
ESA;1;0564;Programme court de 1er cycle d'initiation à la gestion des ressources humaines;20061;hiver 2006;30
ESA;1;0564;Programme court de 1er cycle d'initiation à la gestion des ressources humaines;20062;été 2006;21
ESA;1;0564;Programme court de 1er cycle d'initiation à la gestion des ressources humaines;20063;automne 2006;38
ESA;1;0564;Programme court de 1er cycle d'initiation à la gestion des ressources humaines;20071;hiver 2007;45
ESA;1;0564;Programme court de 1er cycle d'initiation à la gestion des ressources humaines;20072;été 2007;36
ESA;1;0564;Programme court de 1er cycle d'initiation à la gestion des ressources humaines;20073;automne 2007;44
ESA;1;0564;Programme court de 1er cycle d'initiation à la gestion des ressources humaines;20081;hiver 2008;30
ESA;1;0564;Programme court de 1er cycle d'initiation à la gestion des ressources humaines;20082;été 2008;23
ESA;1;0564;Programme court de 1er cycle d'initiation à la gestion des ressources humaines;20083;automne 2008;58
ESA;1;0564;Programme court de 1er cycle d'initiation à la gestion des ressources humaines;20091;hiver 2009;49
ESA;1;0564;Programme court de 1er cycle d'initiation à la gestion des ressources humaines;20092;été 2009;38
ESA;1;0564;Programme court de 1er cycle d'initiation à la gestion des ressources humaines;20093;automne 2009;69
ESA;1;0564;Programme court de 1er cycle d'initiation à la gestion des ressources humaines;20101;hiver 2010;57
ESA;1;0564;Programme court de 1er cycle d'initiation à la gestion des ressources humaines;20102;été 2010;46
ESA;1;0564;Programme court de 1er cycle d'initiation à la gestion des ressources humaines;20103;automne 2010;90
ESA;1;0564;Programme court de 1er cycle d'initiation à la gestion des ressources humaines;20111;hiver 2011;68
ESA;1;0564;Programme court de 1er cycle d'initiation à la gestion des ressources humaines;20112;été 2011;46
ESA;1;0564;Programme court de 1er cycle d'initiation à la gestion des ressources humaines;20113;automne 2011;66
ESA;1;0564;Programme court de 1er cycle d'initiation à la gestion des ressources humaines;20121;hiver 2012;78
ESA;1;0564;Programme court de 1er cycle d'initiation à la gestion des ressources humaines;20122;été 2012;42
ESA;1;0564;Programme court de 1er cycle d'initiation à la gestion des ressources humaines;20123;automne 2012;78
ESA;1;0564;Programme court de 1er cycle d'initiation à la gestion des ressources humaines;20131;hiver 2013;59
ESA;1;0564;Programme court de 1er cycle d'initiation à la gestion des ressources humaines;20132;été 2013;41
ESA;1;0564;Programme court de 1er cycle d'initiation à la gestion des ressources humaines;20133;automne 2013;81
ESA;1;0564;Programme court de 1er cycle d'initiation à la gestion des ressources humaines;20141;hiver 2014;62
ESA;1;0564;Programme court de 1er cycle d'initiation à la gestion des ressources humaines;20142;été 2014;42
ESA;1;0564;Programme court de 1er cycle d'initiation à la gestion des ressources humaines;20143;automne 2014;58
ESA;1;0564;Programme court de 1er cycle d'initiation à la gestion des ressources humaines;20151;hiver 2015;88
ESA;1;0564;Programme court de 1er cycle d'initiation à la gestion des ressources humaines;20152;été 2015;45
ESA;1;0564;Programme court de 1er cycle d'initiation à la gestion des ressources humaines;20153;automne 2015;75
ESA;1;0564;Programme court de 1er cycle d'initiation à la gestion des ressources humaines;20161;hiver 2016;65
ESA;1;0564;Programme court de 1er cycle d'initiation à la gestion des ressources humaines;20162;été 2016;47
ESA;1;0564;Programme court de 1er cycle d'initiation à la gestion des ressources humaines;20163;automne 2016;78
ESA;1;0564;Programme court de 1er cycle d'initiation à la gestion des ressources humaines;20171;hiver 2017;68
ESA;1;0564;Programme court de 1er cycle d'initiation à la gestion des ressources humaines;20172;été 2017;35
ESA;1;0564;Programme court de 1er cycle d'initiation à la gestion des ressources humaines;20173;automne 2017;52
ESA;1;0564;Programme court de 1er cycle d'initiation à la gestion des ressources humaines;20181;hiver 2018;60
ESA;1;0564;Programme court de 1er cycle d'initiation à la gestion des ressources humaines;20182;été 2018;46
ESA;1;0564;Programme court de 1er cycle d'initiation à la gestion des ressources humaines;20183;automne 2018;61
ESA;1;0564;Programme court de 1er cycle d'initiation à la gestion des ressources humaines;20191;hiver 2019;53
ESA;1;0564;Programme court de 1er cycle d'initiation à la gestion des ressources humaines;20192;été 2019;28
ESA;1;0564;Programme court de 1er cycle d'initiation à la gestion des ressources humaines;20193;automne 2019;69
ESA;1;0564;Programme court de 1er cycle d'initiation à la gestion des ressources humaines;20201;hiver 2020;63
ESA;1;0564;Programme court de 1er cycle d'initiation à la gestion des ressources humaines;20202;été 2020;56
ESA;1;0564;Programme court de 1er cycle d'initiation à la gestion des ressources humaines;20203;automne 2020;67
ESA;1;0564;Programme court de 1er cycle d'initiation à la gestion des ressources humaines;20211;hiver 2021;99
ESA;1;0564;Programme court de 1er cycle d'initiation à la gestion des ressources humaines;20212;été 2021;60
ESA;1;0564;Programme court de 1er cycle d'initiation à la gestion des ressources humaines;20213;automne 2021;69
ESA;1;0564;Programme court de 1er cycle d'initiation à la gestion des ressources humaines;20221;hiver 2022;74
ESA;1;0564;Programme court de 1er cycle d'initiation à la gestion des ressources humaines;20222;été 2022;33
ESA;1;0564;Programme court de 1er cycle d'initiation à la gestion des ressources humaines;20223;automne 2022;74
ESA;1;0564;Programme court de 1er cycle d'initiation à la gestion des ressources humaines;20231;hiver 2023;84
ESA;1;0564;Programme court de 1er cycle d'initiation à la gestion des ressources humaines;20232;été 2023;51
ESA;1;0564;Programme court de 1er cycle d'initiation à la gestion des ressources humaines;20233;automne 2023;89
ESA;1;0564;Programme court de 1er cycle d'initiation à la gestion des ressources humaines;20241;hiver 2024;96
ESA;1;0564;Programme court de 1er cycle d'initiation à la gestion des ressources humaines;20242;été 2024;79
ESA;1;0564;Programme court de 1er cycle d'initiation à la gestion des ressources humaines;20243;automne 2024;106
ESA;1;0564;Programme court de 1er cycle d'initiation à la gestion des ressources humaines;20251;hiver 2025;120
ESA;1;0564;Programme court de 1er cycle d'initiation à la gestion des ressources humaines;20252;été 2025;84
ESA;1;0564;Programme court de 1er cycle d'initiation à la gestion des ressources humaines;20253;automne 2025;98
ESA;1;0564;Programme court de 1er cycle d'initiation à la gestion des ressources humaines;20261;hiver 2026;100
ESA;1;0564;Programme court de 1er cycle d'initiation à la gestion des ressources humaines;20262;été 2026;47
ED;2;0571;Programme court de 2e cycle Sens et projet de vie;20113;automne 2011;28
ED;2;0571;Programme court de 2e cycle Sens et projet de vie;20123;automne 2012;52
ED;2;0571;Programme court de 2e cycle Sens et projet de vie;20131;hiver 2013;25
ED;2;0571;Programme court de 2e cycle Sens et projet de vie;20133;automne 2013;45
ED;2;0571;Programme court de 2e cycle Sens et projet de vie;20141;hiver 2014;20
ED;2;0571;Programme court de 2e cycle Sens et projet de vie;20143;automne 2014;51
ED;2;0571;Programme court de 2e cycle Sens et projet de vie;20151;hiver 2015;20
ED;2;0571;Programme court de 2e cycle Sens et projet de vie;20153;automne 2015;52
ED;2;0571;Programme court de 2e cycle Sens et projet de vie;20161;hiver 2016;29
ED;2;0571;Programme court de 2e cycle Sens et projet de vie;20163;automne 2016;34
ED;2;0571;Programme court de 2e cycle Sens et projet de vie;20171;hiver 2017;21
ED;2;0571;Programme court de 2e cycle Sens et projet de vie;20173;automne 2017;38
ED;2;0571;Programme court de 2e cycle Sens et projet de vie;20181;hiver 2018;13
ED;2;0571;Programme court de 2e cycle Sens et projet de vie;20182;été 2018;1
ED;2;0571;Programme court de 2e cycle Sens et projet de vie;20183;automne 2018;37
ED;2;0571;Programme court de 2e cycle Sens et projet de vie;20191;hiver 2019;23
ED;2;0571;Programme court de 2e cycle Sens et projet de vie;20193;automne 2019;45
ED;2;0571;Programme court de 2e cycle Sens et projet de vie;20201;hiver 2020;15
ED;2;0571;Programme court de 2e cycle Sens et projet de vie;20203;automne 2020;41
ED;2;0571;Programme court de 2e cycle Sens et projet de vie;20211;hiver 2021;24
ED;2;0571;Programme court de 2e cycle Sens et projet de vie;20213;automne 2021;72
ED;2;0571;Programme court de 2e cycle Sens et projet de vie;20221;hiver 2022;16
ED;2;0571;Programme court de 2e cycle Sens et projet de vie;20223;automne 2022;70
ED;2;0571;Programme court de 2e cycle Sens et projet de vie;20231;hiver 2023;39
ED;2;0571;Programme court de 2e cycle Sens et projet de vie;20233;automne 2023;61
ED;2;0571;Programme court de 2e cycle Sens et projet de vie;20241;hiver 2024;27
ED;2;0571;Programme court de 2e cycle Sens et projet de vie;20243;automne 2024;28
ED;2;0571;Programme court de 2e cycle Sens et projet de vie;20251;hiver 2025;28
ED;2;0584;Programme court de 2e cycle en technologie éducative;20111;hiver 2011;9
ED;2;0584;Programme court de 2e cycle en technologie éducative;20112;été 2011;21
ED;2;0584;Programme court de 2e cycle en technologie éducative;20113;automne 2011;22
ED;2;0584;Programme court de 2e cycle en technologie éducative;20121;hiver 2012;20
ED;2;0584;Programme court de 2e cycle en technologie éducative;20122;été 2012;16
ED;2;0584;Programme court de 2e cycle en technologie éducative;20123;automne 2012;19
ED;2;0584;Programme court de 2e cycle en technologie éducative;20131;hiver 2013;26
ED;2;0584;Programme court de 2e cycle en technologie éducative;20132;été 2013;8
ED;2;0584;Programme court de 2e cycle en technologie éducative;20133;automne 2013;31
ED;2;0584;Programme court de 2e cycle en technologie éducative;20141;hiver 2014;15
ED;2;0584;Programme court de 2e cycle en technologie éducative;20142;été 2014;17
ED;2;0584;Programme court de 2e cycle en technologie éducative;20143;automne 2014;24
ED;2;0584;Programme court de 2e cycle en technologie éducative;20151;hiver 2015;16
ED;2;0584;Programme court de 2e cycle en technologie éducative;20152;été 2015;4
ED;2;0584;Programme court de 2e cycle en technologie éducative;20153;automne 2015;19
ED;2;0584;Programme court de 2e cycle en technologie éducative;20161;hiver 2016;19
ED;2;0584;Programme court de 2e cycle en technologie éducative;20162;été 2016;14
ED;2;0584;Programme court de 2e cycle en technologie éducative;20163;automne 2016;17
ED;2;0584;Programme court de 2e cycle en technologie éducative;20171;hiver 2017;15
ED;2;0584;Programme court de 2e cycle en technologie éducative;20172;été 2017;30
ED;2;0584;Programme court de 2e cycle en technologie éducative;20173;automne 2017;20
ED;2;0584;Programme court de 2e cycle en technologie éducative;20181;hiver 2018;22
ED;2;0584;Programme court de 2e cycle en technologie éducative;20182;été 2018;18
ED;2;0584;Programme court de 2e cycle en technologie éducative;20183;automne 2018;39
ED;2;0584;Programme court de 2e cycle en technologie éducative;20191;hiver 2019;28
ED;2;0584;Programme court de 2e cycle en technologie éducative;20192;été 2019;13
ED;2;0584;Programme court de 2e cycle en technologie éducative;20193;automne 2019;26
ED;2;0584;Programme court de 2e cycle en technologie éducative;20201;hiver 2020;27
ED;2;0584;Programme court de 2e cycle en technologie éducative;20202;été 2020;38
ED;2;0584;Programme court de 2e cycle en technologie éducative;20203;automne 2020;46
ED;2;0584;Programme court de 2e cycle en technologie éducative;20211;hiver 2021;19
ED;2;0584;Programme court de 2e cycle en technologie éducative;20212;été 2021;33
ED;2;0584;Programme court de 2e cycle en technologie éducative;20213;automne 2021;27
ED;2;0584;Programme court de 2e cycle en technologie éducative;20221;hiver 2022;32
ED;2;0584;Programme court de 2e cycle en technologie éducative;20222;été 2022;19
ED;2;0584;Programme court de 2e cycle en technologie éducative;20223;automne 2022;38
ED;2;0584;Programme court de 2e cycle en technologie éducative;20231;hiver 2023;38
ED;2;0584;Programme court de 2e cycle en technologie éducative;20232;été 2023;34
ED;2;0584;Programme court de 2e cycle en technologie éducative;20233;automne 2023;15
ED;2;0584;Programme court de 2e cycle en technologie éducative;20241;hiver 2024;17
ED;2;0584;Programme court de 2e cycle en technologie éducative;20242;été 2024;17
ED;2;0584;Programme court de 2e cycle en technologie éducative;20243;automne 2024;29
ED;2;0584;Programme court de 2e cycle en technologie éducative;20251;hiver 2025;26
ED;2;0584;Programme court de 2e cycle en technologie éducative;20252;été 2025;22
ED;2;0584;Programme court de 2e cycle en technologie éducative;20253;automne 2025;29
ED;2;0584;Programme court de 2e cycle en technologie éducative;20261;hiver 2026;31
ED;2;0584;Programme court de 2e cycle en technologie éducative;20262;été 2026;13
ESA;2;0589;Programme court de 2e cycle en gouvernance des technologies de l'information;20112;été 2011;1
ESA;2;0589;Programme court de 2e cycle en gouvernance des technologies de l'information;20113;automne 2011;4
ESA;2;0589;Programme court de 2e cycle en gouvernance des technologies de l'information;20121;hiver 2012;7
ESA;2;0589;Programme court de 2e cycle en gouvernance des technologies de l'information;20122;été 2012;9
ESA;2;0589;Programme court de 2e cycle en gouvernance des technologies de l'information;20123;automne 2012;22
ESA;2;0589;Programme court de 2e cycle en gouvernance des technologies de l'information;20131;hiver 2013;13
ESA;2;0589;Programme court de 2e cycle en gouvernance des technologies de l'information;20132;été 2013;12
ESA;2;0589;Programme court de 2e cycle en gouvernance des technologies de l'information;20133;automne 2013;25
ESA;2;0589;Programme court de 2e cycle en gouvernance des technologies de l'information;20141;hiver 2014;37
ESA;2;0589;Programme court de 2e cycle en gouvernance des technologies de l'information;20142;été 2014;27
ESA;2;0589;Programme court de 2e cycle en gouvernance des technologies de l'information;20143;automne 2014;29
ESA;2;0589;Programme court de 2e cycle en gouvernance des technologies de l'information;20151;hiver 2015;40
ESA;2;0589;Programme court de 2e cycle en gouvernance des technologies de l'information;20152;été 2015;24
ESA;2;0589;Programme court de 2e cycle en gouvernance des technologies de l'information;20153;automne 2015;34
ESA;2;0589;Programme court de 2e cycle en gouvernance des technologies de l'information;20161;hiver 2016;39
ESA;2;0589;Programme court de 2e cycle en gouvernance des technologies de l'information;20162;été 2016;25
ESA;2;0589;Programme court de 2e cycle en gouvernance des technologies de l'information;20163;automne 2016;34
ESA;2;0589;Programme court de 2e cycle en gouvernance des technologies de l'information;20171;hiver 2017;32
ESA;2;0589;Programme court de 2e cycle en gouvernance des technologies de l'information;20172;été 2017;19
ESA;2;0589;Programme court de 2e cycle en gouvernance des technologies de l'information;20173;automne 2017;28
ESA;2;0589;Programme court de 2e cycle en gouvernance des technologies de l'information;20181;hiver 2018;30
ESA;2;0589;Programme court de 2e cycle en gouvernance des technologies de l'information;20182;été 2018;21
ESA;2;0589;Programme court de 2e cycle en gouvernance des technologies de l'information;20183;automne 2018;39
ESA;2;0589;Programme court de 2e cycle en gouvernance des technologies de l'information;20191;hiver 2019;35
ESA;2;0589;Programme court de 2e cycle en gouvernance des technologies de l'information;20192;été 2019;19
ESA;2;0589;Programme court de 2e cycle en gouvernance des technologies de l'information;20193;automne 2019;33
ESA;2;0589;Programme court de 2e cycle en gouvernance des technologies de l'information;20201;hiver 2020;37
ESA;2;0589;Programme court de 2e cycle en gouvernance des technologies de l'information;20202;été 2020;25
ESA;2;0589;Programme court de 2e cycle en gouvernance des technologies de l'information;20203;automne 2020;42
ESA;2;0589;Programme court de 2e cycle en gouvernance des technologies de l'information;20211;hiver 2021;38
ESA;2;0589;Programme court de 2e cycle en gouvernance des technologies de l'information;20212;été 2021;32
ESA;2;0589;Programme court de 2e cycle en gouvernance des technologies de l'information;20213;automne 2021;30
ESA;2;0589;Programme court de 2e cycle en gouvernance des technologies de l'information;20221;hiver 2022;26
ESA;2;0589;Programme court de 2e cycle en gouvernance des technologies de l'information;20222;été 2022;20
ESA;2;0589;Programme court de 2e cycle en gouvernance des technologies de l'information;20223;automne 2022;27
ESA;2;0589;Programme court de 2e cycle en gouvernance des technologies de l'information;20231;hiver 2023;21
ESA;2;0589;Programme court de 2e cycle en gouvernance des technologies de l'information;20232;été 2023;15
ESA;2;0589;Programme court de 2e cycle en gouvernance des technologies de l'information;20233;automne 2023;27
ESA;2;0589;Programme court de 2e cycle en gouvernance des technologies de l'information;20241;hiver 2024;24
ESA;2;0589;Programme court de 2e cycle en gouvernance des technologies de l'information;20242;été 2024;26
ESA;2;0589;Programme court de 2e cycle en gouvernance des technologies de l'information;20243;automne 2024;27
ESA;2;0589;Programme court de 2e cycle en gouvernance des technologies de l'information;20251;hiver 2025;18
ESA;2;0589;Programme court de 2e cycle en gouvernance des technologies de l'information;20252;été 2025;24
ESA;2;0589;Programme court de 2e cycle en gouvernance des technologies de l'information;20253;automne 2025;18
ESA;2;0589;Programme court de 2e cycle en gouvernance des technologies de l'information;20261;hiver 2026;39
ESA;2;0589;Programme court de 2e cycle en gouvernance des technologies de l'information;20262;été 2026;19
SHLC;2;0598;Programme court Sens et projet de vie;20063;automne 2006;33
SHLC;2;0598;Programme court Sens et projet de vie;20073;automne 2007;54
SHLC;2;0598;Programme court Sens et projet de vie;20082;été 2008;1
SHLC;2;0598;Programme court Sens et projet de vie;20083;automne 2008;61
SHLC;2;0598;Programme court Sens et projet de vie;20093;automne 2009;58
SHLC;2;0598;Programme court Sens et projet de vie;20103;automne 2010;58
SHLC;2;0598;Programme court Sens et projet de vie;20113;automne 2011;40
SHLC;2;0598;Programme court Sens et projet de vie;20121;hiver 2012;38
ESA;1;0629;Programme court de 1er cycle d'initiation à la gestion de la diversité;20142;été 2014;1
ESA;1;0629;Programme court de 1er cycle d'initiation à la gestion de la diversité;20143;automne 2014;3
ESA;1;0629;Programme court de 1er cycle d'initiation à la gestion de la diversité;20151;hiver 2015;3
ESA;1;0629;Programme court de 1er cycle d'initiation à la gestion de la diversité;20152;été 2015;4
ESA;1;0629;Programme court de 1er cycle d'initiation à la gestion de la diversité;20153;automne 2015;3
ESA;1;0629;Programme court de 1er cycle d'initiation à la gestion de la diversité;20161;hiver 2016;3
ESA;1;0629;Programme court de 1er cycle d'initiation à la gestion de la diversité;20162;été 2016;1
ESA;1;0629;Programme court de 1er cycle d'initiation à la gestion de la diversité;20163;automne 2016;1
ESA;1;0629;Programme court de 1er cycle d'initiation à la gestion de la diversité;20171;hiver 2017;2
ESA;1;0629;Programme court de 1er cycle d'initiation à la gestion de la diversité;20172;été 2017;1
ESA;1;0629;Programme court de 1er cycle d'initiation à la gestion de la diversité;20173;automne 2017;5
ESA;1;0629;Programme court de 1er cycle d'initiation à la gestion de la diversité;20181;hiver 2018;3
ESA;1;0629;Programme court de 1er cycle d'initiation à la gestion de la diversité;20182;été 2018;2
ESA;1;0629;Programme court de 1er cycle d'initiation à la gestion de la diversité;20183;automne 2018;6
ESA;1;0629;Programme court de 1er cycle d'initiation à la gestion de la diversité;20191;hiver 2019;4
ESA;1;0629;Programme court de 1er cycle d'initiation à la gestion de la diversité;20192;été 2019;2
ESA;1;0629;Programme court de 1er cycle d'initiation à la gestion de la diversité;20193;automne 2019;1
ESA;1;0629;Programme court de 1er cycle d'initiation à la gestion de la diversité;20201;hiver 2020;5
ESA;1;0629;Programme court de 1er cycle d'initiation à la gestion de la diversité;20202;été 2020;4
ESA;1;0629;Programme court de 1er cycle d'initiation à la gestion de la diversité;20203;automne 2020;15
ESA;1;0629;Programme court de 1er cycle d'initiation à la gestion de la diversité;20211;hiver 2021;8
ESA;1;0629;Programme court de 1er cycle d'initiation à la gestion de la diversité;20212;été 2021;7
ESA;1;0629;Programme court de 1er cycle d'initiation à la gestion de la diversité;20213;automne 2021;9
ESA;1;0629;Programme court de 1er cycle d'initiation à la gestion de la diversité;20221;hiver 2022;2
ESA;1;0629;Programme court de 1er cycle d'initiation à la gestion de la diversité;20222;été 2022;9
ESA;1;0629;Programme court de 1er cycle d'initiation à la gestion de la diversité;20223;automne 2022;9
ESA;1;0629;Programme court de 1er cycle d'initiation à la gestion de la diversité;20231;hiver 2023;5
ESA;1;0629;Programme court de 1er cycle d'initiation à la gestion de la diversité;20232;été 2023;6
ESA;1;0629;Programme court de 1er cycle d'initiation à la gestion de la diversité;20233;automne 2023;10
ESA;1;0629;Programme court de 1er cycle d'initiation à la gestion de la diversité;20241;hiver 2024;7
ESA;1;0629;Programme court de 1er cycle d'initiation à la gestion de la diversité;20242;été 2024;8
ESA;1;0629;Programme court de 1er cycle d'initiation à la gestion de la diversité;20243;automne 2024;4
ESA;1;0629;Programme court de 1er cycle d'initiation à la gestion de la diversité;20251;hiver 2025;2
ESA;1;0629;Programme court de 1er cycle d'initiation à la gestion de la diversité;20253;automne 2025;5
ESA;1;0629;Programme court de 1er cycle d'initiation à la gestion de la diversité;20261;hiver 2026;4
ESA;1;0629;Programme court de 1er cycle d'initiation à la gestion de la diversité;20262;été 2026;5
ED;2;0638;Programme court de 2e cycle en design pédagogique;20142;été 2014;5
ED;2;0638;Programme court de 2e cycle en design pédagogique;20143;automne 2014;11
ED;2;0638;Programme court de 2e cycle en design pédagogique;20151;hiver 2015;8
ED;2;0638;Programme court de 2e cycle en design pédagogique;20152;été 2015;8
ED;2;0638;Programme court de 2e cycle en design pédagogique;20153;automne 2015;8
ED;2;0638;Programme court de 2e cycle en design pédagogique;20161;hiver 2016;7
ED;2;0638;Programme court de 2e cycle en design pédagogique;20162;été 2016;6
ED;2;0638;Programme court de 2e cycle en design pédagogique;20163;automne 2016;12
ED;2;0638;Programme court de 2e cycle en design pédagogique;20171;hiver 2017;11
ED;2;0638;Programme court de 2e cycle en design pédagogique;20172;été 2017;9
ED;2;0638;Programme court de 2e cycle en design pédagogique;20173;automne 2017;10
ED;2;0638;Programme court de 2e cycle en design pédagogique;20181;hiver 2018;14
ED;2;0638;Programme court de 2e cycle en design pédagogique;20182;été 2018;9
ED;2;0638;Programme court de 2e cycle en design pédagogique;20183;automne 2018;11
ED;2;0638;Programme court de 2e cycle en design pédagogique;20191;hiver 2019;11
ED;2;0638;Programme court de 2e cycle en design pédagogique;20192;été 2019;5
ED;2;0638;Programme court de 2e cycle en design pédagogique;20193;automne 2019;9
ED;2;0638;Programme court de 2e cycle en design pédagogique;20201;hiver 2020;6
ED;2;0638;Programme court de 2e cycle en design pédagogique;20202;été 2020;12
ED;2;0638;Programme court de 2e cycle en design pédagogique;20203;automne 2020;11
ED;2;0638;Programme court de 2e cycle en design pédagogique;20211;hiver 2021;14
ED;2;0638;Programme court de 2e cycle en design pédagogique;20212;été 2021;13
ED;2;0638;Programme court de 2e cycle en design pédagogique;20213;automne 2021;15
ED;2;0638;Programme court de 2e cycle en design pédagogique;20221;hiver 2022;10
ED;2;0638;Programme court de 2e cycle en design pédagogique;20222;été 2022;6
ED;2;0638;Programme court de 2e cycle en design pédagogique;20223;automne 2022;8
ED;2;0638;Programme court de 2e cycle en design pédagogique;20231;hiver 2023;6
ED;2;0638;Programme court de 2e cycle en design pédagogique;20232;été 2023;3
ED;2;0638;Programme court de 2e cycle en design pédagogique;20233;automne 2023;15
ED;2;0638;Programme court de 2e cycle en design pédagogique;20241;hiver 2024;11
ED;2;0638;Programme court de 2e cycle en design pédagogique;20242;été 2024;10
ED;2;0638;Programme court de 2e cycle en design pédagogique;20243;automne 2024;15
ED;2;0638;Programme court de 2e cycle en design pédagogique;20251;hiver 2025;14
ED;2;0638;Programme court de 2e cycle en design pédagogique;20252;été 2025;5
ED;2;0638;Programme court de 2e cycle en design pédagogique;20253;automne 2025;9
ED;2;0638;Programme court de 2e cycle en design pédagogique;20261;hiver 2026;15
ED;2;0638;Programme court de 2e cycle en design pédagogique;20262;été 2026;8
ST;2;0639;Programme court de 2e cycle en environnement international;20113;automne 2011;8
ST;2;0639;Programme court de 2e cycle en environnement international;20121;hiver 2012;4
ST;2;0639;Programme court de 2e cycle en environnement international;20122;été 2012;7
ST;2;0639;Programme court de 2e cycle en environnement international;20123;automne 2012;2
ST;2;0639;Programme court de 2e cycle en environnement international;20131;hiver 2013;7
ST;2;0639;Programme court de 2e cycle en environnement international;20132;été 2013;4
ST;2;0639;Programme court de 2e cycle en environnement international;20133;automne 2013;8
ST;2;0639;Programme court de 2e cycle en environnement international;20141;hiver 2014;22
ST;2;0639;Programme court de 2e cycle en environnement international;20142;été 2014;9
ST;2;0639;Programme court de 2e cycle en environnement international;20143;automne 2014;14
ST;2;0639;Programme court de 2e cycle en environnement international;20151;hiver 2015;3
ST;2;0639;Programme court de 2e cycle en environnement international;20152;été 2015;3
ST;2;0639;Programme court de 2e cycle en environnement international;20153;automne 2015;16
ST;2;0639;Programme court de 2e cycle en environnement international;20161;hiver 2016;15
ST;2;0639;Programme court de 2e cycle en environnement international;20162;été 2016;9
ST;2;0639;Programme court de 2e cycle en environnement international;20163;automne 2016;13
ST;2;0639;Programme court de 2e cycle en environnement international;20171;hiver 2017;6
ST;2;0639;Programme court de 2e cycle en environnement international;20172;été 2017;3
ST;2;0639;Programme court de 2e cycle en environnement international;20173;automne 2017;8
ST;2;0639;Programme court de 2e cycle en environnement international;20181;hiver 2018;10
ST;2;0639;Programme court de 2e cycle en environnement international;20182;été 2018;5
ST;2;0639;Programme court de 2e cycle en environnement international;20183;automne 2018;8
ST;2;0639;Programme court de 2e cycle en environnement international;20191;hiver 2019;11
ST;2;0639;Programme court de 2e cycle en environnement international;20192;été 2019;3
ST;2;0639;Programme court de 2e cycle en environnement international;20193;automne 2019;2
ST;2;0639;Programme court de 2e cycle en environnement international;20201;hiver 2020;11
ST;2;0639;Programme court de 2e cycle en environnement international;20202;été 2020;8
ST;2;0639;Programme court de 2e cycle en environnement international;20203;automne 2020;13
ST;2;0639;Programme court de 2e cycle en environnement international;20211;hiver 2021;13
ST;2;0639;Programme court de 2e cycle en environnement international;20212;été 2021;4
ST;2;0639;Programme court de 2e cycle en environnement international;20213;automne 2021;4
ST;2;0639;Programme court de 2e cycle en environnement international;20221;hiver 2022;3
ST;2;0639;Programme court de 2e cycle en environnement international;20222;été 2022;3
ST;2;0639;Programme court de 2e cycle en environnement international;20223;automne 2022;7
ST;2;0639;Programme court de 2e cycle en environnement international;20231;hiver 2023;10
ST;2;0639;Programme court de 2e cycle en environnement international;20232;été 2023;4
ST;2;0639;Programme court de 2e cycle en environnement international;20233;automne 2023;3
ST;2;0639;Programme court de 2e cycle en environnement international;20241;hiver 2024;9
ST;2;0639;Programme court de 2e cycle en environnement international;20242;été 2024;2
ST;2;0639;Programme court de 2e cycle en environnement international;20243;automne 2024;15
ST;2;0639;Programme court de 2e cycle en environnement international;20251;hiver 2025;9
ST;2;0639;Programme court de 2e cycle en environnement international;20253;automne 2025;15
ST;2;0639;Programme court de 2e cycle en environnement international;20261;hiver 2026;8
ST;2;0639;Programme court de 2e cycle en environnement international;20262;été 2026;1
SHLC;1;0658;Programme court d'initiation à la traduction en français;20103;automne 2010;31
SHLC;1;0658;Programme court d'initiation à la traduction en français;20111;hiver 2011;26
SHLC;1;0658;Programme court d'initiation à la traduction en français;20112;été 2011;16
SHLC;1;0658;Programme court d'initiation à la traduction en français;20113;automne 2011;24
SHLC;1;0658;Programme court d'initiation à la traduction en français;20121;hiver 2012;25
SHLC;1;0658;Programme court d'initiation à la traduction en français;20122;été 2012;14
SHLC;1;0658;Programme court d'initiation à la traduction en français;20123;automne 2012;23
SHLC;1;0658;Programme court d'initiation à la traduction en français;20131;hiver 2013;23
SHLC;1;0658;Programme court d'initiation à la traduction en français;20132;été 2013;16
SHLC;1;0658;Programme court d'initiation à la traduction en français;20133;automne 2013;20
SHLC;1;0658;Programme court d'initiation à la traduction en français;20141;hiver 2014;9
SHLC;1;0658;Programme court d'initiation à la traduction en français;20142;été 2014;7
SHLC;1;0658;Programme court d'initiation à la traduction en français;20143;automne 2014;7
SHLC;1;0658;Programme court d'initiation à la traduction en français;20151;hiver 2015;7
SHLC;1;0658;Programme court d'initiation à la traduction en français;20152;été 2015;5
SHLC;1;0658;Programme court d'initiation à la traduction en français;20153;automne 2015;16
SHLC;1;0658;Programme court d'initiation à la traduction en français;20161;hiver 2016;10
SHLC;1;0658;Programme court d'initiation à la traduction en français;20162;été 2016;14
SHLC;1;0658;Programme court d'initiation à la traduction en français;20163;automne 2016;14
SHLC;1;0658;Programme court d'initiation à la traduction en français;20171;hiver 2017;18
SHLC;1;0658;Programme court d'initiation à la traduction en français;20172;été 2017;7
SHLC;1;0658;Programme court d'initiation à la traduction en français;20173;automne 2017;13
SHLC;1;0658;Programme court d'initiation à la traduction en français;20181;hiver 2018;21
SHLC;1;0658;Programme court d'initiation à la traduction en français;20182;été 2018;8
SHLC;1;0658;Programme court d'initiation à la traduction en français;20183;automne 2018;9
SHLC;1;0658;Programme court d'initiation à la traduction en français;20191;hiver 2019;13
SHLC;1;0658;Programme court d'initiation à la traduction en français;20192;été 2019;5
SHLC;1;0658;Programme court d'initiation à la traduction en français;20193;automne 2019;20
SHLC;1;0658;Programme court d'initiation à la traduction en français;20201;hiver 2020;28
SHLC;1;0658;Programme court d'initiation à la traduction en français;20202;été 2020;9
SHLC;1;0658;Programme court d'initiation à la traduction en français;20203;automne 2020;35
SHLC;1;0658;Programme court d'initiation à la traduction en français;20211;hiver 2021;4
SHLC;1;0658;Programme court d'initiation à la traduction en français;20212;été 2021;3
SHLC;1;0658;Programme court d'initiation à la traduction en français;20221;hiver 2022;1
SHLC;1;0658;Programme court d'initiation à la traduction en français;20223;automne 2022;1
SHLC;1;0658;Programme court d'initiation à la traduction en français;20231;hiver 2023;2
ED;2;0666;Programme court de 2e cycle en efficacité de l'enseignement et des écoles;20151;hiver 2015;15
ED;2;0666;Programme court de 2e cycle en efficacité de l'enseignement et des écoles;20153;automne 2015;42
ED;2;0666;Programme court de 2e cycle en efficacité de l'enseignement et des écoles;20161;hiver 2016;54
ED;2;0666;Programme court de 2e cycle en efficacité de l'enseignement et des écoles;20162;été 2016;2
ED;2;0666;Programme court de 2e cycle en efficacité de l'enseignement et des écoles;20163;automne 2016;154
ED;2;0666;Programme court de 2e cycle en efficacité de l'enseignement et des écoles;20171;hiver 2017;168
ED;2;0666;Programme court de 2e cycle en efficacité de l'enseignement et des écoles;20172;été 2017;8
ED;2;0666;Programme court de 2e cycle en efficacité de l'enseignement et des écoles;20173;automne 2017;277
ED;2;0666;Programme court de 2e cycle en efficacité de l'enseignement et des écoles;20181;hiver 2018;185
ED;2;0666;Programme court de 2e cycle en efficacité de l'enseignement et des écoles;20182;été 2018;4
ED;2;0666;Programme court de 2e cycle en efficacité de l'enseignement et des écoles;20183;automne 2018;188
ED;2;0666;Programme court de 2e cycle en efficacité de l'enseignement et des écoles;20191;hiver 2019;95
ED;2;0666;Programme court de 2e cycle en efficacité de l'enseignement et des écoles;20192;été 2019;7
ED;2;0666;Programme court de 2e cycle en efficacité de l'enseignement et des écoles;20193;automne 2019;196
ED;2;0666;Programme court de 2e cycle en efficacité de l'enseignement et des écoles;20201;hiver 2020;20
ED;2;0666;Programme court de 2e cycle en efficacité de l'enseignement et des écoles;20202;été 2020;4
ED;2;0666;Programme court de 2e cycle en efficacité de l'enseignement et des écoles;20203;automne 2020;66
ED;2;0666;Programme court de 2e cycle en efficacité de l'enseignement et des écoles;20211;hiver 2021;25
ED;2;0666;Programme court de 2e cycle en efficacité de l'enseignement et des écoles;20212;été 2021;2
ED;2;0666;Programme court de 2e cycle en efficacité de l'enseignement et des écoles;20213;automne 2021;111
ED;2;0666;Programme court de 2e cycle en efficacité de l'enseignement et des écoles;20221;hiver 2022;55
ED;2;0666;Programme court de 2e cycle en efficacité de l'enseignement et des écoles;20222;été 2022;2
ED;2;0666;Programme court de 2e cycle en efficacité de l'enseignement et des écoles;20223;automne 2022;147
ED;2;0666;Programme court de 2e cycle en efficacité de l'enseignement et des écoles;20231;hiver 2023;41
ED;2;0666;Programme court de 2e cycle en efficacité de l'enseignement et des écoles;20233;automne 2023;139
ED;2;0666;Programme court de 2e cycle en efficacité de l'enseignement et des écoles;20241;hiver 2024;48
ED;2;0666;Programme court de 2e cycle en efficacité de l'enseignement et des écoles;20243;automne 2024;103
ED;2;0666;Programme court de 2e cycle en efficacité de l'enseignement et des écoles;20251;hiver 2025;24
ED;2;0666;Programme court de 2e cycle en efficacité de l'enseignement et des écoles;20252;été 2025;2
ED;2;0666;Programme court de 2e cycle en efficacité de l'enseignement et des écoles;20253;automne 2025;43
ED;2;0666;Programme court de 2e cycle en efficacité de l'enseignement et des écoles;20261;hiver 2026;18
ED;2;0666;Programme court de 2e cycle en efficacité de l'enseignement et des écoles;20262;été 2026;3
ESA;1;0674;Programme court de 1er cycle en sciences comptables;20143;automne 2014;15
ESA;1;0674;Programme court de 1er cycle en sciences comptables;20151;hiver 2015;23
ESA;1;0674;Programme court de 1er cycle en sciences comptables;20152;été 2015;25
ESA;1;0674;Programme court de 1er cycle en sciences comptables;20153;automne 2015;35
ESA;1;0674;Programme court de 1er cycle en sciences comptables;20161;hiver 2016;50
ESA;1;0674;Programme court de 1er cycle en sciences comptables;20162;été 2016;51
ESA;1;0674;Programme court de 1er cycle en sciences comptables;20163;automne 2016;72
ESA;1;0674;Programme court de 1er cycle en sciences comptables;20171;hiver 2017;75
ESA;1;0674;Programme court de 1er cycle en sciences comptables;20172;été 2017;51
ESA;1;0674;Programme court de 1er cycle en sciences comptables;20173;automne 2017;74
ESA;1;0674;Programme court de 1er cycle en sciences comptables;20181;hiver 2018;106
ESA;1;0674;Programme court de 1er cycle en sciences comptables;20182;été 2018;56
ESA;1;0674;Programme court de 1er cycle en sciences comptables;20183;automne 2018;92
ESA;1;0674;Programme court de 1er cycle en sciences comptables;20191;hiver 2019;96
ESA;1;0674;Programme court de 1er cycle en sciences comptables;20192;été 2019;50
ESA;1;0674;Programme court de 1er cycle en sciences comptables;20193;automne 2019;99
ESA;1;0674;Programme court de 1er cycle en sciences comptables;20201;hiver 2020;65
ESA;1;0674;Programme court de 1er cycle en sciences comptables;20202;été 2020;92
ESA;1;0674;Programme court de 1er cycle en sciences comptables;20203;automne 2020;67
ESA;1;0674;Programme court de 1er cycle en sciences comptables;20211;hiver 2021;101
ESA;1;0674;Programme court de 1er cycle en sciences comptables;20212;été 2021;87
ESA;1;0674;Programme court de 1er cycle en sciences comptables;20213;automne 2021;105
ESA;1;0674;Programme court de 1er cycle en sciences comptables;20221;hiver 2022;85
ESA;1;0674;Programme court de 1er cycle en sciences comptables;20222;été 2022;55
ESA;1;0674;Programme court de 1er cycle en sciences comptables;20223;automne 2022;53
ESA;1;0674;Programme court de 1er cycle en sciences comptables;20231;hiver 2023;76
ESA;1;0674;Programme court de 1er cycle en sciences comptables;20232;été 2023;42
ESA;1;0674;Programme court de 1er cycle en sciences comptables;20233;automne 2023;80
ESA;1;0674;Programme court de 1er cycle en sciences comptables;20241;hiver 2024;79
ESA;1;0674;Programme court de 1er cycle en sciences comptables;20242;été 2024;94
ESA;1;0674;Programme court de 1er cycle en sciences comptables;20243;automne 2024;89
ESA;1;0674;Programme court de 1er cycle en sciences comptables;20251;hiver 2025;72
ESA;1;0674;Programme court de 1er cycle en sciences comptables;20252;été 2025;72
ESA;1;0674;Programme court de 1er cycle en sciences comptables;20253;automne 2025;79
ESA;1;0674;Programme court de 1er cycle en sciences comptables;20261;hiver 2026;65
ESA;1;0674;Programme court de 1er cycle en sciences comptables;20262;été 2026;66
SHLC;1;0675;Programme court de 1er cycle d'études internationales et interculturelles;20151;hiver 2015;6
SHLC;1;0675;Programme court de 1er cycle d'études internationales et interculturelles;20153;automne 2015;9
SHLC;1;0675;Programme court de 1er cycle d'études internationales et interculturelles;20161;hiver 2016;28
SHLC;1;0675;Programme court de 1er cycle d'études internationales et interculturelles;20162;été 2016;5
SHLC;1;0675;Programme court de 1er cycle d'études internationales et interculturelles;20163;automne 2016;8
SHLC;1;0675;Programme court de 1er cycle d'études internationales et interculturelles;20171;hiver 2017;3
SHLC;1;0675;Programme court de 1er cycle d'études internationales et interculturelles;20172;été 2017;3
SHLC;1;0675;Programme court de 1er cycle d'études internationales et interculturelles;20173;automne 2017;9
SHLC;1;0675;Programme court de 1er cycle d'études internationales et interculturelles;20181;hiver 2018;4
SHLC;1;0675;Programme court de 1er cycle d'études internationales et interculturelles;20182;été 2018;2
SHLC;1;0675;Programme court de 1er cycle d'études internationales et interculturelles;20183;automne 2018;5
SHLC;1;0675;Programme court de 1er cycle d'études internationales et interculturelles;20191;hiver 2019;7
SHLC;1;0675;Programme court de 1er cycle d'études internationales et interculturelles;20192;été 2019;3
SHLC;1;0675;Programme court de 1er cycle d'études internationales et interculturelles;20193;automne 2019;3
SHLC;1;0675;Programme court de 1er cycle d'études internationales et interculturelles;20201;hiver 2020;3
SHLC;1;0675;Programme court de 1er cycle d'études internationales et interculturelles;20202;été 2020;6
SHLC;1;0675;Programme court de 1er cycle d'études internationales et interculturelles;20203;automne 2020;8
SHLC;1;0675;Programme court de 1er cycle d'études internationales et interculturelles;20211;hiver 2021;12
SHLC;1;0675;Programme court de 1er cycle d'études internationales et interculturelles;20212;été 2021;4
SHLC;1;0675;Programme court de 1er cycle d'études internationales et interculturelles;20213;automne 2021;1
SHLC;1;0675;Programme court de 1er cycle d'études internationales et interculturelles;20221;hiver 2022;3
SHLC;1;0675;Programme court de 1er cycle d'études internationales et interculturelles;20222;été 2022;3
SHLC;1;0675;Programme court de 1er cycle d'études internationales et interculturelles;20223;automne 2022;6
SHLC;1;0675;Programme court de 1er cycle d'études internationales et interculturelles;20231;hiver 2023;3
SHLC;1;0675;Programme court de 1er cycle d'études internationales et interculturelles;20232;été 2023;7
SHLC;1;0675;Programme court de 1er cycle d'études internationales et interculturelles;20233;automne 2023;3
SHLC;1;0675;Programme court de 1er cycle d'études internationales et interculturelles;20241;hiver 2024;9
SHLC;1;0675;Programme court de 1er cycle d'études internationales et interculturelles;20242;été 2024;10
SHLC;1;0675;Programme court de 1er cycle d'études internationales et interculturelles;20243;automne 2024;16
SHLC;1;0675;Programme court de 1er cycle d'études internationales et interculturelles;20251;hiver 2025;15
SHLC;1;0675;Programme court de 1er cycle d'études internationales et interculturelles;20252;été 2025;10
SHLC;1;0675;Programme court de 1er cycle d'études internationales et interculturelles;20253;automne 2025;3
SHLC;1;0675;Programme court de 1er cycle d'études internationales et interculturelles;20261;hiver 2026;13
SHLC;1;0675;Programme court de 1er cycle d'études internationales et interculturelles;20262;été 2026;6
ESA;2;0679;Programme court de 2e cycle en gestion contemporaine des ressources humaines;20161;hiver 2016;9
ESA;2;0679;Programme court de 2e cycle en gestion contemporaine des ressources humaines;20162;été 2016;11
ESA;2;0679;Programme court de 2e cycle en gestion contemporaine des ressources humaines;20163;automne 2016;23
ESA;2;0679;Programme court de 2e cycle en gestion contemporaine des ressources humaines;20171;hiver 2017;17
ESA;2;0679;Programme court de 2e cycle en gestion contemporaine des ressources humaines;20172;été 2017;12
ESA;2;0679;Programme court de 2e cycle en gestion contemporaine des ressources humaines;20173;automne 2017;12
ESA;2;0679;Programme court de 2e cycle en gestion contemporaine des ressources humaines;20181;hiver 2018;19
ESA;2;0679;Programme court de 2e cycle en gestion contemporaine des ressources humaines;20182;été 2018;13
ESA;2;0679;Programme court de 2e cycle en gestion contemporaine des ressources humaines;20183;automne 2018;17
ESA;2;0679;Programme court de 2e cycle en gestion contemporaine des ressources humaines;20191;hiver 2019;33
ESA;2;0679;Programme court de 2e cycle en gestion contemporaine des ressources humaines;20192;été 2019;15
ESA;2;0679;Programme court de 2e cycle en gestion contemporaine des ressources humaines;20193;automne 2019;31
ESA;2;0679;Programme court de 2e cycle en gestion contemporaine des ressources humaines;20201;hiver 2020;23
ESA;2;0679;Programme court de 2e cycle en gestion contemporaine des ressources humaines;20202;été 2020;19
ESA;2;0679;Programme court de 2e cycle en gestion contemporaine des ressources humaines;20203;automne 2020;25
ESA;2;0679;Programme court de 2e cycle en gestion contemporaine des ressources humaines;20211;hiver 2021;32
ESA;2;0679;Programme court de 2e cycle en gestion contemporaine des ressources humaines;20212;été 2021;32
ESA;2;0679;Programme court de 2e cycle en gestion contemporaine des ressources humaines;20213;automne 2021;24
ESA;2;0679;Programme court de 2e cycle en gestion contemporaine des ressources humaines;20221;hiver 2022;37
ESA;2;0679;Programme court de 2e cycle en gestion contemporaine des ressources humaines;20222;été 2022;9
ESA;2;0679;Programme court de 2e cycle en gestion contemporaine des ressources humaines;20223;automne 2022;33
ESA;2;0679;Programme court de 2e cycle en gestion contemporaine des ressources humaines;20231;hiver 2023;37
ESA;2;0679;Programme court de 2e cycle en gestion contemporaine des ressources humaines;20232;été 2023;20
ESA;2;0679;Programme court de 2e cycle en gestion contemporaine des ressources humaines;20233;automne 2023;35
ESA;2;0679;Programme court de 2e cycle en gestion contemporaine des ressources humaines;20241;hiver 2024;45
ESA;2;0679;Programme court de 2e cycle en gestion contemporaine des ressources humaines;20242;été 2024;27
ESA;2;0679;Programme court de 2e cycle en gestion contemporaine des ressources humaines;20243;automne 2024;35
ESA;2;0679;Programme court de 2e cycle en gestion contemporaine des ressources humaines;20251;hiver 2025;33
ESA;2;0679;Programme court de 2e cycle en gestion contemporaine des ressources humaines;20252;été 2025;20
ESA;2;0679;Programme court de 2e cycle en gestion contemporaine des ressources humaines;20253;automne 2025;38
ESA;2;0679;Programme court de 2e cycle en gestion contemporaine des ressources humaines;20261;hiver 2026;39
ESA;2;0679;Programme court de 2e cycle en gestion contemporaine des ressources humaines;20262;été 2026;19
SHLC;1;0683;Programme court de 1er cycle en études québécoises;20112;été 2011;1
SHLC;1;0683;Programme court de 1er cycle en études québécoises;20113;automne 2011;2
SHLC;1;0683;Programme court de 1er cycle en études québécoises;20121;hiver 2012;3
SHLC;1;0683;Programme court de 1er cycle en études québécoises;20123;automne 2012;6
SHLC;1;0683;Programme court de 1er cycle en études québécoises;20131;hiver 2013;6
SHLC;1;0683;Programme court de 1er cycle en études québécoises;20132;été 2013;1
SHLC;1;0683;Programme court de 1er cycle en études québécoises;20133;automne 2013;6
SHLC;1;0683;Programme court de 1er cycle en études québécoises;20141;hiver 2014;3
SHLC;1;0683;Programme court de 1er cycle en études québécoises;20142;été 2014;6
SHLC;1;0683;Programme court de 1er cycle en études québécoises;20143;automne 2014;10
SHLC;1;0683;Programme court de 1er cycle en études québécoises;20151;hiver 2015;12
SHLC;1;0683;Programme court de 1er cycle en études québécoises;20152;été 2015;1
SHLC;1;0683;Programme court de 1er cycle en études québécoises;20153;automne 2015;5
SHLC;1;0683;Programme court de 1er cycle en études québécoises;20161;hiver 2016;6
SHLC;1;0683;Programme court de 1er cycle en études québécoises;20162;été 2016;2
SHLC;1;0683;Programme court de 1er cycle en études québécoises;20163;automne 2016;7
SHLC;1;0683;Programme court de 1er cycle en études québécoises;20171;hiver 2017;7
SHLC;1;0683;Programme court de 1er cycle en études québécoises;20172;été 2017;2
SHLC;1;0683;Programme court de 1er cycle en études québécoises;20173;automne 2017;6
SHLC;1;0683;Programme court de 1er cycle en études québécoises;20181;hiver 2018;5
SHLC;1;0683;Programme court de 1er cycle en études québécoises;20183;automne 2018;5
SHLC;1;0683;Programme court de 1er cycle en études québécoises;20191;hiver 2019;2
SHLC;1;0683;Programme court de 1er cycle en études québécoises;20201;hiver 2020;9
SHLC;1;0683;Programme court de 1er cycle en études québécoises;20202;été 2020;4
SHLC;1;0683;Programme court de 1er cycle en études québécoises;20203;automne 2020;4
SHLC;1;0683;Programme court de 1er cycle en études québécoises;20211;hiver 2021;9
SHLC;1;0683;Programme court de 1er cycle en études québécoises;20212;été 2021;2
SHLC;1;0683;Programme court de 1er cycle en études québécoises;20213;automne 2021;2
SHLC;1;0683;Programme court de 1er cycle en études québécoises;20221;hiver 2022;3
SHLC;1;0683;Programme court de 1er cycle en études québécoises;20222;été 2022;7
SHLC;1;0683;Programme court de 1er cycle en études québécoises;20223;automne 2022;9
SHLC;1;0683;Programme court de 1er cycle en études québécoises;20231;hiver 2023;9
SHLC;1;0683;Programme court de 1er cycle en études québécoises;20232;été 2023;6
SHLC;1;0683;Programme court de 1er cycle en études québécoises;20233;automne 2023;3
SHLC;1;0683;Programme court de 1er cycle en études québécoises;20241;hiver 2024;3
SHLC;1;0683;Programme court de 1er cycle en études québécoises;20242;été 2024;2
SHLC;1;0683;Programme court de 1er cycle en études québécoises;20243;automne 2024;9
SHLC;1;0683;Programme court de 1er cycle en études québécoises;20251;hiver 2025;8
SHLC;1;0683;Programme court de 1er cycle en études québécoises;20252;été 2025;1
SHLC;1;0683;Programme court de 1er cycle en études québécoises;20253;automne 2025;4
SHLC;1;0683;Programme court de 1er cycle en études québécoises;20261;hiver 2026;3
SHLC;1;0683;Programme court de 1er cycle en études québécoises;20262;été 2026;4
ESA;2;0684;Programme court de 2e cycle en organisation des services de santé et des services sociaux;20153;automne 2015;7
ESA;2;0684;Programme court de 2e cycle en organisation des services de santé et des services sociaux;20161;hiver 2016;16
ESA;2;0684;Programme court de 2e cycle en organisation des services de santé et des services sociaux;20162;été 2016;7
ESA;2;0684;Programme court de 2e cycle en organisation des services de santé et des services sociaux;20163;automne 2016;19
ESA;2;0684;Programme court de 2e cycle en organisation des services de santé et des services sociaux;20171;hiver 2017;13
ESA;2;0684;Programme court de 2e cycle en organisation des services de santé et des services sociaux;20172;été 2017;10
ESA;2;0684;Programme court de 2e cycle en organisation des services de santé et des services sociaux;20173;automne 2017;27
ESA;2;0684;Programme court de 2e cycle en organisation des services de santé et des services sociaux;20181;hiver 2018;21
ESA;2;0684;Programme court de 2e cycle en organisation des services de santé et des services sociaux;20182;été 2018;25
ESA;2;0684;Programme court de 2e cycle en organisation des services de santé et des services sociaux;20183;automne 2018;45
ESA;2;0684;Programme court de 2e cycle en organisation des services de santé et des services sociaux;20191;hiver 2019;41
ESA;2;0684;Programme court de 2e cycle en organisation des services de santé et des services sociaux;20192;été 2019;22
ESA;2;0684;Programme court de 2e cycle en organisation des services de santé et des services sociaux;20193;automne 2019;52
ESA;2;0684;Programme court de 2e cycle en organisation des services de santé et des services sociaux;20201;hiver 2020;52
ESA;2;0684;Programme court de 2e cycle en organisation des services de santé et des services sociaux;20202;été 2020;39
ESA;2;0684;Programme court de 2e cycle en organisation des services de santé et des services sociaux;20203;automne 2020;61
ESA;2;0684;Programme court de 2e cycle en organisation des services de santé et des services sociaux;20211;hiver 2021;68
ESA;2;0684;Programme court de 2e cycle en organisation des services de santé et des services sociaux;20212;été 2021;46
ESA;2;0684;Programme court de 2e cycle en organisation des services de santé et des services sociaux;20213;automne 2021;59
ESA;2;0684;Programme court de 2e cycle en organisation des services de santé et des services sociaux;20221;hiver 2022;50
ESA;2;0684;Programme court de 2e cycle en organisation des services de santé et des services sociaux;20222;été 2022;40
ESA;2;0684;Programme court de 2e cycle en organisation des services de santé et des services sociaux;20223;automne 2022;66
ESA;2;0684;Programme court de 2e cycle en organisation des services de santé et des services sociaux;20231;hiver 2023;73
ESA;2;0684;Programme court de 2e cycle en organisation des services de santé et des services sociaux;20232;été 2023;57
ESA;2;0684;Programme court de 2e cycle en organisation des services de santé et des services sociaux;20233;automne 2023;74
ESA;2;0684;Programme court de 2e cycle en organisation des services de santé et des services sociaux;20241;hiver 2024;69
ESA;2;0684;Programme court de 2e cycle en organisation des services de santé et des services sociaux;20242;été 2024;35
ESA;2;0684;Programme court de 2e cycle en organisation des services de santé et des services sociaux;20243;automne 2024;91
ESA;2;0684;Programme court de 2e cycle en organisation des services de santé et des services sociaux;20251;hiver 2025;85
ESA;2;0684;Programme court de 2e cycle en organisation des services de santé et des services sociaux;20252;été 2025;66
ESA;2;0684;Programme court de 2e cycle en organisation des services de santé et des services sociaux;20253;automne 2025;81
ESA;2;0684;Programme court de 2e cycle en organisation des services de santé et des services sociaux;20261;hiver 2026;79
ESA;2;0684;Programme court de 2e cycle en organisation des services de santé et des services sociaux;20262;été 2026;53
ESA;2;0740;Programme court de 2e cycle en gestion de projets créatifs;20152;été 2015;2
ESA;2;0740;Programme court de 2e cycle en gestion de projets créatifs;20153;automne 2015;15
ESA;2;0740;Programme court de 2e cycle en gestion de projets créatifs;20161;hiver 2016;28
ESA;2;0740;Programme court de 2e cycle en gestion de projets créatifs;20162;été 2016;16
ESA;2;0740;Programme court de 2e cycle en gestion de projets créatifs;20163;automne 2016;13
ESA;2;0740;Programme court de 2e cycle en gestion de projets créatifs;20171;hiver 2017;8
ESA;2;0740;Programme court de 2e cycle en gestion de projets créatifs;20172;été 2017;16
ESA;2;0740;Programme court de 2e cycle en gestion de projets créatifs;20173;automne 2017;26
ESA;2;0740;Programme court de 2e cycle en gestion de projets créatifs;20181;hiver 2018;24
ESA;2;0740;Programme court de 2e cycle en gestion de projets créatifs;20182;été 2018;9
ESA;2;0740;Programme court de 2e cycle en gestion de projets créatifs;20183;automne 2018;15
ESA;2;0740;Programme court de 2e cycle en gestion de projets créatifs;20191;hiver 2019;21
ESA;2;0740;Programme court de 2e cycle en gestion de projets créatifs;20192;été 2019;22
ESA;2;0740;Programme court de 2e cycle en gestion de projets créatifs;20193;automne 2019;8
ESA;2;0740;Programme court de 2e cycle en gestion de projets créatifs;20201;hiver 2020;29
ESA;2;0740;Programme court de 2e cycle en gestion de projets créatifs;20202;été 2020;16
ESA;2;0740;Programme court de 2e cycle en gestion de projets créatifs;20203;automne 2020;23
ESA;2;0740;Programme court de 2e cycle en gestion de projets créatifs;20211;hiver 2021;20
ESA;2;0740;Programme court de 2e cycle en gestion de projets créatifs;20212;été 2021;9
ESA;2;0740;Programme court de 2e cycle en gestion de projets créatifs;20213;automne 2021;12
ESA;2;0740;Programme court de 2e cycle en gestion de projets créatifs;20221;hiver 2022;24
ESA;2;0740;Programme court de 2e cycle en gestion de projets créatifs;20222;été 2022;5
ESA;2;0740;Programme court de 2e cycle en gestion de projets créatifs;20223;automne 2022;20
ESA;2;0740;Programme court de 2e cycle en gestion de projets créatifs;20231;hiver 2023;7
ESA;2;0740;Programme court de 2e cycle en gestion de projets créatifs;20232;été 2023;10
ESA;2;0740;Programme court de 2e cycle en gestion de projets créatifs;20233;automne 2023;11
ESA;2;0740;Programme court de 2e cycle en gestion de projets créatifs;20241;hiver 2024;12
ESA;2;0740;Programme court de 2e cycle en gestion de projets créatifs;20242;été 2024;4
ESA;2;0740;Programme court de 2e cycle en gestion de projets créatifs;20243;automne 2024;15
ESA;2;0740;Programme court de 2e cycle en gestion de projets créatifs;20251;hiver 2025;18
ESA;2;0740;Programme court de 2e cycle en gestion de projets créatifs;20252;été 2025;13
ESA;2;0740;Programme court de 2e cycle en gestion de projets créatifs;20253;automne 2025;13
ESA;2;0740;Programme court de 2e cycle en gestion de projets créatifs;20261;hiver 2026;19
ESA;2;0740;Programme court de 2e cycle en gestion de projets créatifs;20262;été 2026;3
SHLC;1;0755;Programme court de 1er cycle en géographie humaine;20133;automne 2013;1
SHLC;1;0755;Programme court de 1er cycle en géographie humaine;20141;hiver 2014;4
SHLC;1;0755;Programme court de 1er cycle en géographie humaine;20142;été 2014;2
SHLC;1;0755;Programme court de 1er cycle en géographie humaine;20143;automne 2014;3
SHLC;1;0755;Programme court de 1er cycle en géographie humaine;20151;hiver 2015;3
SHLC;1;0755;Programme court de 1er cycle en géographie humaine;20152;été 2015;5
SHLC;1;0755;Programme court de 1er cycle en géographie humaine;20153;automne 2015;4
SHLC;1;0755;Programme court de 1er cycle en géographie humaine;20161;hiver 2016;3
SHLC;1;0755;Programme court de 1er cycle en géographie humaine;20162;été 2016;1
SHLC;1;0755;Programme court de 1er cycle en géographie humaine;20163;automne 2016;6
SHLC;1;0755;Programme court de 1er cycle en géographie humaine;20171;hiver 2017;1
SHLC;1;0755;Programme court de 1er cycle en géographie humaine;20173;automne 2017;1
SHLC;1;0755;Programme court de 1er cycle en géographie humaine;20181;hiver 2018;3
SHLC;1;0755;Programme court de 1er cycle en géographie humaine;20182;été 2018;4
SHLC;1;0755;Programme court de 1er cycle en géographie humaine;20183;automne 2018;2
SHLC;1;0755;Programme court de 1er cycle en géographie humaine;20191;hiver 2019;11
SHLC;1;0755;Programme court de 1er cycle en géographie humaine;20193;automne 2019;3
SHLC;1;0755;Programme court de 1er cycle en géographie humaine;20201;hiver 2020;13
SHLC;1;0755;Programme court de 1er cycle en géographie humaine;20202;été 2020;8
SHLC;1;0755;Programme court de 1er cycle en géographie humaine;20203;automne 2020;13
SHLC;1;0755;Programme court de 1er cycle en géographie humaine;20211;hiver 2021;14
SHLC;1;0755;Programme court de 1er cycle en géographie humaine;20212;été 2021;11
SHLC;1;0755;Programme court de 1er cycle en géographie humaine;20213;automne 2021;8
SHLC;1;0755;Programme court de 1er cycle en géographie humaine;20221;hiver 2022;11
SHLC;1;0755;Programme court de 1er cycle en géographie humaine;20222;été 2022;11
SHLC;1;0755;Programme court de 1er cycle en géographie humaine;20223;automne 2022;16
SHLC;1;0755;Programme court de 1er cycle en géographie humaine;20231;hiver 2023;15
SHLC;1;0755;Programme court de 1er cycle en géographie humaine;20232;été 2023;2
SHLC;1;0755;Programme court de 1er cycle en géographie humaine;20233;automne 2023;21
SHLC;1;0755;Programme court de 1er cycle en géographie humaine;20241;hiver 2024;16
SHLC;1;0755;Programme court de 1er cycle en géographie humaine;20242;été 2024;6
SHLC;1;0755;Programme court de 1er cycle en géographie humaine;20243;automne 2024;21
SHLC;1;0755;Programme court de 1er cycle en géographie humaine;20251;hiver 2025;8
SHLC;1;0755;Programme court de 1er cycle en géographie humaine;20252;été 2025;13
SHLC;1;0755;Programme court de 1er cycle en géographie humaine;20253;automne 2025;9
SHLC;1;0755;Programme court de 1er cycle en géographie humaine;20261;hiver 2026;8
SHLC;1;0755;Programme court de 1er cycle en géographie humaine;20262;été 2026;1
ED;1;0761;Programme court d'intégration des TIC en éducation;20143;automne 2014;8
ED;1;0761;Programme court d'intégration des TIC en éducation;20151;hiver 2015;17
ED;1;0761;Programme court d'intégration des TIC en éducation;20152;été 2015;13
ED;1;0761;Programme court d'intégration des TIC en éducation;20153;automne 2015;13
ED;1;0761;Programme court d'intégration des TIC en éducation;20161;hiver 2016;10
ED;1;0761;Programme court d'intégration des TIC en éducation;20162;été 2016;4
ED;1;0761;Programme court d'intégration des TIC en éducation;20163;automne 2016;16
ED;1;0761;Programme court d'intégration des TIC en éducation;20171;hiver 2017;7
ED;1;0761;Programme court d'intégration des TIC en éducation;20172;été 2017;7
ED;1;0761;Programme court d'intégration des TIC en éducation;20173;automne 2017;6
ED;1;0761;Programme court d'intégration des TIC en éducation;20181;hiver 2018;10
ED;1;0761;Programme court d'intégration des TIC en éducation;20182;été 2018;11
ED;1;0761;Programme court d'intégration des TIC en éducation;20183;automne 2018;3
ED;1;0761;Programme court d'intégration des TIC en éducation;20191;hiver 2019;8
ED;1;0761;Programme court d'intégration des TIC en éducation;20192;été 2019;5
ED;1;0761;Programme court d'intégration des TIC en éducation;20193;automne 2019;7
ED;1;0761;Programme court d'intégration des TIC en éducation;20201;hiver 2020;8
ED;1;0761;Programme court d'intégration des TIC en éducation;20202;été 2020;20
ED;1;0761;Programme court d'intégration des TIC en éducation;20203;automne 2020;7
ED;1;0761;Programme court d'intégration des TIC en éducation;20211;hiver 2021;6
ED;1;0761;Programme court d'intégration des TIC en éducation;20213;automne 2021;5
ED;1;0761;Programme court d'intégration des TIC en éducation;20221;hiver 2022;2
ED;1;0761;Programme court d'intégration des TIC en éducation;20222;été 2022;1
ED;1;0761;Programme court d'intégration des TIC en éducation;20231;hiver 2023;2
ESA;2;0767;Programme court de 2e cycle en gestion des ressources humaines en contexte de projet;20162;été 2016;2
ESA;2;0767;Programme court de 2e cycle en gestion des ressources humaines en contexte de projet;20163;automne 2016;11
ESA;2;0767;Programme court de 2e cycle en gestion des ressources humaines en contexte de projet;20171;hiver 2017;10
ESA;2;0767;Programme court de 2e cycle en gestion des ressources humaines en contexte de projet;20172;été 2017;2
ESA;2;0767;Programme court de 2e cycle en gestion des ressources humaines en contexte de projet;20173;automne 2017;1
ESA;2;0767;Programme court de 2e cycle en gestion des ressources humaines en contexte de projet;20181;hiver 2018;7
ESA;2;0767;Programme court de 2e cycle en gestion des ressources humaines en contexte de projet;20182;été 2018;2
ESA;2;0767;Programme court de 2e cycle en gestion des ressources humaines en contexte de projet;20183;automne 2018;4
ESA;2;0767;Programme court de 2e cycle en gestion des ressources humaines en contexte de projet;20191;hiver 2019;3
ESA;2;0767;Programme court de 2e cycle en gestion des ressources humaines en contexte de projet;20192;été 2019;1
ESA;2;0767;Programme court de 2e cycle en gestion des ressources humaines en contexte de projet;20193;automne 2019;3
ESA;2;0767;Programme court de 2e cycle en gestion des ressources humaines en contexte de projet;20201;hiver 2020;4
ESA;2;0767;Programme court de 2e cycle en gestion des ressources humaines en contexte de projet;20202;été 2020;10
ESA;2;0767;Programme court de 2e cycle en gestion des ressources humaines en contexte de projet;20203;automne 2020;17
ESA;2;0767;Programme court de 2e cycle en gestion des ressources humaines en contexte de projet;20211;hiver 2021;6
ESA;2;0767;Programme court de 2e cycle en gestion des ressources humaines en contexte de projet;20212;été 2021;2
ESA;2;0767;Programme court de 2e cycle en gestion des ressources humaines en contexte de projet;20213;automne 2021;4
ESA;2;0767;Programme court de 2e cycle en gestion des ressources humaines en contexte de projet;20221;hiver 2022;4
ESA;2;0767;Programme court de 2e cycle en gestion des ressources humaines en contexte de projet;20222;été 2022;2
ESA;2;0767;Programme court de 2e cycle en gestion des ressources humaines en contexte de projet;20223;automne 2022;2
ESA;2;0767;Programme court de 2e cycle en gestion des ressources humaines en contexte de projet;20231;hiver 2023;3
ESA;2;0767;Programme court de 2e cycle en gestion des ressources humaines en contexte de projet;20232;été 2023;1
ESA;2;0767;Programme court de 2e cycle en gestion des ressources humaines en contexte de projet;20233;automne 2023;6
ESA;2;0767;Programme court de 2e cycle en gestion des ressources humaines en contexte de projet;20241;hiver 2024;2
ESA;2;0767;Programme court de 2e cycle en gestion des ressources humaines en contexte de projet;20242;été 2024;3
ESA;2;0767;Programme court de 2e cycle en gestion des ressources humaines en contexte de projet;20243;automne 2024;9
ESA;2;0767;Programme court de 2e cycle en gestion des ressources humaines en contexte de projet;20251;hiver 2025;13
ESA;2;0767;Programme court de 2e cycle en gestion des ressources humaines en contexte de projet;20252;été 2025;9
ESA;2;0767;Programme court de 2e cycle en gestion des ressources humaines en contexte de projet;20253;automne 2025;8
ESA;2;0767;Programme court de 2e cycle en gestion des ressources humaines en contexte de projet;20261;hiver 2026;5
ESA;2;0767;Programme court de 2e cycle en gestion des ressources humaines en contexte de projet;20262;été 2026;1
SHLC;1;0768;Programme court de 1er cycle en médias, information et rapports sociaux;20183;automne 2018;2
SHLC;1;0768;Programme court de 1er cycle en médias, information et rapports sociaux;20191;hiver 2019;1
SHLC;1;0768;Programme court de 1er cycle en médias, information et rapports sociaux;20193;automne 2019;1
SHLC;1;0768;Programme court de 1er cycle en médias, information et rapports sociaux;20201;hiver 2020;8
SHLC;1;0768;Programme court de 1er cycle en médias, information et rapports sociaux;20202;été 2020;6
SHLC;1;0768;Programme court de 1er cycle en médias, information et rapports sociaux;20203;automne 2020;3
SHLC;1;0768;Programme court de 1er cycle en médias, information et rapports sociaux;20211;hiver 2021;5
SHLC;1;0768;Programme court de 1er cycle en médias, information et rapports sociaux;20212;été 2021;1
SHLC;1;0768;Programme court de 1er cycle en médias, information et rapports sociaux;20213;automne 2021;5
SHLC;1;0768;Programme court de 1er cycle en médias, information et rapports sociaux;20221;hiver 2022;4
SHLC;1;0768;Programme court de 1er cycle en médias, information et rapports sociaux;20223;automne 2022;3
SHLC;1;0768;Programme court de 1er cycle en médias, information et rapports sociaux;20231;hiver 2023;1
SHLC;1;0768;Programme court de 1er cycle en médias, information et rapports sociaux;20232;été 2023;5
SHLC;1;0768;Programme court de 1er cycle en médias, information et rapports sociaux;20233;automne 2023;3
SHLC;1;0768;Programme court de 1er cycle en médias, information et rapports sociaux;20241;hiver 2024;4
SHLC;1;0768;Programme court de 1er cycle en médias, information et rapports sociaux;20242;été 2024;5
SHLC;1;0768;Programme court de 1er cycle en médias, information et rapports sociaux;20243;automne 2024;4
SHLC;1;0768;Programme court de 1er cycle en médias, information et rapports sociaux;20251;hiver 2025;7
SHLC;1;0768;Programme court de 1er cycle en médias, information et rapports sociaux;20253;automne 2025;5
SHLC;1;0768;Programme court de 1er cycle en médias, information et rapports sociaux;20261;hiver 2026;4
SHLC;1;0768;Programme court de 1er cycle en médias, information et rapports sociaux;20262;été 2026;2
SHLC;1;0806;Programme court en sciences du langage;20133;automne 2013;1
SHLC;1;0806;Programme court en sciences du langage;20142;été 2014;4
SHLC;1;0806;Programme court en sciences du langage;20143;automne 2014;2
SHLC;1;0806;Programme court en sciences du langage;20151;hiver 2015;4
SHLC;1;0806;Programme court en sciences du langage;20152;été 2015;5
SHLC;1;0806;Programme court en sciences du langage;20153;automne 2015;2
SHLC;1;0806;Programme court en sciences du langage;20161;hiver 2016;4
SHLC;1;0806;Programme court en sciences du langage;20162;été 2016;5
SHLC;1;0806;Programme court en sciences du langage;20163;automne 2016;4
SHLC;1;0806;Programme court en sciences du langage;20171;hiver 2017;1
SHLC;1;0806;Programme court en sciences du langage;20172;été 2017;6
SHLC;1;0806;Programme court en sciences du langage;20173;automne 2017;9
SHLC;1;0806;Programme court en sciences du langage;20181;hiver 2018;6
SHLC;1;0806;Programme court en sciences du langage;20182;été 2018;6
SHLC;1;0806;Programme court en sciences du langage;20183;automne 2018;5
SHLC;1;0806;Programme court en sciences du langage;20191;hiver 2019;7
SHLC;1;0806;Programme court en sciences du langage;20201;hiver 2020;2
SHLC;1;0806;Programme court en sciences du langage;20202;été 2020;1
SHLC;1;0806;Programme court en sciences du langage;20211;hiver 2021;2
ST;2;0810;Programme court de 2e cycle en technologie de l'information;20103;automne 2010;3
ST;2;0810;Programme court de 2e cycle en technologie de l'information;20111;hiver 2011;9
ST;2;0810;Programme court de 2e cycle en technologie de l'information;20112;été 2011;6
ST;2;0810;Programme court de 2e cycle en technologie de l'information;20113;automne 2011;12
ST;2;0810;Programme court de 2e cycle en technologie de l'information;20121;hiver 2012;7
ST;2;0810;Programme court de 2e cycle en technologie de l'information;20122;été 2012;4
ST;2;0810;Programme court de 2e cycle en technologie de l'information;20123;automne 2012;15
ST;2;0810;Programme court de 2e cycle en technologie de l'information;20131;hiver 2013;8
ST;2;0810;Programme court de 2e cycle en technologie de l'information;20132;été 2013;7
ST;2;0810;Programme court de 2e cycle en technologie de l'information;20133;automne 2013;9
ST;2;0810;Programme court de 2e cycle en technologie de l'information;20141;hiver 2014;10
ST;2;0810;Programme court de 2e cycle en technologie de l'information;20142;été 2014;5
ST;2;0810;Programme court de 2e cycle en technologie de l'information;20143;automne 2014;9
ST;2;0810;Programme court de 2e cycle en technologie de l'information;20151;hiver 2015;8
ST;2;0810;Programme court de 2e cycle en technologie de l'information;20152;été 2015;9
ST;2;0810;Programme court de 2e cycle en technologie de l'information;20153;automne 2015;10
ST;2;0810;Programme court de 2e cycle en technologie de l'information;20161;hiver 2016;7
ST;2;0810;Programme court de 2e cycle en technologie de l'information;20162;été 2016;10
ST;2;0810;Programme court de 2e cycle en technologie de l'information;20163;automne 2016;12
ST;2;0810;Programme court de 2e cycle en technologie de l'information;20171;hiver 2017;12
ST;2;0810;Programme court de 2e cycle en technologie de l'information;20172;été 2017;7
ST;2;0810;Programme court de 2e cycle en technologie de l'information;20173;automne 2017;14
ST;2;0810;Programme court de 2e cycle en technologie de l'information;20181;hiver 2018;14
ST;2;0810;Programme court de 2e cycle en technologie de l'information;20182;été 2018;6
ST;2;0810;Programme court de 2e cycle en technologie de l'information;20183;automne 2018;10
ST;2;0810;Programme court de 2e cycle en technologie de l'information;20191;hiver 2019;13
ST;2;0810;Programme court de 2e cycle en technologie de l'information;20192;été 2019;4
ST;2;0810;Programme court de 2e cycle en technologie de l'information;20193;automne 2019;4
ST;2;0810;Programme court de 2e cycle en technologie de l'information;20201;hiver 2020;8
ST;2;0810;Programme court de 2e cycle en technologie de l'information;20202;été 2020;9
ST;2;0810;Programme court de 2e cycle en technologie de l'information;20203;automne 2020;26
ST;2;0810;Programme court de 2e cycle en technologie de l'information;20211;hiver 2021;9
ST;2;0810;Programme court de 2e cycle en technologie de l'information;20212;été 2021;7
ST;2;0810;Programme court de 2e cycle en technologie de l'information;20213;automne 2021;7
ST;2;0810;Programme court de 2e cycle en technologie de l'information;20221;hiver 2022;12
ST;2;0810;Programme court de 2e cycle en technologie de l'information;20222;été 2022;7
ST;2;0810;Programme court de 2e cycle en technologie de l'information;20223;automne 2022;20
ST;2;0810;Programme court de 2e cycle en technologie de l'information;20231;hiver 2023;22
ST;2;0810;Programme court de 2e cycle en technologie de l'information;20232;été 2023;12
ST;2;0810;Programme court de 2e cycle en technologie de l'information;20233;automne 2023;12
ST;2;0810;Programme court de 2e cycle en technologie de l'information;20241;hiver 2024;29
ST;2;0810;Programme court de 2e cycle en technologie de l'information;20242;été 2024;4
ST;2;0810;Programme court de 2e cycle en technologie de l'information;20243;automne 2024;18
ST;2;0810;Programme court de 2e cycle en technologie de l'information;20251;hiver 2025;17
ST;2;0810;Programme court de 2e cycle en technologie de l'information;20252;été 2025;17
ST;2;0810;Programme court de 2e cycle en technologie de l'information;20253;automne 2025;33
ST;2;0810;Programme court de 2e cycle en technologie de l'information;20261;hiver 2026;37
ST;2;0810;Programme court de 2e cycle en technologie de l'information;20262;été 2026;21
ST;1;0865;Programme court de 1er cycle en science des données;20191;hiver 2019;31
ST;1;0865;Programme court de 1er cycle en science des données;20192;été 2019;27
ST;1;0865;Programme court de 1er cycle en science des données;20193;automne 2019;46
ST;1;0865;Programme court de 1er cycle en science des données;20201;hiver 2020;46
ST;1;0865;Programme court de 1er cycle en science des données;20202;été 2020;62
ST;1;0865;Programme court de 1er cycle en science des données;20203;automne 2020;62
ST;1;0865;Programme court de 1er cycle en science des données;20211;hiver 2021;56
ST;1;0865;Programme court de 1er cycle en science des données;20212;été 2021;47
ST;1;0865;Programme court de 1er cycle en science des données;20213;automne 2021;60
ST;1;0865;Programme court de 1er cycle en science des données;20221;hiver 2022;53
ST;1;0865;Programme court de 1er cycle en science des données;20222;été 2022;25
ST;1;0865;Programme court de 1er cycle en science des données;20223;automne 2022;36
ST;1;0865;Programme court de 1er cycle en science des données;20231;hiver 2023;42
ST;1;0865;Programme court de 1er cycle en science des données;20232;été 2023;27
ST;1;0865;Programme court de 1er cycle en science des données;20233;automne 2023;46
ST;1;0865;Programme court de 1er cycle en science des données;20241;hiver 2024;49
ST;1;0865;Programme court de 1er cycle en science des données;20242;été 2024;42
ST;1;0865;Programme court de 1er cycle en science des données;20243;automne 2024;50
ST;1;0865;Programme court de 1er cycle en science des données;20251;hiver 2025;53
ST;1;0865;Programme court de 1er cycle en science des données;20252;été 2025;31
ST;1;0865;Programme court de 1er cycle en science des données;20253;automne 2025;46
ST;1;0865;Programme court de 1er cycle en science des données;20261;hiver 2026;41
ST;1;0865;Programme court de 1er cycle en science des données;20262;été 2026;14
SHLC;1;0891;Programme court de 1er cycle personnalisé en communication;20191;hiver 2019;3
SHLC;1;0891;Programme court de 1er cycle personnalisé en communication;20192;été 2019;3
SHLC;1;0891;Programme court de 1er cycle personnalisé en communication;20193;automne 2019;4
SHLC;1;0891;Programme court de 1er cycle personnalisé en communication;20201;hiver 2020;6
SHLC;1;0891;Programme court de 1er cycle personnalisé en communication;20202;été 2020;11
SHLC;1;0891;Programme court de 1er cycle personnalisé en communication;20203;automne 2020;9
SHLC;1;0891;Programme court de 1er cycle personnalisé en communication;20211;hiver 2021;8
SHLC;1;0891;Programme court de 1er cycle personnalisé en communication;20212;été 2021;11
SHLC;1;0891;Programme court de 1er cycle personnalisé en communication;20213;automne 2021;19
SHLC;1;0891;Programme court de 1er cycle personnalisé en communication;20221;hiver 2022;9
SHLC;1;0891;Programme court de 1er cycle personnalisé en communication;20222;été 2022;2
SHLC;1;0891;Programme court de 1er cycle personnalisé en communication;20223;automne 2022;9
SHLC;1;0891;Programme court de 1er cycle personnalisé en communication;20231;hiver 2023;5
SHLC;1;0891;Programme court de 1er cycle personnalisé en communication;20232;été 2023;6
SHLC;1;0891;Programme court de 1er cycle personnalisé en communication;20233;automne 2023;9
SHLC;1;0891;Programme court de 1er cycle personnalisé en communication;20241;hiver 2024;9
SHLC;1;0891;Programme court de 1er cycle personnalisé en communication;20242;été 2024;6
SHLC;1;0891;Programme court de 1er cycle personnalisé en communication;20243;automne 2024;11
SHLC;1;0891;Programme court de 1er cycle personnalisé en communication;20251;hiver 2025;12
SHLC;1;0891;Programme court de 1er cycle personnalisé en communication;20252;été 2025;5
SHLC;1;0891;Programme court de 1er cycle personnalisé en communication;20253;automne 2025;7
SHLC;1;0891;Programme court de 1er cycle personnalisé en communication;20261;hiver 2026;17
SHLC;1;0891;Programme court de 1er cycle personnalisé en communication;20262;été 2026;3
ED;2;0892;Programme court de 2e cycle en formation à distance;20191;hiver 2019;4
ED;2;0892;Programme court de 2e cycle en formation à distance;20192;été 2019;5
ED;2;0892;Programme court de 2e cycle en formation à distance;20193;automne 2019;5
ED;2;0892;Programme court de 2e cycle en formation à distance;20201;hiver 2020;5
ED;2;0892;Programme court de 2e cycle en formation à distance;20202;été 2020;10
ED;2;0892;Programme court de 2e cycle en formation à distance;20203;automne 2020;12
ED;2;0892;Programme court de 2e cycle en formation à distance;20211;hiver 2021;7
ED;2;0892;Programme court de 2e cycle en formation à distance;20212;été 2021;7
ED;2;0892;Programme court de 2e cycle en formation à distance;20213;automne 2021;10
ED;2;0892;Programme court de 2e cycle en formation à distance;20221;hiver 2022;5
ED;2;0892;Programme court de 2e cycle en formation à distance;20222;été 2022;11
ED;2;0892;Programme court de 2e cycle en formation à distance;20223;automne 2022;8
ED;2;0892;Programme court de 2e cycle en formation à distance;20231;hiver 2023;4
ED;2;0892;Programme court de 2e cycle en formation à distance;20232;été 2023;4
ED;2;0892;Programme court de 2e cycle en formation à distance;20233;automne 2023;3
ED;2;0892;Programme court de 2e cycle en formation à distance;20241;hiver 2024;13
ED;2;0892;Programme court de 2e cycle en formation à distance;20242;été 2024;12
ED;2;0892;Programme court de 2e cycle en formation à distance;20243;automne 2024;10
ED;2;0892;Programme court de 2e cycle en formation à distance;20251;hiver 2025;9
ED;2;0892;Programme court de 2e cycle en formation à distance;20252;été 2025;4
ED;2;0892;Programme court de 2e cycle en formation à distance;20253;automne 2025;3
ED;2;0892;Programme court de 2e cycle en formation à distance;20261;hiver 2026;12
ED;2;0892;Programme court de 2e cycle en formation à distance;20262;été 2026;3
SHLC;1;0921;Programme court de 1er cycle en sciences du langage;20191;hiver 2019;3
SHLC;1;0921;Programme court de 1er cycle en sciences du langage;20192;été 2019;1
SHLC;1;0921;Programme court de 1er cycle en sciences du langage;20193;automne 2019;12
SHLC;1;0921;Programme court de 1er cycle en sciences du langage;20201;hiver 2020;2
SHLC;1;0921;Programme court de 1er cycle en sciences du langage;20202;été 2020;12
SHLC;1;0921;Programme court de 1er cycle en sciences du langage;20203;automne 2020;26
SHLC;1;0921;Programme court de 1er cycle en sciences du langage;20211;hiver 2021;19
SHLC;1;0921;Programme court de 1er cycle en sciences du langage;20212;été 2021;9
SHLC;1;0921;Programme court de 1er cycle en sciences du langage;20213;automne 2021;11
SHLC;1;0921;Programme court de 1er cycle en sciences du langage;20221;hiver 2022;10
SHLC;1;0921;Programme court de 1er cycle en sciences du langage;20222;été 2022;8
SHLC;1;0921;Programme court de 1er cycle en sciences du langage;20223;automne 2022;12
SHLC;1;0921;Programme court de 1er cycle en sciences du langage;20231;hiver 2023;4
SHLC;1;0921;Programme court de 1er cycle en sciences du langage;20232;été 2023;14
SHLC;1;0921;Programme court de 1er cycle en sciences du langage;20233;automne 2023;11
SHLC;1;0921;Programme court de 1er cycle en sciences du langage;20241;hiver 2024;8
SHLC;1;0921;Programme court de 1er cycle en sciences du langage;20242;été 2024;10
SHLC;1;0921;Programme court de 1er cycle en sciences du langage;20243;automne 2024;7
SHLC;1;0921;Programme court de 1er cycle en sciences du langage;20251;hiver 2025;13
SHLC;1;0921;Programme court de 1er cycle en sciences du langage;20252;été 2025;7
SHLC;1;0921;Programme court de 1er cycle en sciences du langage;20253;automne 2025;15
SHLC;1;0921;Programme court de 1er cycle en sciences du langage;20261;hiver 2026;8
SHLC;1;0921;Programme court de 1er cycle en sciences du langage;20262;été 2026;7
ST;2;0961;Programme court de 2e cycle en gestion intégrée des zones côtières;20192;été 2019;1
ST;2;0961;Programme court de 2e cycle en gestion intégrée des zones côtières;20193;automne 2019;1
ST;2;0961;Programme court de 2e cycle en gestion intégrée des zones côtières;20202;été 2020;3
ST;2;0961;Programme court de 2e cycle en gestion intégrée des zones côtières;20203;automne 2020;4
ST;2;0961;Programme court de 2e cycle en gestion intégrée des zones côtières;20211;hiver 2021;1
ST;2;0961;Programme court de 2e cycle en gestion intégrée des zones côtières;20221;hiver 2022;4
ST;2;0961;Programme court de 2e cycle en gestion intégrée des zones côtières;20223;automne 2022;2
ST;2;0961;Programme court de 2e cycle en gestion intégrée des zones côtières;20232;été 2023;2
ST;2;0961;Programme court de 2e cycle en gestion intégrée des zones côtières;20233;automne 2023;5
ST;2;0961;Programme court de 2e cycle en gestion intégrée des zones côtières;20241;hiver 2024;3
ST;2;0961;Programme court de 2e cycle en gestion intégrée des zones côtières;20242;été 2024;2
ST;2;0961;Programme court de 2e cycle en gestion intégrée des zones côtières;20243;automne 2024;3
ST;2;0961;Programme court de 2e cycle en gestion intégrée des zones côtières;20251;hiver 2025;2
ST;2;0961;Programme court de 2e cycle en gestion intégrée des zones côtières;20252;été 2025;1
ST;2;0961;Programme court de 2e cycle en gestion intégrée des zones côtières;20253;automne 2025;2
ST;2;0961;Programme court de 2e cycle en gestion intégrée des zones côtières;20261;hiver 2026;11
ST;2;0961;Programme court de 2e cycle en gestion intégrée des zones côtières;20262;été 2026;1
ESA;1;0975;Programme court de 1er cycle en marketing;20223;automne 2022;5
ESA;1;0975;Programme court de 1er cycle en marketing;20231;hiver 2023;16
ESA;1;0975;Programme court de 1er cycle en marketing;20232;été 2023;9
ESA;1;0975;Programme court de 1er cycle en marketing;20233;automne 2023;27
ESA;1;0975;Programme court de 1er cycle en marketing;20241;hiver 2024;23
ESA;1;0975;Programme court de 1er cycle en marketing;20242;été 2024;17
ESA;1;0975;Programme court de 1er cycle en marketing;20243;automne 2024;24
ESA;1;0975;Programme court de 1er cycle en marketing;20251;hiver 2025;17
ESA;1;0975;Programme court de 1er cycle en marketing;20252;été 2025;18
ESA;1;0975;Programme court de 1er cycle en marketing;20253;automne 2025;28
ESA;1;0975;Programme court de 1er cycle en marketing;20261;hiver 2026;29
ESA;1;0975;Programme court de 1er cycle en marketing;20262;été 2026;11
ESA;1;0979;Programme court de 1er cycle en économie;20202;été 2020;1
ESA;1;0979;Programme court de 1er cycle en économie;20203;automne 2020;4
ESA;1;0979;Programme court de 1er cycle en économie;20211;hiver 2021;3
ESA;1;0979;Programme court de 1er cycle en économie;20212;été 2021;5
ESA;1;0979;Programme court de 1er cycle en économie;20213;automne 2021;3
ESA;1;0979;Programme court de 1er cycle en économie;20221;hiver 2022;7
ESA;1;0979;Programme court de 1er cycle en économie;20222;été 2022;3
ESA;1;0979;Programme court de 1er cycle en économie;20223;automne 2022;5
ESA;1;0979;Programme court de 1er cycle en économie;20231;hiver 2023;8
ESA;1;0979;Programme court de 1er cycle en économie;20232;été 2023;1
ESA;1;0979;Programme court de 1er cycle en économie;20233;automne 2023;8
ESA;1;0979;Programme court de 1er cycle en économie;20241;hiver 2024;8
ESA;1;0979;Programme court de 1er cycle en économie;20242;été 2024;14
ESA;1;0979;Programme court de 1er cycle en économie;20243;automne 2024;17
ESA;1;0979;Programme court de 1er cycle en économie;20251;hiver 2025;11
ESA;1;0979;Programme court de 1er cycle en économie;20252;été 2025;4
ESA;1;0979;Programme court de 1er cycle en économie;20253;automne 2025;18
ESA;1;0979;Programme court de 1er cycle en économie;20261;hiver 2026;14
ESA;1;0979;Programme court de 1er cycle en économie;20262;été 2026;4
ST;3;1430;Doctorat sur mesure (Sciences de l'informatique);20213;automne 2021;1
ST;3;1430;Doctorat sur mesure (Sciences de l'informatique);20222;été 2022;1
ST;3;1430;Doctorat sur mesure (Sciences de l'informatique);20223;automne 2022;1
ST;3;1430;Doctorat sur mesure (Sciences de l'informatique);20231;hiver 2023;1
ED;3;1458;Doctorat sur mesure (Éducation);20232;été 2023;1
ED;3;1458;Doctorat sur mesure (Éducation);20241;hiver 2024;1
ED;3;1458;Doctorat sur mesure (Éducation);20242;été 2024;1
ED;3;1458;Doctorat sur mesure (Éducation);20243;automne 2024;1
ED;3;1458;Doctorat sur mesure (Éducation);20253;automne 2025;1
ED;3;1458;Doctorat sur mesure (Éducation);20261;hiver 2026;1
ST;2;1473;Maîtrise sur mesure (M.Sc.) (sciences de l'environnement);20242;été 2024;3
ST;2;1473;Maîtrise sur mesure (M.Sc.) (sciences de l'environnement);20243;automne 2024;2
ST;2;1473;Maîtrise sur mesure (M.Sc.) (sciences de l'environnement);20251;hiver 2025;3
ST;2;1473;Maîtrise sur mesure (M.Sc.) (sciences de l'environnement);20252;été 2025;1
ST;2;1473;Maîtrise sur mesure (M.Sc.) (sciences de l'environnement);20253;automne 2025;5
ST;2;1473;Maîtrise sur mesure (M.Sc.) (sciences de l'environnement);20261;hiver 2026;5
ST;2;1473;Maîtrise sur mesure (M.Sc.) (sciences de l'environnement);20262;été 2026;1
ED;2;1513;Maîtrise en éducation (sans mémoire - concentration en formation à distance);20143;automne 2014;10
ED;2;1513;Maîtrise en éducation (sans mémoire - concentration en formation à distance);20151;hiver 2015;24
ED;2;1513;Maîtrise en éducation (sans mémoire - concentration en formation à distance);20152;été 2015;13
ED;2;1513;Maîtrise en éducation (sans mémoire - concentration en formation à distance);20153;automne 2015;22
ED;2;1513;Maîtrise en éducation (sans mémoire - concentration en formation à distance);20161;hiver 2016;23
ED;2;1513;Maîtrise en éducation (sans mémoire - concentration en formation à distance);20162;été 2016;9
ED;2;1513;Maîtrise en éducation (sans mémoire - concentration en formation à distance);20163;automne 2016;22
ED;2;1513;Maîtrise en éducation (sans mémoire - concentration en formation à distance);20171;hiver 2017;23
ED;2;1513;Maîtrise en éducation (sans mémoire - concentration en formation à distance);20172;été 2017;9
ED;2;1513;Maîtrise en éducation (sans mémoire - concentration en formation à distance);20173;automne 2017;16
ED;2;1513;Maîtrise en éducation (sans mémoire - concentration en formation à distance);20181;hiver 2018;6
ED;2;1513;Maîtrise en éducation (sans mémoire - concentration en formation à distance);20182;été 2018;2
ED;2;1513;Maîtrise en éducation (sans mémoire - concentration en formation à distance);20183;automne 2018;5
ED;2;1513;Maîtrise en éducation (sans mémoire - concentration en formation à distance);20191;hiver 2019;4
ED;2;1513;Maîtrise en éducation (sans mémoire - concentration en formation à distance);20192;été 2019;1
ED;2;1513;Maîtrise en éducation (sans mémoire - concentration en formation à distance);20193;automne 2019;3
ED;2;1513;Maîtrise en éducation (sans mémoire - concentration en formation à distance);20201;hiver 2020;2
ED;2;1513;Maîtrise en éducation (sans mémoire - concentration en formation à distance);20202;été 2020;1
ED;2;1513;Maîtrise en éducation (sans mémoire - concentration en formation à distance);20211;hiver 2021;2
ED;2;1514;Maîtrise en éducation (sans mémoire - concentration en technologie éducative);20143;automne 2014;13
ED;2;1514;Maîtrise en éducation (sans mémoire - concentration en technologie éducative);20151;hiver 2015;26
ED;2;1514;Maîtrise en éducation (sans mémoire - concentration en technologie éducative);20152;été 2015;10
ED;2;1514;Maîtrise en éducation (sans mémoire - concentration en technologie éducative);20153;automne 2015;17
ED;2;1514;Maîtrise en éducation (sans mémoire - concentration en technologie éducative);20161;hiver 2016;19
ED;2;1514;Maîtrise en éducation (sans mémoire - concentration en technologie éducative);20162;été 2016;12
ED;2;1514;Maîtrise en éducation (sans mémoire - concentration en technologie éducative);20163;automne 2016;19
ED;2;1514;Maîtrise en éducation (sans mémoire - concentration en technologie éducative);20171;hiver 2017;19
ED;2;1514;Maîtrise en éducation (sans mémoire - concentration en technologie éducative);20172;été 2017;7
ED;2;1514;Maîtrise en éducation (sans mémoire - concentration en technologie éducative);20173;automne 2017;28
ED;2;1514;Maîtrise en éducation (sans mémoire - concentration en technologie éducative);20181;hiver 2018;7
ED;2;1514;Maîtrise en éducation (sans mémoire - concentration en technologie éducative);20182;été 2018;1
ED;2;1514;Maîtrise en éducation (sans mémoire - concentration en technologie éducative);20183;automne 2018;7
ED;2;1514;Maîtrise en éducation (sans mémoire - concentration en technologie éducative);20191;hiver 2019;2
ED;2;1514;Maîtrise en éducation (sans mémoire - concentration en technologie éducative);20193;automne 2019;1
ED;2;1514;Maîtrise en éducation (sans mémoire - concentration en technologie éducative);20201;hiver 2020;1
ED;2;1514;Maîtrise en éducation (sans mémoire - concentration en technologie éducative);20203;automne 2020;2
ED;2;1514;Maîtrise en éducation (sans mémoire - concentration en technologie éducative);20213;automne 2021;1
ED;2;1514;Maîtrise en éducation (sans mémoire - concentration en technologie éducative);20221;hiver 2022;1
ED;2;1514;Maîtrise en éducation (sans mémoire - concentration en technologie éducative);20223;automne 2022;1
ED;2;1514;Maîtrise en éducation (sans mémoire - concentration en technologie éducative);20231;hiver 2023;2
ED;2;1514;Maîtrise en éducation (sans mémoire - concentration en technologie éducative);20233;automne 2023;1
ED;2;1514;Maîtrise en éducation (sans mémoire - concentration en technologie éducative);20241;hiver 2024;2
ED;2;1514;Maîtrise en éducation (sans mémoire - concentration en technologie éducative);20243;automne 2024;1
ED;2;1514;Maîtrise en éducation (sans mémoire - concentration en technologie éducative);20261;hiver 2026;1
ED;2;1515;Maîtrise en éducation (avec mémoire - concentration en formation à distance);20143;automne 2014;7
ED;2;1515;Maîtrise en éducation (avec mémoire - concentration en formation à distance);20151;hiver 2015;3
ED;2;1515;Maîtrise en éducation (avec mémoire - concentration en formation à distance);20152;été 2015;1
ED;2;1515;Maîtrise en éducation (avec mémoire - concentration en formation à distance);20153;automne 2015;6
ED;2;1515;Maîtrise en éducation (avec mémoire - concentration en formation à distance);20161;hiver 2016;7
ED;2;1515;Maîtrise en éducation (avec mémoire - concentration en formation à distance);20162;été 2016;2
ED;2;1515;Maîtrise en éducation (avec mémoire - concentration en formation à distance);20163;automne 2016;10
ED;2;1515;Maîtrise en éducation (avec mémoire - concentration en formation à distance);20171;hiver 2017;16
ED;2;1515;Maîtrise en éducation (avec mémoire - concentration en formation à distance);20172;été 2017;3
ED;2;1515;Maîtrise en éducation (avec mémoire - concentration en formation à distance);20173;automne 2017;11
ED;2;1515;Maîtrise en éducation (avec mémoire - concentration en formation à distance);20181;hiver 2018;8
ED;2;1515;Maîtrise en éducation (avec mémoire - concentration en formation à distance);20182;été 2018;3
ED;2;1515;Maîtrise en éducation (avec mémoire - concentration en formation à distance);20183;automne 2018;6
ED;2;1515;Maîtrise en éducation (avec mémoire - concentration en formation à distance);20191;hiver 2019;7
ED;2;1515;Maîtrise en éducation (avec mémoire - concentration en formation à distance);20192;été 2019;2
ED;2;1515;Maîtrise en éducation (avec mémoire - concentration en formation à distance);20193;automne 2019;9
ED;2;1515;Maîtrise en éducation (avec mémoire - concentration en formation à distance);20201;hiver 2020;6
ED;2;1515;Maîtrise en éducation (avec mémoire - concentration en formation à distance);20202;été 2020;4
ED;2;1515;Maîtrise en éducation (avec mémoire - concentration en formation à distance);20203;automne 2020;7
ED;2;1515;Maîtrise en éducation (avec mémoire - concentration en formation à distance);20211;hiver 2021;3
ED;2;1515;Maîtrise en éducation (avec mémoire - concentration en formation à distance);20212;été 2021;2
ED;2;1515;Maîtrise en éducation (avec mémoire - concentration en formation à distance);20213;automne 2021;7
ED;2;1515;Maîtrise en éducation (avec mémoire - concentration en formation à distance);20221;hiver 2022;12
ED;2;1515;Maîtrise en éducation (avec mémoire - concentration en formation à distance);20222;été 2022;4
ED;2;1515;Maîtrise en éducation (avec mémoire - concentration en formation à distance);20223;automne 2022;8
ED;2;1515;Maîtrise en éducation (avec mémoire - concentration en formation à distance);20231;hiver 2023;10
ED;2;1515;Maîtrise en éducation (avec mémoire - concentration en formation à distance);20232;été 2023;2
ED;2;1515;Maîtrise en éducation (avec mémoire - concentration en formation à distance);20233;automne 2023;7
ED;2;1515;Maîtrise en éducation (avec mémoire - concentration en formation à distance);20241;hiver 2024;4
ED;2;1515;Maîtrise en éducation (avec mémoire - concentration en formation à distance);20242;été 2024;2
ED;2;1515;Maîtrise en éducation (avec mémoire - concentration en formation à distance);20243;automne 2024;4
ED;2;1515;Maîtrise en éducation (avec mémoire - concentration en formation à distance);20251;hiver 2025;4
ED;2;1515;Maîtrise en éducation (avec mémoire - concentration en formation à distance);20252;été 2025;3
ED;2;1515;Maîtrise en éducation (avec mémoire - concentration en formation à distance);20253;automne 2025;7
ED;2;1515;Maîtrise en éducation (avec mémoire - concentration en formation à distance);20261;hiver 2026;6
ED;2;1516;Maîtrise en éducation (avec mémoire - concentration en technologie éducative);20143;automne 2014;3
ED;2;1516;Maîtrise en éducation (avec mémoire - concentration en technologie éducative);20151;hiver 2015;7
ED;2;1516;Maîtrise en éducation (avec mémoire - concentration en technologie éducative);20152;été 2015;7
ED;2;1516;Maîtrise en éducation (avec mémoire - concentration en technologie éducative);20153;automne 2015;16
ED;2;1516;Maîtrise en éducation (avec mémoire - concentration en technologie éducative);20161;hiver 2016;16
ED;2;1516;Maîtrise en éducation (avec mémoire - concentration en technologie éducative);20162;été 2016;12
ED;2;1516;Maîtrise en éducation (avec mémoire - concentration en technologie éducative);20163;automne 2016;31
ED;2;1516;Maîtrise en éducation (avec mémoire - concentration en technologie éducative);20171;hiver 2017;19
ED;2;1516;Maîtrise en éducation (avec mémoire - concentration en technologie éducative);20172;été 2017;8
ED;2;1516;Maîtrise en éducation (avec mémoire - concentration en technologie éducative);20173;automne 2017;16
ED;2;1516;Maîtrise en éducation (avec mémoire - concentration en technologie éducative);20181;hiver 2018;19
ED;2;1516;Maîtrise en éducation (avec mémoire - concentration en technologie éducative);20182;été 2018;10
ED;2;1516;Maîtrise en éducation (avec mémoire - concentration en technologie éducative);20183;automne 2018;22
ED;2;1516;Maîtrise en éducation (avec mémoire - concentration en technologie éducative);20191;hiver 2019;21
ED;2;1516;Maîtrise en éducation (avec mémoire - concentration en technologie éducative);20192;été 2019;2
ED;2;1516;Maîtrise en éducation (avec mémoire - concentration en technologie éducative);20193;automne 2019;19
ED;2;1516;Maîtrise en éducation (avec mémoire - concentration en technologie éducative);20201;hiver 2020;17
ED;2;1516;Maîtrise en éducation (avec mémoire - concentration en technologie éducative);20202;été 2020;6
ED;2;1516;Maîtrise en éducation (avec mémoire - concentration en technologie éducative);20203;automne 2020;16
ED;2;1516;Maîtrise en éducation (avec mémoire - concentration en technologie éducative);20211;hiver 2021;11
ED;2;1516;Maîtrise en éducation (avec mémoire - concentration en technologie éducative);20212;été 2021;6
ED;2;1516;Maîtrise en éducation (avec mémoire - concentration en technologie éducative);20213;automne 2021;18
ED;2;1516;Maîtrise en éducation (avec mémoire - concentration en technologie éducative);20221;hiver 2022;12
ED;2;1516;Maîtrise en éducation (avec mémoire - concentration en technologie éducative);20222;été 2022;2
ED;2;1516;Maîtrise en éducation (avec mémoire - concentration en technologie éducative);20223;automne 2022;12
ED;2;1516;Maîtrise en éducation (avec mémoire - concentration en technologie éducative);20231;hiver 2023;14
ED;2;1516;Maîtrise en éducation (avec mémoire - concentration en technologie éducative);20232;été 2023;3
ED;2;1516;Maîtrise en éducation (avec mémoire - concentration en technologie éducative);20233;automne 2023;13
ED;2;1516;Maîtrise en éducation (avec mémoire - concentration en technologie éducative);20241;hiver 2024;13
ED;2;1516;Maîtrise en éducation (avec mémoire - concentration en technologie éducative);20242;été 2024;8
ED;2;1516;Maîtrise en éducation (avec mémoire - concentration en technologie éducative);20243;automne 2024;26
ED;2;1516;Maîtrise en éducation (avec mémoire - concentration en technologie éducative);20251;hiver 2025;30
ED;2;1516;Maîtrise en éducation (avec mémoire - concentration en technologie éducative);20252;été 2025;5
ED;2;1516;Maîtrise en éducation (avec mémoire - concentration en technologie éducative);20253;automne 2025;28
ED;2;1516;Maîtrise en éducation (avec mémoire - concentration en technologie éducative);20261;hiver 2026;27
ED;2;1516;Maîtrise en éducation (avec mémoire - concentration en technologie éducative);20262;été 2026;2
ED;2;1576;Maîtrise par cumul en technologie éducative;20142;été 2014;1
ED;2;1576;Maîtrise par cumul en technologie éducative;20171;hiver 2017;1
ED;2;1576;Maîtrise par cumul en technologie éducative;20182;été 2018;1
ED;2;1576;Maîtrise par cumul en technologie éducative;20191;hiver 2019;1
ED;2;1576;Maîtrise par cumul en technologie éducative;20202;été 2020;1
ED;2;1576;Maîtrise par cumul en technologie éducative;20211;hiver 2021;1
ED;2;1576;Maîtrise par cumul en technologie éducative;20221;hiver 2022;1
ED;2;1576;Maîtrise par cumul en technologie éducative;20232;été 2023;1
ED;2;1576;Maîtrise par cumul en technologie éducative;20233;automne 2023;1
ED;2;1576;Maîtrise par cumul en technologie éducative;20241;hiver 2024;1
ED;2;1576;Maîtrise par cumul en technologie éducative;20251;hiver 2025;1
ED;2;1576;Maîtrise par cumul en technologie éducative;20261;hiver 2026;1
ED;2;1576;Maîtrise par cumul en technologie éducative;20262;été 2026;1
ST;2;1577;Diplôme d'études supérieures spécialisées en gestion intégrée des zones côtières;20201;hiver 2020;1
ST;2;1577;Diplôme d'études supérieures spécialisées en gestion intégrée des zones côtières;20203;automne 2020;3
ST;2;1577;Diplôme d'études supérieures spécialisées en gestion intégrée des zones côtières;20211;hiver 2021;7
ST;2;1577;Diplôme d'études supérieures spécialisées en gestion intégrée des zones côtières;20213;automne 2021;2
ST;2;1577;Diplôme d'études supérieures spécialisées en gestion intégrée des zones côtières;20221;hiver 2022;1
ST;2;1577;Diplôme d'études supérieures spécialisées en gestion intégrée des zones côtières;20223;automne 2022;2
ST;2;1577;Diplôme d'études supérieures spécialisées en gestion intégrée des zones côtières;20231;hiver 2023;1
ED;2;1655;Maîtrise en éducation (avec essai - concentration en efficacité de l'enseignement et des écoles);20173;automne 2017;3
ED;2;1655;Maîtrise en éducation (avec essai - concentration en efficacité de l'enseignement et des écoles);20181;hiver 2018;4
ED;2;1655;Maîtrise en éducation (avec essai - concentration en efficacité de l'enseignement et des écoles);20182;été 2018;11
ED;2;1655;Maîtrise en éducation (avec essai - concentration en efficacité de l'enseignement et des écoles);20183;automne 2018;17
ED;2;1655;Maîtrise en éducation (avec essai - concentration en efficacité de l'enseignement et des écoles);20191;hiver 2019;22
ED;2;1655;Maîtrise en éducation (avec essai - concentration en efficacité de l'enseignement et des écoles);20192;été 2019;6
ED;2;1655;Maîtrise en éducation (avec essai - concentration en efficacité de l'enseignement et des écoles);20193;automne 2019;17
ED;2;1655;Maîtrise en éducation (avec essai - concentration en efficacité de l'enseignement et des écoles);20201;hiver 2020;25
ED;2;1655;Maîtrise en éducation (avec essai - concentration en efficacité de l'enseignement et des écoles);20202;été 2020;19
ED;2;1655;Maîtrise en éducation (avec essai - concentration en efficacité de l'enseignement et des écoles);20203;automne 2020;27
ED;2;1655;Maîtrise en éducation (avec essai - concentration en efficacité de l'enseignement et des écoles);20211;hiver 2021;29
ED;2;1655;Maîtrise en éducation (avec essai - concentration en efficacité de l'enseignement et des écoles);20212;été 2021;8
ED;2;1655;Maîtrise en éducation (avec essai - concentration en efficacité de l'enseignement et des écoles);20213;automne 2021;32
ED;2;1655;Maîtrise en éducation (avec essai - concentration en efficacité de l'enseignement et des écoles);20221;hiver 2022;24
ED;2;1655;Maîtrise en éducation (avec essai - concentration en efficacité de l'enseignement et des écoles);20222;été 2022;6
ED;2;1655;Maîtrise en éducation (avec essai - concentration en efficacité de l'enseignement et des écoles);20223;automne 2022;30
ED;2;1655;Maîtrise en éducation (avec essai - concentration en efficacité de l'enseignement et des écoles);20231;hiver 2023;27
ED;2;1655;Maîtrise en éducation (avec essai - concentration en efficacité de l'enseignement et des écoles);20232;été 2023;18
ED;2;1655;Maîtrise en éducation (avec essai - concentration en efficacité de l'enseignement et des écoles);20233;automne 2023;42
ED;2;1655;Maîtrise en éducation (avec essai - concentration en efficacité de l'enseignement et des écoles);20241;hiver 2024;46
ED;2;1655;Maîtrise en éducation (avec essai - concentration en efficacité de l'enseignement et des écoles);20242;été 2024;18
ED;2;1655;Maîtrise en éducation (avec essai - concentration en efficacité de l'enseignement et des écoles);20243;automne 2024;38
ED;2;1655;Maîtrise en éducation (avec essai - concentration en efficacité de l'enseignement et des écoles);20251;hiver 2025;43
ED;2;1655;Maîtrise en éducation (avec essai - concentration en efficacité de l'enseignement et des écoles);20252;été 2025;19
ED;2;1655;Maîtrise en éducation (avec essai - concentration en efficacité de l'enseignement et des écoles);20253;automne 2025;61
ED;2;1655;Maîtrise en éducation (avec essai - concentration en efficacité de l'enseignement et des écoles);20261;hiver 2026;59
ED;2;1655;Maîtrise en éducation (avec essai - concentration en efficacité de l'enseignement et des écoles);20262;été 2026;22
ED;2;1656;Maîtrise en éducation (avec mémoire - concentration en efficacité de l'enseignement et des écoles);20183;automne 2018;1
ED;2;1656;Maîtrise en éducation (avec mémoire - concentration en efficacité de l'enseignement et des écoles);20191;hiver 2019;3
ED;2;1656;Maîtrise en éducation (avec mémoire - concentration en efficacité de l'enseignement et des écoles);20193;automne 2019;3
ED;2;1656;Maîtrise en éducation (avec mémoire - concentration en efficacité de l'enseignement et des écoles);20201;hiver 2020;5
ED;2;1656;Maîtrise en éducation (avec mémoire - concentration en efficacité de l'enseignement et des écoles);20202;été 2020;1
ED;2;1656;Maîtrise en éducation (avec mémoire - concentration en efficacité de l'enseignement et des écoles);20203;automne 2020;5
ED;2;1656;Maîtrise en éducation (avec mémoire - concentration en efficacité de l'enseignement et des écoles);20211;hiver 2021;6
ED;2;1656;Maîtrise en éducation (avec mémoire - concentration en efficacité de l'enseignement et des écoles);20212;été 2021;5
ED;2;1656;Maîtrise en éducation (avec mémoire - concentration en efficacité de l'enseignement et des écoles);20213;automne 2021;12
ED;2;1656;Maîtrise en éducation (avec mémoire - concentration en efficacité de l'enseignement et des écoles);20221;hiver 2022;8
ED;2;1656;Maîtrise en éducation (avec mémoire - concentration en efficacité de l'enseignement et des écoles);20222;été 2022;1
ED;2;1656;Maîtrise en éducation (avec mémoire - concentration en efficacité de l'enseignement et des écoles);20223;automne 2022;10
ED;2;1656;Maîtrise en éducation (avec mémoire - concentration en efficacité de l'enseignement et des écoles);20231;hiver 2023;11
ED;2;1656;Maîtrise en éducation (avec mémoire - concentration en efficacité de l'enseignement et des écoles);20232;été 2023;1
ED;2;1656;Maîtrise en éducation (avec mémoire - concentration en efficacité de l'enseignement et des écoles);20233;automne 2023;8
ED;2;1656;Maîtrise en éducation (avec mémoire - concentration en efficacité de l'enseignement et des écoles);20241;hiver 2024;8
ED;2;1656;Maîtrise en éducation (avec mémoire - concentration en efficacité de l'enseignement et des écoles);20242;été 2024;3
ED;2;1656;Maîtrise en éducation (avec mémoire - concentration en efficacité de l'enseignement et des écoles);20243;automne 2024;16
ED;2;1656;Maîtrise en éducation (avec mémoire - concentration en efficacité de l'enseignement et des écoles);20251;hiver 2025;16
ED;2;1656;Maîtrise en éducation (avec mémoire - concentration en efficacité de l'enseignement et des écoles);20252;été 2025;10
ED;2;1656;Maîtrise en éducation (avec mémoire - concentration en efficacité de l'enseignement et des écoles);20253;automne 2025;14
ED;2;1656;Maîtrise en éducation (avec mémoire - concentration en efficacité de l'enseignement et des écoles);20261;hiver 2026;19
ED;2;1656;Maîtrise en éducation (avec mémoire - concentration en efficacité de l'enseignement et des écoles);20262;été 2026;1
ESA;2;1658;Diplôme d'études supérieures spécialisées en gestion des ressources humaines dans l'économie du savoir;20181;hiver 2018;7
ESA;2;1658;Diplôme d'études supérieures spécialisées en gestion des ressources humaines dans l'économie du savoir;20182;été 2018;12
ESA;2;1658;Diplôme d'études supérieures spécialisées en gestion des ressources humaines dans l'économie du savoir;20183;automne 2018;42
ESA;2;1658;Diplôme d'études supérieures spécialisées en gestion des ressources humaines dans l'économie du savoir;20191;hiver 2019;34
ESA;2;1658;Diplôme d'études supérieures spécialisées en gestion des ressources humaines dans l'économie du savoir;20192;été 2019;24
ESA;2;1658;Diplôme d'études supérieures spécialisées en gestion des ressources humaines dans l'économie du savoir;20193;automne 2019;42
ESA;2;1658;Diplôme d'études supérieures spécialisées en gestion des ressources humaines dans l'économie du savoir;20201;hiver 2020;46
ESA;2;1658;Diplôme d'études supérieures spécialisées en gestion des ressources humaines dans l'économie du savoir;20202;été 2020;47
ESA;2;1658;Diplôme d'études supérieures spécialisées en gestion des ressources humaines dans l'économie du savoir;20203;automne 2020;79
ESA;2;1658;Diplôme d'études supérieures spécialisées en gestion des ressources humaines dans l'économie du savoir;20211;hiver 2021;65
ESA;2;1658;Diplôme d'études supérieures spécialisées en gestion des ressources humaines dans l'économie du savoir;20212;été 2021;35
ESA;2;1658;Diplôme d'études supérieures spécialisées en gestion des ressources humaines dans l'économie du savoir;20213;automne 2021;57
ESA;2;1658;Diplôme d'études supérieures spécialisées en gestion des ressources humaines dans l'économie du savoir;20221;hiver 2022;62
ESA;2;1658;Diplôme d'études supérieures spécialisées en gestion des ressources humaines dans l'économie du savoir;20222;été 2022;19
ESA;2;1658;Diplôme d'études supérieures spécialisées en gestion des ressources humaines dans l'économie du savoir;20223;automne 2022;59
ESA;2;1658;Diplôme d'études supérieures spécialisées en gestion des ressources humaines dans l'économie du savoir;20231;hiver 2023;41
ESA;2;1658;Diplôme d'études supérieures spécialisées en gestion des ressources humaines dans l'économie du savoir;20232;été 2023;27
ESA;2;1658;Diplôme d'études supérieures spécialisées en gestion des ressources humaines dans l'économie du savoir;20233;automne 2023;62
ESA;2;1658;Diplôme d'études supérieures spécialisées en gestion des ressources humaines dans l'économie du savoir;20241;hiver 2024;62
ESA;2;1658;Diplôme d'études supérieures spécialisées en gestion des ressources humaines dans l'économie du savoir;20242;été 2024;29
ESA;2;1658;Diplôme d'études supérieures spécialisées en gestion des ressources humaines dans l'économie du savoir;20243;automne 2024;62
ESA;2;1658;Diplôme d'études supérieures spécialisées en gestion des ressources humaines dans l'économie du savoir;20251;hiver 2025;87
ESA;2;1658;Diplôme d'études supérieures spécialisées en gestion des ressources humaines dans l'économie du savoir;20252;été 2025;77
ESA;2;1658;Diplôme d'études supérieures spécialisées en gestion des ressources humaines dans l'économie du savoir;20253;automne 2025;151
ESA;2;1658;Diplôme d'études supérieures spécialisées en gestion des ressources humaines dans l'économie du savoir;20261;hiver 2026;155
ESA;2;1658;Diplôme d'études supérieures spécialisées en gestion des ressources humaines dans l'économie du savoir;20262;été 2026;79
ESA;2;1665;Maîtrise par cumul en administration;20252;été 2025;1
ESA;2;1665;Maîtrise par cumul en administration;20253;automne 2025;2
ESA;2;1665;Maîtrise par cumul en administration;20261;hiver 2026;1
SHLC;2;1669;Maîtrise par cumul en santé mentale;20173;automne 2017;5
SHLC;2;1669;Maîtrise par cumul en santé mentale;20181;hiver 2018;3
SHLC;2;1669;Maîtrise par cumul en santé mentale;20182;été 2018;3
SHLC;2;1669;Maîtrise par cumul en santé mentale;20183;automne 2018;1
SHLC;2;1669;Maîtrise par cumul en santé mentale;20191;hiver 2019;3
SHLC;2;1669;Maîtrise par cumul en santé mentale;20192;été 2019;1
SHLC;2;1669;Maîtrise par cumul en santé mentale;20193;automne 2019;5
SHLC;2;1669;Maîtrise par cumul en santé mentale;20201;hiver 2020;2
SHLC;2;1669;Maîtrise par cumul en santé mentale;20202;été 2020;3
SHLC;2;1669;Maîtrise par cumul en santé mentale;20203;automne 2020;8
SHLC;2;1669;Maîtrise par cumul en santé mentale;20211;hiver 2021;4
SHLC;2;1669;Maîtrise par cumul en santé mentale;20212;été 2021;7
SHLC;2;1669;Maîtrise par cumul en santé mentale;20221;hiver 2022;7
SHLC;2;1669;Maîtrise par cumul en santé mentale;20222;été 2022;8
SHLC;2;1669;Maîtrise par cumul en santé mentale;20223;automne 2022;11
SHLC;2;1669;Maîtrise par cumul en santé mentale;20231;hiver 2023;9
SHLC;2;1669;Maîtrise par cumul en santé mentale;20232;été 2023;12
SHLC;2;1669;Maîtrise par cumul en santé mentale;20233;automne 2023;11
SHLC;2;1669;Maîtrise par cumul en santé mentale;20241;hiver 2024;16
SHLC;2;1669;Maîtrise par cumul en santé mentale;20242;été 2024;18
SHLC;2;1669;Maîtrise par cumul en santé mentale;20243;automne 2024;23
SHLC;2;1669;Maîtrise par cumul en santé mentale;20251;hiver 2025;11
SHLC;2;1669;Maîtrise par cumul en santé mentale;20252;été 2025;18
SHLC;2;1669;Maîtrise par cumul en santé mentale;20253;automne 2025;11
SHLC;2;1669;Maîtrise par cumul en santé mentale;20261;hiver 2026;8
SHLC;2;1669;Maîtrise par cumul en santé mentale;20262;été 2026;5
ED;2;1674;Maîtrise en éducation (avec essai - concentration en administration scolaire);20173;automne 2017;2
ED;2;1674;Maîtrise en éducation (avec essai - concentration en administration scolaire);20181;hiver 2018;1
ED;2;1674;Maîtrise en éducation (avec essai - concentration en administration scolaire);20191;hiver 2019;2
ED;2;1674;Maîtrise en éducation (avec essai - concentration en administration scolaire);20193;automne 2019;8
ED;2;1674;Maîtrise en éducation (avec essai - concentration en administration scolaire);20201;hiver 2020;11
ED;2;1674;Maîtrise en éducation (avec essai - concentration en administration scolaire);20202;été 2020;18
ED;2;1674;Maîtrise en éducation (avec essai - concentration en administration scolaire);20203;automne 2020;16
ED;2;1674;Maîtrise en éducation (avec essai - concentration en administration scolaire);20211;hiver 2021;26
ED;2;1674;Maîtrise en éducation (avec essai - concentration en administration scolaire);20212;été 2021;18
ED;2;1674;Maîtrise en éducation (avec essai - concentration en administration scolaire);20213;automne 2021;24
ED;2;1674;Maîtrise en éducation (avec essai - concentration en administration scolaire);20221;hiver 2022;26
ED;2;1674;Maîtrise en éducation (avec essai - concentration en administration scolaire);20222;été 2022;11
ED;2;1674;Maîtrise en éducation (avec essai - concentration en administration scolaire);20223;automne 2022;17
ED;2;1674;Maîtrise en éducation (avec essai - concentration en administration scolaire);20231;hiver 2023;13
ED;2;1674;Maîtrise en éducation (avec essai - concentration en administration scolaire);20232;été 2023;2
ED;2;1674;Maîtrise en éducation (avec essai - concentration en administration scolaire);20233;automne 2023;9
ED;2;1674;Maîtrise en éducation (avec essai - concentration en administration scolaire);20241;hiver 2024;6
ED;2;1674;Maîtrise en éducation (avec essai - concentration en administration scolaire);20242;été 2024;2
ED;2;1674;Maîtrise en éducation (avec essai - concentration en administration scolaire);20243;automne 2024;8
ED;2;1674;Maîtrise en éducation (avec essai - concentration en administration scolaire);20251;hiver 2025;6
ED;2;1674;Maîtrise en éducation (avec essai - concentration en administration scolaire);20252;été 2025;4
ED;2;1674;Maîtrise en éducation (avec essai - concentration en administration scolaire);20253;automne 2025;4
ED;2;1674;Maîtrise en éducation (avec essai - concentration en administration scolaire);20261;hiver 2026;3
ED;2;1675;Maîtrise en éducation (avec mémoire - concentration en administration scolaire);20193;automne 2019;1
ED;2;1675;Maîtrise en éducation (avec mémoire - concentration en administration scolaire);20201;hiver 2020;5
ED;2;1675;Maîtrise en éducation (avec mémoire - concentration en administration scolaire);20202;été 2020;4
ED;2;1675;Maîtrise en éducation (avec mémoire - concentration en administration scolaire);20203;automne 2020;5
ED;2;1675;Maîtrise en éducation (avec mémoire - concentration en administration scolaire);20211;hiver 2021;4
ED;2;1675;Maîtrise en éducation (avec mémoire - concentration en administration scolaire);20212;été 2021;7
ED;2;1675;Maîtrise en éducation (avec mémoire - concentration en administration scolaire);20213;automne 2021;7
ED;2;1675;Maîtrise en éducation (avec mémoire - concentration en administration scolaire);20221;hiver 2022;6
ED;2;1675;Maîtrise en éducation (avec mémoire - concentration en administration scolaire);20223;automne 2022;4
ED;2;1675;Maîtrise en éducation (avec mémoire - concentration en administration scolaire);20231;hiver 2023;1
ED;2;1675;Maîtrise en éducation (avec mémoire - concentration en administration scolaire);20233;automne 2023;3
ED;2;1675;Maîtrise en éducation (avec mémoire - concentration en administration scolaire);20241;hiver 2024;2
ED;2;1675;Maîtrise en éducation (avec mémoire - concentration en administration scolaire);20243;automne 2024;2
ED;2;1675;Maîtrise en éducation (avec mémoire - concentration en administration scolaire);20251;hiver 2025;2
ED;2;1675;Maîtrise en éducation (avec mémoire - concentration en administration scolaire);20253;automne 2025;2
ED;2;1675;Maîtrise en éducation (avec mémoire - concentration en administration scolaire);20261;hiver 2026;1
ST;2;1775;Maîtrise ès sciences (technologie de l'information), profil professionnel;20241;hiver 2024;20
ST;2;1775;Maîtrise ès sciences (technologie de l'information), profil professionnel;20242;été 2024;11
ST;2;1775;Maîtrise ès sciences (technologie de l'information), profil professionnel;20243;automne 2024;36
ST;2;1775;Maîtrise ès sciences (technologie de l'information), profil professionnel;20251;hiver 2025;29
ST;2;1775;Maîtrise ès sciences (technologie de l'information), profil professionnel;20252;été 2025;16
ST;2;1775;Maîtrise ès sciences (technologie de l'information), profil professionnel;20253;automne 2025;58
ST;2;1775;Maîtrise ès sciences (technologie de l'information), profil professionnel;20261;hiver 2026;54
ST;2;1775;Maîtrise ès sciences (technologie de l'information), profil professionnel;20262;été 2026;34
ST;2;1776;Maîtrise ès sciences (technologie de l'information), profil recherche;20241;hiver 2024;7
ST;2;1776;Maîtrise ès sciences (technologie de l'information), profil recherche;20242;été 2024;6
ST;2;1776;Maîtrise ès sciences (technologie de l'information), profil recherche;20243;automne 2024;7
ST;2;1776;Maîtrise ès sciences (technologie de l'information), profil recherche;20251;hiver 2025;9
ST;2;1776;Maîtrise ès sciences (technologie de l'information), profil recherche;20252;été 2025;9
ST;2;1776;Maîtrise ès sciences (technologie de l'information), profil recherche;20253;automne 2025;15
ST;2;1776;Maîtrise ès sciences (technologie de l'information), profil recherche;20261;hiver 2026;12
ST;2;1776;Maîtrise ès sciences (technologie de l'information), profil recherche;20262;été 2026;9
SHLC;2;1784;Diplôme d'études supérieures spécialisées en enseignement du français langue seconde;20241;hiver 2024;32
SHLC;2;1784;Diplôme d'études supérieures spécialisées en enseignement du français langue seconde;20242;été 2024;34
SHLC;2;1784;Diplôme d'études supérieures spécialisées en enseignement du français langue seconde;20243;automne 2024;90
SHLC;2;1784;Diplôme d'études supérieures spécialisées en enseignement du français langue seconde;20251;hiver 2025;114
SHLC;2;1784;Diplôme d'études supérieures spécialisées en enseignement du français langue seconde;20252;été 2025;111
SHLC;2;1784;Diplôme d'études supérieures spécialisées en enseignement du français langue seconde;20253;automne 2025;131
SHLC;2;1784;Diplôme d'études supérieures spécialisées en enseignement du français langue seconde;20261;hiver 2026;141
SHLC;2;1784;Diplôme d'études supérieures spécialisées en enseignement du français langue seconde;20262;été 2026;133
SHLC;2;1785;Diplôme d'études supérieures spécialisées en enseignement de l'anglais langue seconde;20241;hiver 2024;17
SHLC;2;1785;Diplôme d'études supérieures spécialisées en enseignement de l'anglais langue seconde;20242;été 2024;18
SHLC;2;1785;Diplôme d'études supérieures spécialisées en enseignement de l'anglais langue seconde;20243;automne 2024;38
SHLC;2;1785;Diplôme d'études supérieures spécialisées en enseignement de l'anglais langue seconde;20251;hiver 2025;53
SHLC;2;1785;Diplôme d'études supérieures spécialisées en enseignement de l'anglais langue seconde;20252;été 2025;49
SHLC;2;1785;Diplôme d'études supérieures spécialisées en enseignement de l'anglais langue seconde;20253;automne 2025;80
SHLC;2;1785;Diplôme d'études supérieures spécialisées en enseignement de l'anglais langue seconde;20261;hiver 2026;110
SHLC;2;1785;Diplôme d'études supérieures spécialisées en enseignement de l'anglais langue seconde;20262;été 2026;101
ST;2;1810;Maîtrise ès sciences (technologie de l'information), profil sans mémoire;20133;automne 2013;12
ST;2;1810;Maîtrise ès sciences (technologie de l'information), profil sans mémoire;20141;hiver 2014;14
ST;2;1810;Maîtrise ès sciences (technologie de l'information), profil sans mémoire;20142;été 2014;7
ST;2;1810;Maîtrise ès sciences (technologie de l'information), profil sans mémoire;20143;automne 2014;15
ST;2;1810;Maîtrise ès sciences (technologie de l'information), profil sans mémoire;20151;hiver 2015;15
ST;2;1810;Maîtrise ès sciences (technologie de l'information), profil sans mémoire;20152;été 2015;7
ST;2;1810;Maîtrise ès sciences (technologie de l'information), profil sans mémoire;20153;automne 2015;13
ST;2;1810;Maîtrise ès sciences (technologie de l'information), profil sans mémoire;20161;hiver 2016;35
ST;2;1810;Maîtrise ès sciences (technologie de l'information), profil sans mémoire;20162;été 2016;17
ST;2;1810;Maîtrise ès sciences (technologie de l'information), profil sans mémoire;20163;automne 2016;31
ST;2;1810;Maîtrise ès sciences (technologie de l'information), profil sans mémoire;20171;hiver 2017;32
ST;2;1810;Maîtrise ès sciences (technologie de l'information), profil sans mémoire;20172;été 2017;15
ST;2;1810;Maîtrise ès sciences (technologie de l'information), profil sans mémoire;20173;automne 2017;24
ST;2;1810;Maîtrise ès sciences (technologie de l'information), profil sans mémoire;20181;hiver 2018;32
ST;2;1810;Maîtrise ès sciences (technologie de l'information), profil sans mémoire;20182;été 2018;12
ST;2;1810;Maîtrise ès sciences (technologie de l'information), profil sans mémoire;20183;automne 2018;52
ST;2;1810;Maîtrise ès sciences (technologie de l'information), profil sans mémoire;20191;hiver 2019;51
ST;2;1810;Maîtrise ès sciences (technologie de l'information), profil sans mémoire;20192;été 2019;20
ST;2;1810;Maîtrise ès sciences (technologie de l'information), profil sans mémoire;20193;automne 2019;46
ST;2;1810;Maîtrise ès sciences (technologie de l'information), profil sans mémoire;20201;hiver 2020;54
ST;2;1810;Maîtrise ès sciences (technologie de l'information), profil sans mémoire;20202;été 2020;36
ST;2;1810;Maîtrise ès sciences (technologie de l'information), profil sans mémoire;20203;automne 2020;40
ST;2;1810;Maîtrise ès sciences (technologie de l'information), profil sans mémoire;20211;hiver 2021;37
ST;2;1810;Maîtrise ès sciences (technologie de l'information), profil sans mémoire;20212;été 2021;22
ST;2;1810;Maîtrise ès sciences (technologie de l'information), profil sans mémoire;20213;automne 2021;48
ST;2;1810;Maîtrise ès sciences (technologie de l'information), profil sans mémoire;20221;hiver 2022;34
ST;2;1810;Maîtrise ès sciences (technologie de l'information), profil sans mémoire;20222;été 2022;18
ST;2;1810;Maîtrise ès sciences (technologie de l'information), profil sans mémoire;20223;automne 2022;40
ST;2;1810;Maîtrise ès sciences (technologie de l'information), profil sans mémoire;20231;hiver 2023;33
ST;2;1810;Maîtrise ès sciences (technologie de l'information), profil sans mémoire;20232;été 2023;19
ST;2;1810;Maîtrise ès sciences (technologie de l'information), profil sans mémoire;20233;automne 2023;32
ST;2;1810;Maîtrise ès sciences (technologie de l'information), profil sans mémoire;20241;hiver 2024;27
ST;2;1810;Maîtrise ès sciences (technologie de l'information), profil sans mémoire;20242;été 2024;7
ST;2;1810;Maîtrise ès sciences (technologie de l'information), profil sans mémoire;20243;automne 2024;15
ST;2;1810;Maîtrise ès sciences (technologie de l'information), profil sans mémoire;20251;hiver 2025;11
ST;2;1810;Maîtrise ès sciences (technologie de l'information), profil sans mémoire;20252;été 2025;4
ST;2;1810;Maîtrise ès sciences (technologie de l'information), profil sans mémoire;20253;automne 2025;8
ST;2;1810;Maîtrise ès sciences (technologie de l'information), profil sans mémoire;20261;hiver 2026;7
ST;2;1810;Maîtrise ès sciences (technologie de l'information), profil sans mémoire;20262;été 2026;1
ST;2;1811;Maîtrise ès sciences (technologie de l'information), profil avec mémoire;20133;automne 2013;10
ST;2;1811;Maîtrise ès sciences (technologie de l'information), profil avec mémoire;20141;hiver 2014;13
ST;2;1811;Maîtrise ès sciences (technologie de l'information), profil avec mémoire;20142;été 2014;5
ST;2;1811;Maîtrise ès sciences (technologie de l'information), profil avec mémoire;20143;automne 2014;18
ST;2;1811;Maîtrise ès sciences (technologie de l'information), profil avec mémoire;20151;hiver 2015;12
ST;2;1811;Maîtrise ès sciences (technologie de l'information), profil avec mémoire;20152;été 2015;10
ST;2;1811;Maîtrise ès sciences (technologie de l'information), profil avec mémoire;20153;automne 2015;21
ST;2;1811;Maîtrise ès sciences (technologie de l'information), profil avec mémoire;20161;hiver 2016;12
ST;2;1811;Maîtrise ès sciences (technologie de l'information), profil avec mémoire;20162;été 2016;8
ST;2;1811;Maîtrise ès sciences (technologie de l'information), profil avec mémoire;20163;automne 2016;12
ST;2;1811;Maîtrise ès sciences (technologie de l'information), profil avec mémoire;20171;hiver 2017;12
ST;2;1811;Maîtrise ès sciences (technologie de l'information), profil avec mémoire;20172;été 2017;6
ST;2;1811;Maîtrise ès sciences (technologie de l'information), profil avec mémoire;20173;automne 2017;13
ST;2;1811;Maîtrise ès sciences (technologie de l'information), profil avec mémoire;20181;hiver 2018;16
ST;2;1811;Maîtrise ès sciences (technologie de l'information), profil avec mémoire;20182;été 2018;12
ST;2;1811;Maîtrise ès sciences (technologie de l'information), profil avec mémoire;20183;automne 2018;24
ST;2;1811;Maîtrise ès sciences (technologie de l'information), profil avec mémoire;20191;hiver 2019;15
ST;2;1811;Maîtrise ès sciences (technologie de l'information), profil avec mémoire;20192;été 2019;2
ST;2;1811;Maîtrise ès sciences (technologie de l'information), profil avec mémoire;20193;automne 2019;16
ST;2;1811;Maîtrise ès sciences (technologie de l'information), profil avec mémoire;20201;hiver 2020;14
ST;2;1811;Maîtrise ès sciences (technologie de l'information), profil avec mémoire;20202;été 2020;1
ST;2;1811;Maîtrise ès sciences (technologie de l'information), profil avec mémoire;20203;automne 2020;13
ST;2;1811;Maîtrise ès sciences (technologie de l'information), profil avec mémoire;20211;hiver 2021;14
ST;2;1811;Maîtrise ès sciences (technologie de l'information), profil avec mémoire;20212;été 2021;7
ST;2;1811;Maîtrise ès sciences (technologie de l'information), profil avec mémoire;20213;automne 2021;23
ST;2;1811;Maîtrise ès sciences (technologie de l'information), profil avec mémoire;20221;hiver 2022;19
ST;2;1811;Maîtrise ès sciences (technologie de l'information), profil avec mémoire;20222;été 2022;7
ST;2;1811;Maîtrise ès sciences (technologie de l'information), profil avec mémoire;20223;automne 2022;17
ST;2;1811;Maîtrise ès sciences (technologie de l'information), profil avec mémoire;20231;hiver 2023;19
ST;2;1811;Maîtrise ès sciences (technologie de l'information), profil avec mémoire;20232;été 2023;7
ST;2;1811;Maîtrise ès sciences (technologie de l'information), profil avec mémoire;20233;automne 2023;15
ST;2;1811;Maîtrise ès sciences (technologie de l'information), profil avec mémoire;20241;hiver 2024;12
ST;2;1811;Maîtrise ès sciences (technologie de l'information), profil avec mémoire;20242;été 2024;6
ST;2;1811;Maîtrise ès sciences (technologie de l'information), profil avec mémoire;20243;automne 2024;10
ST;2;1811;Maîtrise ès sciences (technologie de l'information), profil avec mémoire;20251;hiver 2025;7
ST;2;1811;Maîtrise ès sciences (technologie de l'information), profil avec mémoire;20252;été 2025;3
ST;2;1811;Maîtrise ès sciences (technologie de l'information), profil avec mémoire;20253;automne 2025;8
ST;2;1811;Maîtrise ès sciences (technologie de l'information), profil avec mémoire;20261;hiver 2026;7
ED;2;1813;Maîtrise en éducation (avec essai - concentration en formation à distance);20181;hiver 2018;12
ED;2;1813;Maîtrise en éducation (avec essai - concentration en formation à distance);20182;été 2018;7
ED;2;1813;Maîtrise en éducation (avec essai - concentration en formation à distance);20183;automne 2018;9
ED;2;1813;Maîtrise en éducation (avec essai - concentration en formation à distance);20191;hiver 2019;15
ED;2;1813;Maîtrise en éducation (avec essai - concentration en formation à distance);20192;été 2019;5
ED;2;1813;Maîtrise en éducation (avec essai - concentration en formation à distance);20193;automne 2019;10
ED;2;1813;Maîtrise en éducation (avec essai - concentration en formation à distance);20201;hiver 2020;18
ED;2;1813;Maîtrise en éducation (avec essai - concentration en formation à distance);20202;été 2020;16
ED;2;1813;Maîtrise en éducation (avec essai - concentration en formation à distance);20203;automne 2020;27
ED;2;1813;Maîtrise en éducation (avec essai - concentration en formation à distance);20211;hiver 2021;10
ED;2;1813;Maîtrise en éducation (avec essai - concentration en formation à distance);20212;été 2021;8
ED;2;1813;Maîtrise en éducation (avec essai - concentration en formation à distance);20213;automne 2021;28
ED;2;1813;Maîtrise en éducation (avec essai - concentration en formation à distance);20221;hiver 2022;24
ED;2;1813;Maîtrise en éducation (avec essai - concentration en formation à distance);20222;été 2022;6
ED;2;1813;Maîtrise en éducation (avec essai - concentration en formation à distance);20223;automne 2022;26
ED;2;1813;Maîtrise en éducation (avec essai - concentration en formation à distance);20231;hiver 2023;21
ED;2;1813;Maîtrise en éducation (avec essai - concentration en formation à distance);20232;été 2023;7
ED;2;1813;Maîtrise en éducation (avec essai - concentration en formation à distance);20233;automne 2023;15
ED;2;1813;Maîtrise en éducation (avec essai - concentration en formation à distance);20241;hiver 2024;19
ED;2;1813;Maîtrise en éducation (avec essai - concentration en formation à distance);20242;été 2024;7
ED;2;1813;Maîtrise en éducation (avec essai - concentration en formation à distance);20243;automne 2024;16
ED;2;1813;Maîtrise en éducation (avec essai - concentration en formation à distance);20251;hiver 2025;17
ED;2;1813;Maîtrise en éducation (avec essai - concentration en formation à distance);20252;été 2025;6
ED;2;1813;Maîtrise en éducation (avec essai - concentration en formation à distance);20253;automne 2025;21
ED;2;1813;Maîtrise en éducation (avec essai - concentration en formation à distance);20261;hiver 2026;20
ED;2;1813;Maîtrise en éducation (avec essai - concentration en formation à distance);20262;été 2026;9
ED;2;1814;Maîtrise en éducation (avec essai - concentration en technologie éducative);20181;hiver 2018;24
ED;2;1814;Maîtrise en éducation (avec essai - concentration en technologie éducative);20182;été 2018;7
ED;2;1814;Maîtrise en éducation (avec essai - concentration en technologie éducative);20183;automne 2018;20
ED;2;1814;Maîtrise en éducation (avec essai - concentration en technologie éducative);20191;hiver 2019;24
ED;2;1814;Maîtrise en éducation (avec essai - concentration en technologie éducative);20192;été 2019;8
ED;2;1814;Maîtrise en éducation (avec essai - concentration en technologie éducative);20193;automne 2019;31
ED;2;1814;Maîtrise en éducation (avec essai - concentration en technologie éducative);20201;hiver 2020;28
ED;2;1814;Maîtrise en éducation (avec essai - concentration en technologie éducative);20202;été 2020;18
ED;2;1814;Maîtrise en éducation (avec essai - concentration en technologie éducative);20203;automne 2020;33
ED;2;1814;Maîtrise en éducation (avec essai - concentration en technologie éducative);20211;hiver 2021;20
ED;2;1814;Maîtrise en éducation (avec essai - concentration en technologie éducative);20212;été 2021;10
ED;2;1814;Maîtrise en éducation (avec essai - concentration en technologie éducative);20213;automne 2021;29
ED;2;1814;Maîtrise en éducation (avec essai - concentration en technologie éducative);20221;hiver 2022;30
ED;2;1814;Maîtrise en éducation (avec essai - concentration en technologie éducative);20222;été 2022;18
ED;2;1814;Maîtrise en éducation (avec essai - concentration en technologie éducative);20223;automne 2022;30
ED;2;1814;Maîtrise en éducation (avec essai - concentration en technologie éducative);20231;hiver 2023;31
ED;2;1814;Maîtrise en éducation (avec essai - concentration en technologie éducative);20232;été 2023;16
ED;2;1814;Maîtrise en éducation (avec essai - concentration en technologie éducative);20233;automne 2023;27
ED;2;1814;Maîtrise en éducation (avec essai - concentration en technologie éducative);20241;hiver 2024;24
ED;2;1814;Maîtrise en éducation (avec essai - concentration en technologie éducative);20242;été 2024;7
ED;2;1814;Maîtrise en éducation (avec essai - concentration en technologie éducative);20243;automne 2024;25
ED;2;1814;Maîtrise en éducation (avec essai - concentration en technologie éducative);20251;hiver 2025;37
ED;2;1814;Maîtrise en éducation (avec essai - concentration en technologie éducative);20252;été 2025;18
ED;2;1814;Maîtrise en éducation (avec essai - concentration en technologie éducative);20253;automne 2025;41
ED;2;1814;Maîtrise en éducation (avec essai - concentration en technologie éducative);20261;hiver 2026;35
ED;2;1814;Maîtrise en éducation (avec essai - concentration en technologie éducative);20262;été 2026;13
ED;2;1842;Diplôme d'études supérieures spécialisées en enseignement préscolaire et primaire;20193;automne 2019;88
ED;2;1842;Diplôme d'études supérieures spécialisées en enseignement préscolaire et primaire;20201;hiver 2020;42
ED;2;1842;Diplôme d'études supérieures spécialisées en enseignement préscolaire et primaire;20202;été 2020;17
ED;2;1842;Diplôme d'études supérieures spécialisées en enseignement préscolaire et primaire;20203;automne 2020;36
ED;2;1842;Diplôme d'études supérieures spécialisées en enseignement préscolaire et primaire;20211;hiver 2021;29
ED;2;1842;Diplôme d'études supérieures spécialisées en enseignement préscolaire et primaire;20212;été 2021;13
ED;2;1842;Diplôme d'études supérieures spécialisées en enseignement préscolaire et primaire;20213;automne 2021;22
ED;2;1842;Diplôme d'études supérieures spécialisées en enseignement préscolaire et primaire;20221;hiver 2022;25
ED;2;1842;Diplôme d'études supérieures spécialisées en enseignement préscolaire et primaire;20222;été 2022;10
ED;2;1842;Diplôme d'études supérieures spécialisées en enseignement préscolaire et primaire;20223;automne 2022;5
ED;2;1842;Diplôme d'études supérieures spécialisées en enseignement préscolaire et primaire;20231;hiver 2023;3
ESA;2;1910;Diplôme d'études supérieures spécialisées en gouvernance des technologies de l'information;20133;automne 2013;5
ESA;2;1910;Diplôme d'études supérieures spécialisées en gouvernance des technologies de l'information;20141;hiver 2014;15
ESA;2;1910;Diplôme d'études supérieures spécialisées en gouvernance des technologies de l'information;20142;été 2014;5
ESA;2;1910;Diplôme d'études supérieures spécialisées en gouvernance des technologies de l'information;20143;automne 2014;11
ESA;2;1910;Diplôme d'études supérieures spécialisées en gouvernance des technologies de l'information;20151;hiver 2015;15
ESA;2;1910;Diplôme d'études supérieures spécialisées en gouvernance des technologies de l'information;20152;été 2015;7
ESA;2;1910;Diplôme d'études supérieures spécialisées en gouvernance des technologies de l'information;20153;automne 2015;28
ESA;2;1910;Diplôme d'études supérieures spécialisées en gouvernance des technologies de l'information;20161;hiver 2016;20
ESA;2;1910;Diplôme d'études supérieures spécialisées en gouvernance des technologies de l'information;20162;été 2016;9
ESA;2;1910;Diplôme d'études supérieures spécialisées en gouvernance des technologies de l'information;20163;automne 2016;29
ESA;2;1910;Diplôme d'études supérieures spécialisées en gouvernance des technologies de l'information;20171;hiver 2017;26
ESA;2;1910;Diplôme d'études supérieures spécialisées en gouvernance des technologies de l'information;20172;été 2017;15
ESA;2;1910;Diplôme d'études supérieures spécialisées en gouvernance des technologies de l'information;20173;automne 2017;23
ESA;2;1910;Diplôme d'études supérieures spécialisées en gouvernance des technologies de l'information;20181;hiver 2018;39
ESA;2;1910;Diplôme d'études supérieures spécialisées en gouvernance des technologies de l'information;20182;été 2018;34
ESA;2;1910;Diplôme d'études supérieures spécialisées en gouvernance des technologies de l'information;20183;automne 2018;42
ESA;2;1910;Diplôme d'études supérieures spécialisées en gouvernance des technologies de l'information;20191;hiver 2019;46
ESA;2;1910;Diplôme d'études supérieures spécialisées en gouvernance des technologies de l'information;20192;été 2019;19
ESA;2;1910;Diplôme d'études supérieures spécialisées en gouvernance des technologies de l'information;20193;automne 2019;32
ESA;2;1910;Diplôme d'études supérieures spécialisées en gouvernance des technologies de l'information;20201;hiver 2020;36
ESA;2;1910;Diplôme d'études supérieures spécialisées en gouvernance des technologies de l'information;20202;été 2020;15
ESA;2;1910;Diplôme d'études supérieures spécialisées en gouvernance des technologies de l'information;20203;automne 2020;36
ESA;2;1910;Diplôme d'études supérieures spécialisées en gouvernance des technologies de l'information;20211;hiver 2021;14
ESA;2;1910;Diplôme d'études supérieures spécialisées en gouvernance des technologies de l'information;20212;été 2021;10
ESA;2;1910;Diplôme d'études supérieures spécialisées en gouvernance des technologies de l'information;20213;automne 2021;30
ESA;2;1910;Diplôme d'études supérieures spécialisées en gouvernance des technologies de l'information;20221;hiver 2022;19
ESA;2;1910;Diplôme d'études supérieures spécialisées en gouvernance des technologies de l'information;20222;été 2022;11
ESA;2;1910;Diplôme d'études supérieures spécialisées en gouvernance des technologies de l'information;20223;automne 2022;21
ESA;2;1910;Diplôme d'études supérieures spécialisées en gouvernance des technologies de l'information;20231;hiver 2023;28
ESA;2;1910;Diplôme d'études supérieures spécialisées en gouvernance des technologies de l'information;20232;été 2023;15
ESA;2;1910;Diplôme d'études supérieures spécialisées en gouvernance des technologies de l'information;20233;automne 2023;38
ESA;2;1910;Diplôme d'études supérieures spécialisées en gouvernance des technologies de l'information;20241;hiver 2024;36
ESA;2;1910;Diplôme d'études supérieures spécialisées en gouvernance des technologies de l'information;20242;été 2024;21
ESA;2;1910;Diplôme d'études supérieures spécialisées en gouvernance des technologies de l'information;20243;automne 2024;45
ESA;2;1910;Diplôme d'études supérieures spécialisées en gouvernance des technologies de l'information;20251;hiver 2025;45
ESA;2;1910;Diplôme d'études supérieures spécialisées en gouvernance des technologies de l'information;20252;été 2025;31
ESA;2;1910;Diplôme d'études supérieures spécialisées en gouvernance des technologies de l'information;20253;automne 2025;54
ESA;2;1910;Diplôme d'études supérieures spécialisées en gouvernance des technologies de l'information;20261;hiver 2026;56
ESA;2;1910;Diplôme d'études supérieures spécialisées en gouvernance des technologies de l'information;20262;été 2026;17
ST;2;1937;Diplôme d'études supérieures spécialisées en environnement international (profil professionnel);20143;automne 2014;2
ST;2;1937;Diplôme d'études supérieures spécialisées en environnement international (profil professionnel);20151;hiver 2015;18
ST;2;1937;Diplôme d'études supérieures spécialisées en environnement international (profil professionnel);20152;été 2015;12
ST;2;1937;Diplôme d'études supérieures spécialisées en environnement international (profil professionnel);20153;automne 2015;24
ST;2;1937;Diplôme d'études supérieures spécialisées en environnement international (profil professionnel);20161;hiver 2016;10
ST;2;1937;Diplôme d'études supérieures spécialisées en environnement international (profil professionnel);20162;été 2016;5
ST;2;1937;Diplôme d'études supérieures spécialisées en environnement international (profil professionnel);20163;automne 2016;10
ST;2;1937;Diplôme d'études supérieures spécialisées en environnement international (profil professionnel);20171;hiver 2017;13
ST;2;1937;Diplôme d'études supérieures spécialisées en environnement international (profil professionnel);20172;été 2017;4
ST;2;1937;Diplôme d'études supérieures spécialisées en environnement international (profil professionnel);20173;automne 2017;13
ST;2;1937;Diplôme d'études supérieures spécialisées en environnement international (profil professionnel);20181;hiver 2018;25
ST;2;1937;Diplôme d'études supérieures spécialisées en environnement international (profil professionnel);20182;été 2018;4
ST;2;1937;Diplôme d'études supérieures spécialisées en environnement international (profil professionnel);20183;automne 2018;17
ST;2;1937;Diplôme d'études supérieures spécialisées en environnement international (profil professionnel);20191;hiver 2019;12
ST;2;1937;Diplôme d'études supérieures spécialisées en environnement international (profil professionnel);20192;été 2019;5
ST;2;1937;Diplôme d'études supérieures spécialisées en environnement international (profil professionnel);20193;automne 2019;15
ST;2;1937;Diplôme d'études supérieures spécialisées en environnement international (profil professionnel);20201;hiver 2020;16
ST;2;1937;Diplôme d'études supérieures spécialisées en environnement international (profil professionnel);20202;été 2020;10
ST;2;1937;Diplôme d'études supérieures spécialisées en environnement international (profil professionnel);20203;automne 2020;18
ST;2;1937;Diplôme d'études supérieures spécialisées en environnement international (profil professionnel);20211;hiver 2021;9
ST;2;1937;Diplôme d'études supérieures spécialisées en environnement international (profil professionnel);20212;été 2021;1
ST;2;1937;Diplôme d'études supérieures spécialisées en environnement international (profil professionnel);20213;automne 2021;17
ST;2;1937;Diplôme d'études supérieures spécialisées en environnement international (profil professionnel);20221;hiver 2022;8
ST;2;1937;Diplôme d'études supérieures spécialisées en environnement international (profil professionnel);20222;été 2022;4
ST;2;1937;Diplôme d'études supérieures spécialisées en environnement international (profil professionnel);20223;automne 2022;6
ST;2;1937;Diplôme d'études supérieures spécialisées en environnement international (profil professionnel);20231;hiver 2023;17
ST;2;1937;Diplôme d'études supérieures spécialisées en environnement international (profil professionnel);20232;été 2023;1
ST;2;1937;Diplôme d'études supérieures spécialisées en environnement international (profil professionnel);20233;automne 2023;15
ST;2;1937;Diplôme d'études supérieures spécialisées en environnement international (profil professionnel);20241;hiver 2024;10
ST;2;1937;Diplôme d'études supérieures spécialisées en environnement international (profil professionnel);20242;été 2024;6
ST;2;1937;Diplôme d'études supérieures spécialisées en environnement international (profil professionnel);20243;automne 2024;16
ST;2;1937;Diplôme d'études supérieures spécialisées en environnement international (profil professionnel);20251;hiver 2025;12
ST;2;1937;Diplôme d'études supérieures spécialisées en environnement international (profil professionnel);20252;été 2025;7
ST;2;1937;Diplôme d'études supérieures spécialisées en environnement international (profil professionnel);20253;automne 2025;15
ST;2;1937;Diplôme d'études supérieures spécialisées en environnement international (profil professionnel);20261;hiver 2026;14
ST;2;1937;Diplôme d'études supérieures spécialisées en environnement international (profil professionnel);20262;été 2026;4
ST;2;1938;Diplôme d'études supérieures spécialisées en environnement international (profil recherche appliquée);20151;hiver 2015;2
ST;2;1938;Diplôme d'études supérieures spécialisées en environnement international (profil recherche appliquée);20152;été 2015;1
ST;2;1938;Diplôme d'études supérieures spécialisées en environnement international (profil recherche appliquée);20153;automne 2015;5
ST;2;1938;Diplôme d'études supérieures spécialisées en environnement international (profil recherche appliquée);20161;hiver 2016;5
ST;2;1938;Diplôme d'études supérieures spécialisées en environnement international (profil recherche appliquée);20162;été 2016;3
ST;2;1938;Diplôme d'études supérieures spécialisées en environnement international (profil recherche appliquée);20163;automne 2016;1
ST;2;1938;Diplôme d'études supérieures spécialisées en environnement international (profil recherche appliquée);20171;hiver 2017;2
ST;2;1938;Diplôme d'études supérieures spécialisées en environnement international (profil recherche appliquée);20173;automne 2017;4
ST;2;1938;Diplôme d'études supérieures spécialisées en environnement international (profil recherche appliquée);20182;été 2018;1
ST;2;1938;Diplôme d'études supérieures spécialisées en environnement international (profil recherche appliquée);20183;automne 2018;1
ST;2;1938;Diplôme d'études supérieures spécialisées en environnement international (profil recherche appliquée);20191;hiver 2019;1
ST;2;1938;Diplôme d'études supérieures spécialisées en environnement international (profil recherche appliquée);20192;été 2019;1
ST;2;1938;Diplôme d'études supérieures spécialisées en environnement international (profil recherche appliquée);20193;automne 2019;3
ST;2;1938;Diplôme d'études supérieures spécialisées en environnement international (profil recherche appliquée);20201;hiver 2020;2
ST;2;1938;Diplôme d'études supérieures spécialisées en environnement international (profil recherche appliquée);20202;été 2020;1
ST;2;1938;Diplôme d'études supérieures spécialisées en environnement international (profil recherche appliquée);20203;automne 2020;1
ST;2;1938;Diplôme d'études supérieures spécialisées en environnement international (profil recherche appliquée);20213;automne 2021;1
ST;2;1938;Diplôme d'études supérieures spécialisées en environnement international (profil recherche appliquée);20221;hiver 2022;1
ST;2;1938;Diplôme d'études supérieures spécialisées en environnement international (profil recherche appliquée);20223;automne 2022;1
ST;2;1938;Diplôme d'études supérieures spécialisées en environnement international (profil recherche appliquée);20231;hiver 2023;1
ST;2;1938;Diplôme d'études supérieures spécialisées en environnement international (profil recherche appliquée);20233;automne 2023;1
ST;2;1938;Diplôme d'études supérieures spécialisées en environnement international (profil recherche appliquée);20241;hiver 2024;1
ST;2;1938;Diplôme d'études supérieures spécialisées en environnement international (profil recherche appliquée);20243;automne 2024;1
ST;2;1938;Diplôme d'études supérieures spécialisées en environnement international (profil recherche appliquée);20262;été 2026;3
ED;2;1942;Diplôme d'études supérieures spécialisées en éducation préscolaire et enseignement primaire;20203;automne 2020;37
ED;2;1942;Diplôme d'études supérieures spécialisées en éducation préscolaire et enseignement primaire;20211;hiver 2021;40
ED;2;1942;Diplôme d'études supérieures spécialisées en éducation préscolaire et enseignement primaire;20212;été 2021;25
ED;2;1942;Diplôme d'études supérieures spécialisées en éducation préscolaire et enseignement primaire;20213;automne 2021;32
ED;2;1942;Diplôme d'études supérieures spécialisées en éducation préscolaire et enseignement primaire;20221;hiver 2022;46
ED;2;1942;Diplôme d'études supérieures spécialisées en éducation préscolaire et enseignement primaire;20222;été 2022;19
ED;2;1942;Diplôme d'études supérieures spécialisées en éducation préscolaire et enseignement primaire;20223;automne 2022;7
ED;2;1942;Diplôme d'études supérieures spécialisées en éducation préscolaire et enseignement primaire;20231;hiver 2023;4
ED;2;1942;Diplôme d'études supérieures spécialisées en éducation préscolaire et enseignement primaire;20233;automne 2023;2
ESA;2;1945;Diplôme d'études supérieures spécialisées en administration des affaires;20243;automne 2024;2
ESA;2;1945;Diplôme d'études supérieures spécialisées en administration des affaires;20251;hiver 2025;43
ESA;2;1945;Diplôme d'études supérieures spécialisées en administration des affaires;20252;été 2025;51
ESA;2;1945;Diplôme d'études supérieures spécialisées en administration des affaires;20253;automne 2025;76
ESA;2;1945;Diplôme d'études supérieures spécialisées en administration des affaires;20261;hiver 2026;78
ESA;2;1945;Diplôme d'études supérieures spécialisées en administration des affaires;20262;été 2026;47
ED;2;2022;Diplôme d'études supérieures spécialisées en gestion scolaire;20222;été 2022;3
ED;2;2022;Diplôme d'études supérieures spécialisées en gestion scolaire;20223;automne 2022;33
ED;2;2022;Diplôme d'études supérieures spécialisées en gestion scolaire;20231;hiver 2023;53
ED;2;2022;Diplôme d'études supérieures spécialisées en gestion scolaire;20232;été 2023;60
ED;2;2022;Diplôme d'études supérieures spécialisées en gestion scolaire;20233;automne 2023;82
ED;2;2022;Diplôme d'études supérieures spécialisées en gestion scolaire;20241;hiver 2024;90
ED;2;2022;Diplôme d'études supérieures spécialisées en gestion scolaire;20242;été 2024;59
ED;2;2022;Diplôme d'études supérieures spécialisées en gestion scolaire;20243;automne 2024;122
ED;2;2022;Diplôme d'études supérieures spécialisées en gestion scolaire;20251;hiver 2025;118
ED;2;2022;Diplôme d'études supérieures spécialisées en gestion scolaire;20252;été 2025;74
ED;2;2022;Diplôme d'études supérieures spécialisées en gestion scolaire;20253;automne 2025;143
ED;2;2022;Diplôme d'études supérieures spécialisées en gestion scolaire;20261;hiver 2026;128
ED;2;2022;Diplôme d'études supérieures spécialisées en gestion scolaire;20262;été 2026;63
ED;2;2048;Maîtrise en éducation (avec essai - concentration en gestion scolaire);20223;automne 2022;7
ED;2;2048;Maîtrise en éducation (avec essai - concentration en gestion scolaire);20231;hiver 2023;11
ED;2;2048;Maîtrise en éducation (avec essai - concentration en gestion scolaire);20232;été 2023;6
ED;2;2048;Maîtrise en éducation (avec essai - concentration en gestion scolaire);20233;automne 2023;12
ED;2;2048;Maîtrise en éducation (avec essai - concentration en gestion scolaire);20241;hiver 2024;23
ED;2;2048;Maîtrise en éducation (avec essai - concentration en gestion scolaire);20242;été 2024;13
ED;2;2048;Maîtrise en éducation (avec essai - concentration en gestion scolaire);20243;automne 2024;32
ED;2;2048;Maîtrise en éducation (avec essai - concentration en gestion scolaire);20251;hiver 2025;27
ED;2;2048;Maîtrise en éducation (avec essai - concentration en gestion scolaire);20252;été 2025;18
ED;2;2048;Maîtrise en éducation (avec essai - concentration en gestion scolaire);20253;automne 2025;32
ED;2;2048;Maîtrise en éducation (avec essai - concentration en gestion scolaire);20261;hiver 2026;38
ED;2;2048;Maîtrise en éducation (avec essai - concentration en gestion scolaire);20262;été 2026;10
ED;2;2049;Maîtrise en éducation (avec mémoire - concentration en gestion scolaire);20222;été 2022;1
ED;2;2049;Maîtrise en éducation (avec mémoire - concentration en gestion scolaire);20223;automne 2022;1
ED;2;2049;Maîtrise en éducation (avec mémoire - concentration en gestion scolaire);20231;hiver 2023;1
ED;2;2049;Maîtrise en éducation (avec mémoire - concentration en gestion scolaire);20233;automne 2023;2
ED;2;2049;Maîtrise en éducation (avec mémoire - concentration en gestion scolaire);20241;hiver 2024;2
ED;2;2049;Maîtrise en éducation (avec mémoire - concentration en gestion scolaire);20243;automne 2024;2
ED;2;2049;Maîtrise en éducation (avec mémoire - concentration en gestion scolaire);20251;hiver 2025;3
ED;2;2049;Maîtrise en éducation (avec mémoire - concentration en gestion scolaire);20252;été 2025;1
ED;2;2049;Maîtrise en éducation (avec mémoire - concentration en gestion scolaire);20253;automne 2025;3
ED;2;2049;Maîtrise en éducation (avec mémoire - concentration en gestion scolaire);20261;hiver 2026;3
ED;2;2049;Maîtrise en éducation (avec mémoire - concentration en gestion scolaire);20262;été 2026;1
ED;2;2103;Diplôme d'études supérieures spécialisées en éducation préscolaire et en enseignement primaire;20233;automne 2023;312
ED;2;2103;Diplôme d'études supérieures spécialisées en éducation préscolaire et en enseignement primaire;20241;hiver 2024;477
ED;2;2103;Diplôme d'études supérieures spécialisées en éducation préscolaire et en enseignement primaire;20242;été 2024;187
ED;2;2103;Diplôme d'études supérieures spécialisées en éducation préscolaire et en enseignement primaire;20243;automne 2024;502
ED;2;2103;Diplôme d'études supérieures spécialisées en éducation préscolaire et en enseignement primaire;20251;hiver 2025;545
ED;2;2103;Diplôme d'études supérieures spécialisées en éducation préscolaire et en enseignement primaire;20252;été 2025;510
ED;2;2103;Diplôme d'études supérieures spécialisées en éducation préscolaire et en enseignement primaire;20253;automne 2025;701
ED;2;2103;Diplôme d'études supérieures spécialisées en éducation préscolaire et en enseignement primaire;20261;hiver 2026;787
ED;2;2103;Diplôme d'études supérieures spécialisées en éducation préscolaire et en enseignement primaire;20262;été 2026;602
ED;2;2310;Maîtrise qualifiante en éducation préscolaire et enseignement primaire;20223;automne 2022;124
ED;2;2310;Maîtrise qualifiante en éducation préscolaire et enseignement primaire;20231;hiver 2023;112
ED;2;2310;Maîtrise qualifiante en éducation préscolaire et enseignement primaire;20232;été 2023;46
ED;2;2310;Maîtrise qualifiante en éducation préscolaire et enseignement primaire;20233;automne 2023;101
ED;2;2310;Maîtrise qualifiante en éducation préscolaire et enseignement primaire;20241;hiver 2024;77
ED;2;2310;Maîtrise qualifiante en éducation préscolaire et enseignement primaire;20242;été 2024;58
ED;2;2310;Maîtrise qualifiante en éducation préscolaire et enseignement primaire;20243;automne 2024;79
ED;2;2310;Maîtrise qualifiante en éducation préscolaire et enseignement primaire;20251;hiver 2025;72
ED;2;2310;Maîtrise qualifiante en éducation préscolaire et enseignement primaire;20252;été 2025;42
ED;2;2310;Maîtrise qualifiante en éducation préscolaire et enseignement primaire;20253;automne 2025;68
ED;2;2310;Maîtrise qualifiante en éducation préscolaire et enseignement primaire;20261;hiver 2026;70
ED;2;2310;Maîtrise qualifiante en éducation préscolaire et enseignement primaire;20262;été 2026;39
ST;3;2471;Doctorat sur mesure en prévention et détection informatique des fraudes économiques et financières;20203;automne 2020;1
ST;3;2471;Doctorat sur mesure en prévention et détection informatique des fraudes économiques et financières;20212;été 2021;1
ST;2;2477;Diplôme d'études supérieures spécialisées en gestion intégrée des zones côtières (profil professionnel);20223;automne 2022;2
ST;2;2477;Diplôme d'études supérieures spécialisées en gestion intégrée des zones côtières (profil professionnel);20233;automne 2023;4
ST;2;2477;Diplôme d'études supérieures spécialisées en gestion intégrée des zones côtières (profil professionnel);20241;hiver 2024;2
ST;2;2477;Diplôme d'études supérieures spécialisées en gestion intégrée des zones côtières (profil professionnel);20243;automne 2024;3
ST;2;2477;Diplôme d'études supérieures spécialisées en gestion intégrée des zones côtières (profil professionnel);20251;hiver 2025;1
ST;2;2477;Diplôme d'études supérieures spécialisées en gestion intégrée des zones côtières (profil professionnel);20253;automne 2025;5
ST;2;2477;Diplôme d'études supérieures spécialisées en gestion intégrée des zones côtières (profil professionnel);20261;hiver 2026;4
ST;2;2477;Diplôme d'études supérieures spécialisées en gestion intégrée des zones côtières (profil professionnel);20262;été 2026;1
ST;2;2478;Diplôme d'études supérieures spécialisées en gestion intégrée des zones côtières (profil recherche appliquée);20212;été 2021;1
ST;2;2478;Diplôme d'études supérieures spécialisées en gestion intégrée des zones côtières (profil recherche appliquée);20213;automne 2021;1
ST;2;2478;Diplôme d'études supérieures spécialisées en gestion intégrée des zones côtières (profil recherche appliquée);20221;hiver 2022;1
ST;2;2478;Diplôme d'études supérieures spécialisées en gestion intégrée des zones côtières (profil recherche appliquée);20222;été 2022;1
ST;2;2478;Diplôme d'études supérieures spécialisées en gestion intégrée des zones côtières (profil recherche appliquée);20223;automne 2022;3
ST;2;2478;Diplôme d'études supérieures spécialisées en gestion intégrée des zones côtières (profil recherche appliquée);20231;hiver 2023;1
ESA;2;3116;Diplôme d'études supérieures spécialisées en finance d'entreprise;20023;automne 2002;39
ESA;2;3116;Diplôme d'études supérieures spécialisées en finance d'entreprise;20031;hiver 2003;53
ESA;2;3116;Diplôme d'études supérieures spécialisées en finance d'entreprise;20032;été 2003;17
ESA;2;3116;Diplôme d'études supérieures spécialisées en finance d'entreprise;20033;automne 2003;55
ESA;2;3116;Diplôme d'études supérieures spécialisées en finance d'entreprise;20041;hiver 2004;94
ESA;2;3116;Diplôme d'études supérieures spécialisées en finance d'entreprise;20042;été 2004;26
ESA;2;3116;Diplôme d'études supérieures spécialisées en finance d'entreprise;20043;automne 2004;84
ESA;2;3116;Diplôme d'études supérieures spécialisées en finance d'entreprise;20051;hiver 2005;83
ESA;2;3116;Diplôme d'études supérieures spécialisées en finance d'entreprise;20052;été 2005;30
ESA;2;3116;Diplôme d'études supérieures spécialisées en finance d'entreprise;20053;automne 2005;102
ESA;2;3116;Diplôme d'études supérieures spécialisées en finance d'entreprise;20061;hiver 2006;82
ESA;2;3116;Diplôme d'études supérieures spécialisées en finance d'entreprise;20062;été 2006;35
ESA;2;3116;Diplôme d'études supérieures spécialisées en finance d'entreprise;20063;automne 2006;89
ESA;2;3116;Diplôme d'études supérieures spécialisées en finance d'entreprise;20071;hiver 2007;66
ESA;2;3116;Diplôme d'études supérieures spécialisées en finance d'entreprise;20072;été 2007;33
ESA;2;3116;Diplôme d'études supérieures spécialisées en finance d'entreprise;20073;automne 2007;57
ESA;2;3116;Diplôme d'études supérieures spécialisées en finance d'entreprise;20081;hiver 2008;44
ESA;2;3116;Diplôme d'études supérieures spécialisées en finance d'entreprise;20082;été 2008;21
ESA;2;3116;Diplôme d'études supérieures spécialisées en finance d'entreprise;20083;automne 2008;54
ESA;2;3116;Diplôme d'études supérieures spécialisées en finance d'entreprise;20091;hiver 2009;59
ESA;2;3116;Diplôme d'études supérieures spécialisées en finance d'entreprise;20092;été 2009;28
ESA;2;3116;Diplôme d'études supérieures spécialisées en finance d'entreprise;20093;automne 2009;29
ESA;2;3116;Diplôme d'études supérieures spécialisées en finance d'entreprise;20101;hiver 2010;55
ESA;2;3116;Diplôme d'études supérieures spécialisées en finance d'entreprise;20102;été 2010;19
ESA;2;3116;Diplôme d'études supérieures spécialisées en finance d'entreprise;20103;automne 2010;58
ESA;2;3116;Diplôme d'études supérieures spécialisées en finance d'entreprise;20111;hiver 2011;61
ESA;2;3116;Diplôme d'études supérieures spécialisées en finance d'entreprise;20112;été 2011;27
ESA;2;3116;Diplôme d'études supérieures spécialisées en finance d'entreprise;20113;automne 2011;77
ESA;2;3116;Diplôme d'études supérieures spécialisées en finance d'entreprise;20121;hiver 2012;66
ESA;2;3116;Diplôme d'études supérieures spécialisées en finance d'entreprise;20122;été 2012;57
ESA;2;3116;Diplôme d'études supérieures spécialisées en finance d'entreprise;20123;automne 2012;90
ESA;2;3116;Diplôme d'études supérieures spécialisées en finance d'entreprise;20131;hiver 2013;99
ESA;2;3116;Diplôme d'études supérieures spécialisées en finance d'entreprise;20132;été 2013;55
ESA;2;3116;Diplôme d'études supérieures spécialisées en finance d'entreprise;20133;automne 2013;90
ESA;2;3116;Diplôme d'études supérieures spécialisées en finance d'entreprise;20141;hiver 2014;60
ESA;2;3116;Diplôme d'études supérieures spécialisées en finance d'entreprise;20142;été 2014;33
ESA;2;3116;Diplôme d'études supérieures spécialisées en finance d'entreprise;20143;automne 2014;104
ESA;2;3116;Diplôme d'études supérieures spécialisées en finance d'entreprise;20151;hiver 2015;111
ESA;2;3116;Diplôme d'études supérieures spécialisées en finance d'entreprise;20152;été 2015;45
ESA;2;3116;Diplôme d'études supérieures spécialisées en finance d'entreprise;20153;automne 2015;116
ESA;2;3116;Diplôme d'études supérieures spécialisées en finance d'entreprise;20161;hiver 2016;105
ESA;2;3116;Diplôme d'études supérieures spécialisées en finance d'entreprise;20162;été 2016;57
ESA;2;3116;Diplôme d'études supérieures spécialisées en finance d'entreprise;20163;automne 2016;83
ESA;2;3116;Diplôme d'études supérieures spécialisées en finance d'entreprise;20171;hiver 2017;79
ESA;2;3116;Diplôme d'études supérieures spécialisées en finance d'entreprise;20172;été 2017;63
ESA;2;3116;Diplôme d'études supérieures spécialisées en finance d'entreprise;20173;automne 2017;108
ESA;2;3116;Diplôme d'études supérieures spécialisées en finance d'entreprise;20181;hiver 2018;88
ESA;2;3116;Diplôme d'études supérieures spécialisées en finance d'entreprise;20182;été 2018;33
ESA;2;3116;Diplôme d'études supérieures spécialisées en finance d'entreprise;20183;automne 2018;68
ESA;2;3116;Diplôme d'études supérieures spécialisées en finance d'entreprise;20191;hiver 2019;71
ESA;2;3116;Diplôme d'études supérieures spécialisées en finance d'entreprise;20192;été 2019;50
ESA;2;3116;Diplôme d'études supérieures spécialisées en finance d'entreprise;20193;automne 2019;65
ESA;2;3116;Diplôme d'études supérieures spécialisées en finance d'entreprise;20201;hiver 2020;78
ESA;2;3116;Diplôme d'études supérieures spécialisées en finance d'entreprise;20202;été 2020;48
ESA;2;3116;Diplôme d'études supérieures spécialisées en finance d'entreprise;20203;automne 2020;116
ESA;2;3116;Diplôme d'études supérieures spécialisées en finance d'entreprise;20211;hiver 2021;67
ESA;2;3116;Diplôme d'études supérieures spécialisées en finance d'entreprise;20212;été 2021;37
ESA;2;3116;Diplôme d'études supérieures spécialisées en finance d'entreprise;20213;automne 2021;66
ESA;2;3116;Diplôme d'études supérieures spécialisées en finance d'entreprise;20221;hiver 2022;71
ESA;2;3116;Diplôme d'études supérieures spécialisées en finance d'entreprise;20222;été 2022;30
ESA;2;3116;Diplôme d'études supérieures spécialisées en finance d'entreprise;20223;automne 2022;78
ESA;2;3116;Diplôme d'études supérieures spécialisées en finance d'entreprise;20231;hiver 2023;104
ESA;2;3116;Diplôme d'études supérieures spécialisées en finance d'entreprise;20232;été 2023;47
ESA;2;3116;Diplôme d'études supérieures spécialisées en finance d'entreprise;20233;automne 2023;96
ESA;2;3116;Diplôme d'études supérieures spécialisées en finance d'entreprise;20241;hiver 2024;125
ESA;2;3116;Diplôme d'études supérieures spécialisées en finance d'entreprise;20242;été 2024;45
ESA;2;3116;Diplôme d'études supérieures spécialisées en finance d'entreprise;20243;automne 2024;103
ESA;2;3116;Diplôme d'études supérieures spécialisées en finance d'entreprise;20251;hiver 2025;131
ESA;2;3116;Diplôme d'études supérieures spécialisées en finance d'entreprise;20252;été 2025;68
ESA;2;3116;Diplôme d'études supérieures spécialisées en finance d'entreprise;20253;automne 2025;166
ESA;2;3116;Diplôme d'études supérieures spécialisées en finance d'entreprise;20261;hiver 2026;176
ESA;2;3116;Diplôme d'études supérieures spécialisées en finance d'entreprise;20262;été 2026;46
ST;2;3140;Diplôme d'études supérieures spécialisées en technologie de l'information;20092;été 2009;1
ST;2;3140;Diplôme d'études supérieures spécialisées en technologie de l'information;20093;automne 2009;2
ST;2;3140;Diplôme d'études supérieures spécialisées en technologie de l'information;20101;hiver 2010;4
ST;2;3140;Diplôme d'études supérieures spécialisées en technologie de l'information;20102;été 2010;3
ST;2;3140;Diplôme d'études supérieures spécialisées en technologie de l'information;20103;automne 2010;1
ED;2;3176;Diplôme d'études supérieures spécialisées en technologie éducative;20111;hiver 2011;26
ED;2;3176;Diplôme d'études supérieures spécialisées en technologie éducative;20112;été 2011;15
ED;2;3176;Diplôme d'études supérieures spécialisées en technologie éducative;20113;automne 2011;44
ED;2;3176;Diplôme d'études supérieures spécialisées en technologie éducative;20121;hiver 2012;31
ED;2;3176;Diplôme d'études supérieures spécialisées en technologie éducative;20122;été 2012;33
ED;2;3176;Diplôme d'études supérieures spécialisées en technologie éducative;20123;automne 2012;46
ED;2;3176;Diplôme d'études supérieures spécialisées en technologie éducative;20131;hiver 2013;43
ED;2;3176;Diplôme d'études supérieures spécialisées en technologie éducative;20132;été 2013;22
ED;2;3176;Diplôme d'études supérieures spécialisées en technologie éducative;20133;automne 2013;37
ED;2;3176;Diplôme d'études supérieures spécialisées en technologie éducative;20141;hiver 2014;35
ED;2;3176;Diplôme d'études supérieures spécialisées en technologie éducative;20142;été 2014;35
ED;2;3176;Diplôme d'études supérieures spécialisées en technologie éducative;20143;automne 2014;78
ED;2;3176;Diplôme d'études supérieures spécialisées en technologie éducative;20151;hiver 2015;48
ED;2;3176;Diplôme d'études supérieures spécialisées en technologie éducative;20152;été 2015;27
ED;2;3176;Diplôme d'études supérieures spécialisées en technologie éducative;20153;automne 2015;47
ED;2;3176;Diplôme d'études supérieures spécialisées en technologie éducative;20161;hiver 2016;47
ED;2;3176;Diplôme d'études supérieures spécialisées en technologie éducative;20162;été 2016;24
ED;2;3176;Diplôme d'études supérieures spécialisées en technologie éducative;20163;automne 2016;57
ED;2;3176;Diplôme d'études supérieures spécialisées en technologie éducative;20171;hiver 2017;50
ED;2;3176;Diplôme d'études supérieures spécialisées en technologie éducative;20172;été 2017;18
ED;2;3176;Diplôme d'études supérieures spécialisées en technologie éducative;20173;automne 2017;52
ED;2;3176;Diplôme d'études supérieures spécialisées en technologie éducative;20181;hiver 2018;52
ED;2;3176;Diplôme d'études supérieures spécialisées en technologie éducative;20182;été 2018;15
ED;2;3176;Diplôme d'études supérieures spécialisées en technologie éducative;20183;automne 2018;50
ED;2;3176;Diplôme d'études supérieures spécialisées en technologie éducative;20191;hiver 2019;55
ED;2;3176;Diplôme d'études supérieures spécialisées en technologie éducative;20192;été 2019;19
ED;2;3176;Diplôme d'études supérieures spécialisées en technologie éducative;20193;automne 2019;64
ED;2;3176;Diplôme d'études supérieures spécialisées en technologie éducative;20201;hiver 2020;51
ED;2;3176;Diplôme d'études supérieures spécialisées en technologie éducative;20202;été 2020;27
ED;2;3176;Diplôme d'études supérieures spécialisées en technologie éducative;20203;automne 2020;75
ED;2;3176;Diplôme d'études supérieures spécialisées en technologie éducative;20211;hiver 2021;75
ED;2;3176;Diplôme d'études supérieures spécialisées en technologie éducative;20212;été 2021;46
ED;2;3176;Diplôme d'études supérieures spécialisées en technologie éducative;20213;automne 2021;92
ED;2;3176;Diplôme d'études supérieures spécialisées en technologie éducative;20221;hiver 2022;71
ED;2;3176;Diplôme d'études supérieures spécialisées en technologie éducative;20222;été 2022;31
ED;2;3176;Diplôme d'études supérieures spécialisées en technologie éducative;20223;automne 2022;80
ED;2;3176;Diplôme d'études supérieures spécialisées en technologie éducative;20231;hiver 2023;51
ED;2;3176;Diplôme d'études supérieures spécialisées en technologie éducative;20232;été 2023;47
ED;2;3176;Diplôme d'études supérieures spécialisées en technologie éducative;20233;automne 2023;71
ED;2;3176;Diplôme d'études supérieures spécialisées en technologie éducative;20241;hiver 2024;51
ED;2;3176;Diplôme d'études supérieures spécialisées en technologie éducative;20242;été 2024;33
ED;2;3176;Diplôme d'études supérieures spécialisées en technologie éducative;20243;automne 2024;69
ED;2;3176;Diplôme d'études supérieures spécialisées en technologie éducative;20251;hiver 2025;67
ED;2;3176;Diplôme d'études supérieures spécialisées en technologie éducative;20252;été 2025;28
ED;2;3176;Diplôme d'études supérieures spécialisées en technologie éducative;20253;automne 2025;77
ED;2;3176;Diplôme d'études supérieures spécialisées en technologie éducative;20261;hiver 2026;78
ED;2;3176;Diplôme d'études supérieures spécialisées en technologie éducative;20262;été 2026;28
ST;2;3210;Diplôme d'études supérieures spécialisées en technologie de l'information;20103;automne 2010;4
ST;2;3210;Diplôme d'études supérieures spécialisées en technologie de l'information;20111;hiver 2011;10
ST;2;3210;Diplôme d'études supérieures spécialisées en technologie de l'information;20112;été 2011;10
ST;2;3210;Diplôme d'études supérieures spécialisées en technologie de l'information;20113;automne 2011;9
ST;2;3210;Diplôme d'études supérieures spécialisées en technologie de l'information;20121;hiver 2012;16
ST;2;3210;Diplôme d'études supérieures spécialisées en technologie de l'information;20122;été 2012;9
ST;2;3210;Diplôme d'études supérieures spécialisées en technologie de l'information;20123;automne 2012;14
ST;2;3210;Diplôme d'études supérieures spécialisées en technologie de l'information;20131;hiver 2013;17
ST;2;3210;Diplôme d'études supérieures spécialisées en technologie de l'information;20132;été 2013;19
ST;2;3210;Diplôme d'études supérieures spécialisées en technologie de l'information;20133;automne 2013;16
ST;2;3210;Diplôme d'études supérieures spécialisées en technologie de l'information;20141;hiver 2014;9
ST;2;3210;Diplôme d'études supérieures spécialisées en technologie de l'information;20142;été 2014;7
ST;2;3210;Diplôme d'études supérieures spécialisées en technologie de l'information;20143;automne 2014;8
ST;2;3210;Diplôme d'études supérieures spécialisées en technologie de l'information;20151;hiver 2015;5
ST;2;3210;Diplôme d'études supérieures spécialisées en technologie de l'information;20152;été 2015;3
ST;2;3210;Diplôme d'études supérieures spécialisées en technologie de l'information;20153;automne 2015;5
ST;2;3270;Maîtrise ès sciences (technologie de l'information);20081;hiver 2008;3
ST;2;3270;Maîtrise ès sciences (technologie de l'information);20082;été 2008;1
ST;2;3270;Maîtrise ès sciences (technologie de l'information);20083;automne 2008;1
ST;2;3270;Maîtrise ès sciences (technologie de l'information);20091;hiver 2009;6
ST;2;3270;Maîtrise ès sciences (technologie de l'information);20092;été 2009;6
ST;2;3270;Maîtrise ès sciences (technologie de l'information);20093;automne 2009;8
ST;2;3270;Maîtrise ès sciences (technologie de l'information);20101;hiver 2010;5
ST;2;3270;Maîtrise ès sciences (technologie de l'information);20102;été 2010;4
ST;2;3270;Maîtrise ès sciences (technologie de l'information);20103;automne 2010;2
ST;2;3270;Maîtrise ès sciences (technologie de l'information);20112;été 2011;1
ST;2;3270;Maîtrise ès sciences (technologie de l'information);20113;automne 2011;1
ST;2;3270;Maîtrise ès sciences (technologie de l'information);20122;été 2012;1
ST;2;3270;Maîtrise ès sciences (technologie de l'information);20123;automne 2012;1
ST;2;3270;Maîtrise ès sciences (technologie de l'information);20131;hiver 2013;1
ED;3;3347;Stage postdoctoral en éducation;20182;été 2018;1
ED;3;3347;Stage postdoctoral en éducation;20183;automne 2018;1
ED;3;3347;Stage postdoctoral en éducation;20191;hiver 2019;1
ED;3;3347;Stage postdoctoral en éducation;20192;été 2019;1
ED;3;3347;Stage postdoctoral en éducation;20193;automne 2019;1
ED;3;3347;Stage postdoctoral en éducation;20201;hiver 2020;1
ED;3;3347;Stage postdoctoral en éducation;20203;automne 2020;1
ED;3;3347;Stage postdoctoral en éducation;20211;hiver 2021;1
ED;3;3347;Stage postdoctoral en éducation;20212;été 2021;1
ED;3;3347;Stage postdoctoral en éducation;20213;automne 2021;1
ED;3;3347;Stage postdoctoral en éducation;20221;hiver 2022;2
ED;3;3347;Stage postdoctoral en éducation;20222;été 2022;1
ED;3;3347;Stage postdoctoral en éducation;20223;automne 2022;2
ED;3;3347;Stage postdoctoral en éducation;20232;été 2023;1
ED;3;3347;Stage postdoctoral en éducation;20233;automne 2023;2
ED;3;3347;Stage postdoctoral en éducation;20241;hiver 2024;2
ED;3;3347;Stage postdoctoral en éducation;20242;été 2024;2
ED;3;3347;Stage postdoctoral en éducation;20243;automne 2024;2
ED;3;3347;Stage postdoctoral en éducation;20251;hiver 2025;3
ED;3;3347;Stage postdoctoral en éducation;20252;été 2025;3
ED;3;3347;Stage postdoctoral en éducation;20253;automne 2025;2
ED;3;3347;Stage postdoctoral en éducation;20261;hiver 2026;2
BR;3;3381;Stage postdoctoral en gestion et administration des affaires;20093;automne 2009;2
BR;3;3381;Stage postdoctoral en gestion et administration des affaires;20101;hiver 2010;4
BR;3;3381;Stage postdoctoral en gestion et administration des affaires;20102;été 2010;5
BR;3;3381;Stage postdoctoral en gestion et administration des affaires;20103;automne 2010;9
BR;3;3381;Stage postdoctoral en gestion et administration des affaires;20111;hiver 2011;7
BR;3;3381;Stage postdoctoral en gestion et administration des affaires;20112;été 2011;4
BR;3;3381;Stage postdoctoral en gestion et administration des affaires;20113;automne 2011;5
BR;3;3381;Stage postdoctoral en gestion et administration des affaires;20121;hiver 2012;5
BR;3;3381;Stage postdoctoral en gestion et administration des affaires;20122;été 2012;5
BR;3;3381;Stage postdoctoral en gestion et administration des affaires;20123;automne 2012;4
BR;3;3381;Stage postdoctoral en gestion et administration des affaires;20131;hiver 2013;5
BR;3;3381;Stage postdoctoral en gestion et administration des affaires;20132;été 2013;2
BR;3;3381;Stage postdoctoral en gestion et administration des affaires;20133;automne 2013;5
BR;3;3381;Stage postdoctoral en gestion et administration des affaires;20141;hiver 2014;5
BR;3;3381;Stage postdoctoral en gestion et administration des affaires;20142;été 2014;1
BR;3;3381;Stage postdoctoral en gestion et administration des affaires;20143;automne 2014;2
BR;3;3381;Stage postdoctoral en gestion et administration des affaires;20151;hiver 2015;3
BR;3;3381;Stage postdoctoral en gestion et administration des affaires;20152;été 2015;1
BR;3;3381;Stage postdoctoral en gestion et administration des affaires;20153;automne 2015;6
BR;3;3381;Stage postdoctoral en gestion et administration des affaires;20161;hiver 2016;3
BR;3;3381;Stage postdoctoral en gestion et administration des affaires;20162;été 2016;3
BR;3;3381;Stage postdoctoral en gestion et administration des affaires;20163;automne 2016;5
BR;3;3381;Stage postdoctoral en gestion et administration des affaires;20171;hiver 2017;8
BR;3;3381;Stage postdoctoral en gestion et administration des affaires;20172;été 2017;6
BR;3;3381;Stage postdoctoral en gestion et administration des affaires;20173;automne 2017;12
BR;3;3381;Stage postdoctoral en gestion et administration des affaires;20181;hiver 2018;11
BR;3;3381;Stage postdoctoral en gestion et administration des affaires;20182;été 2018;4
BR;3;3381;Stage postdoctoral en gestion et administration des affaires;20183;automne 2018;14
BR;3;3381;Stage postdoctoral en gestion et administration des affaires;20191;hiver 2019;13
BR;3;3381;Stage postdoctoral en gestion et administration des affaires;20192;été 2019;11
BR;3;3381;Stage postdoctoral en gestion et administration des affaires;20193;automne 2019;14
BR;3;3381;Stage postdoctoral en gestion et administration des affaires;20201;hiver 2020;13
BR;3;3381;Stage postdoctoral en gestion et administration des affaires;20202;été 2020;13
BR;3;3381;Stage postdoctoral en gestion et administration des affaires;20203;automne 2020;14
BR;3;3381;Stage postdoctoral en gestion et administration des affaires;20211;hiver 2021;12
BR;3;3381;Stage postdoctoral en gestion et administration des affaires;20212;été 2021;7
BR;3;3381;Stage postdoctoral en gestion et administration des affaires;20213;automne 2021;8
BR;3;3381;Stage postdoctoral en gestion et administration des affaires;20221;hiver 2022;6
BR;3;3381;Stage postdoctoral en gestion et administration des affaires;20222;été 2022;4
BR;3;3381;Stage postdoctoral en gestion et administration des affaires;20223;automne 2022;3
BR;3;3381;Stage postdoctoral en gestion et administration des affaires;20231;hiver 2023;3
BR;3;3381;Stage postdoctoral en gestion et administration des affaires;20232;été 2023;2
BR;3;3381;Stage postdoctoral en gestion et administration des affaires;20233;automne 2023;2
BR;3;3381;Stage postdoctoral en gestion et administration des affaires;20241;hiver 2024;1
BR;3;3381;Stage postdoctoral en gestion et administration des affaires;20242;été 2024;1
BR;3;3381;Stage postdoctoral en gestion et administration des affaires;20251;hiver 2025;2
BR;3;3381;Stage postdoctoral en gestion et administration des affaires;20252;été 2025;3
BR;3;3381;Stage postdoctoral en gestion et administration des affaires;20253;automne 2025;4
BR;3;3381;Stage postdoctoral en gestion et administration des affaires;20261;hiver 2026;5
ED;2;3508;Maîtrise en formation à distance. Profil sans mémoire;20001;hiver 2000;23
ED;2;3508;Maîtrise en formation à distance. Profil sans mémoire;20002;été 2000;14
ED;2;3508;Maîtrise en formation à distance. Profil sans mémoire;20003;automne 2000;17
ED;2;3508;Maîtrise en formation à distance. Profil sans mémoire;20011;hiver 2001;30
ED;2;3508;Maîtrise en formation à distance. Profil sans mémoire;20012;été 2001;14
ED;2;3508;Maîtrise en formation à distance. Profil sans mémoire;20013;automne 2001;38
ED;2;3508;Maîtrise en formation à distance. Profil sans mémoire;20021;hiver 2002;40
ED;2;3508;Maîtrise en formation à distance. Profil sans mémoire;20022;été 2002;14
ED;2;3508;Maîtrise en formation à distance. Profil sans mémoire;20023;automne 2002;23
ED;2;3508;Maîtrise en formation à distance. Profil sans mémoire;20031;hiver 2003;12
ED;2;3508;Maîtrise en formation à distance. Profil sans mémoire;20032;été 2003;15
ED;2;3508;Maîtrise en formation à distance. Profil sans mémoire;20033;automne 2003;29
ED;2;3508;Maîtrise en formation à distance. Profil sans mémoire;20041;hiver 2004;37
ED;2;3508;Maîtrise en formation à distance. Profil sans mémoire;20042;été 2004;10
ED;2;3508;Maîtrise en formation à distance. Profil sans mémoire;20043;automne 2004;17
ED;2;3508;Maîtrise en formation à distance. Profil sans mémoire;20051;hiver 2005;42
ED;2;3508;Maîtrise en formation à distance. Profil sans mémoire;20052;été 2005;5
ED;2;3508;Maîtrise en formation à distance. Profil sans mémoire;20053;automne 2005;37
ED;2;3508;Maîtrise en formation à distance. Profil sans mémoire;20061;hiver 2006;41
ED;2;3508;Maîtrise en formation à distance. Profil sans mémoire;20062;été 2006;29
ED;2;3508;Maîtrise en formation à distance. Profil sans mémoire;20063;automne 2006;42
ED;2;3508;Maîtrise en formation à distance. Profil sans mémoire;20071;hiver 2007;48
ED;2;3508;Maîtrise en formation à distance. Profil sans mémoire;20072;été 2007;26
ED;2;3508;Maîtrise en formation à distance. Profil sans mémoire;20073;automne 2007;46
ED;2;3508;Maîtrise en formation à distance. Profil sans mémoire;20081;hiver 2008;50
ED;2;3508;Maîtrise en formation à distance. Profil sans mémoire;20082;été 2008;22
ED;2;3508;Maîtrise en formation à distance. Profil sans mémoire;20083;automne 2008;58
ED;2;3508;Maîtrise en formation à distance. Profil sans mémoire;20091;hiver 2009;47
ED;2;3508;Maîtrise en formation à distance. Profil sans mémoire;20092;été 2009;18
ED;2;3508;Maîtrise en formation à distance. Profil sans mémoire;20093;automne 2009;33
ED;2;3508;Maîtrise en formation à distance. Profil sans mémoire;20101;hiver 2010;55
ED;2;3508;Maîtrise en formation à distance. Profil sans mémoire;20102;été 2010;22
ED;2;3508;Maîtrise en formation à distance. Profil sans mémoire;20103;automne 2010;44
ED;2;3508;Maîtrise en formation à distance. Profil sans mémoire;20111;hiver 2011;49
ED;2;3508;Maîtrise en formation à distance. Profil sans mémoire;20112;été 2011;19
ED;2;3508;Maîtrise en formation à distance. Profil sans mémoire;20113;automne 2011;27
ED;2;3508;Maîtrise en formation à distance. Profil sans mémoire;20121;hiver 2012;38
ED;2;3508;Maîtrise en formation à distance. Profil sans mémoire;20122;été 2012;38
ED;2;3508;Maîtrise en formation à distance. Profil sans mémoire;20123;automne 2012;51
ED;2;3508;Maîtrise en formation à distance. Profil sans mémoire;20131;hiver 2013;56
ED;2;3508;Maîtrise en formation à distance. Profil sans mémoire;20132;été 2013;35
ED;2;3508;Maîtrise en formation à distance. Profil sans mémoire;20133;automne 2013;60
ED;2;3508;Maîtrise en formation à distance. Profil sans mémoire;20141;hiver 2014;59
ED;2;3508;Maîtrise en formation à distance. Profil sans mémoire;20142;été 2014;40
ED;2;3508;Maîtrise en formation à distance. Profil sans mémoire;20143;automne 2014;34
ED;2;3508;Maîtrise en formation à distance. Profil sans mémoire;20151;hiver 2015;8
ED;2;3508;Maîtrise en formation à distance. Profil sans mémoire;20152;été 2015;3
ED;2;3508;Maîtrise en formation à distance. Profil sans mémoire;20153;automne 2015;12
ED;2;3508;Maîtrise en formation à distance. Profil sans mémoire;20161;hiver 2016;13
ED;2;3508;Maîtrise en formation à distance. Profil sans mémoire;20163;automne 2016;9
ED;2;3508;Maîtrise en formation à distance. Profil sans mémoire;20171;hiver 2017;9
ED;2;3508;Maîtrise en formation à distance. Profil sans mémoire;20173;automne 2017;9
ED;2;3508;Maîtrise en formation à distance. Profil sans mémoire;20181;hiver 2018;9
ED;2;3508;Maîtrise en formation à distance. Profil sans mémoire;20182;été 2018;2
ED;2;3508;Maîtrise en formation à distance. Profil sans mémoire;20183;automne 2018;6
ED;2;3508;Maîtrise en formation à distance. Profil sans mémoire;20191;hiver 2019;3
ED;2;3508;Maîtrise en formation à distance. Profil sans mémoire;20193;automne 2019;1
ED;2;3508;Maîtrise en formation à distance. Profil sans mémoire;20201;hiver 2020;1
ED;2;3508;Maîtrise en formation à distance. Profil sans mémoire;20213;automne 2021;1
ED;2;3508;Maîtrise en formation à distance. Profil sans mémoire;20221;hiver 2022;1
ED;2;3509;Maîtrise en formation à distance. Profil avec mémoire;20003;automne 2000;4
ED;2;3509;Maîtrise en formation à distance. Profil avec mémoire;20011;hiver 2001;12
ED;2;3509;Maîtrise en formation à distance. Profil avec mémoire;20012;été 2001;6
ED;2;3509;Maîtrise en formation à distance. Profil avec mémoire;20013;automne 2001;17
ED;2;3509;Maîtrise en formation à distance. Profil avec mémoire;20021;hiver 2002;19
ED;2;3509;Maîtrise en formation à distance. Profil avec mémoire;20022;été 2002;7
ED;2;3509;Maîtrise en formation à distance. Profil avec mémoire;20023;automne 2002;15
ED;2;3509;Maîtrise en formation à distance. Profil avec mémoire;20031;hiver 2003;21
ED;2;3509;Maîtrise en formation à distance. Profil avec mémoire;20032;été 2003;13
ED;2;3509;Maîtrise en formation à distance. Profil avec mémoire;20033;automne 2003;24
ED;2;3509;Maîtrise en formation à distance. Profil avec mémoire;20041;hiver 2004;26
ED;2;3509;Maîtrise en formation à distance. Profil avec mémoire;20042;été 2004;10
ED;2;3509;Maîtrise en formation à distance. Profil avec mémoire;20043;automne 2004;21
ED;2;3509;Maîtrise en formation à distance. Profil avec mémoire;20051;hiver 2005;13
ED;2;3509;Maîtrise en formation à distance. Profil avec mémoire;20052;été 2005;12
ED;2;3509;Maîtrise en formation à distance. Profil avec mémoire;20053;automne 2005;25
ED;2;3509;Maîtrise en formation à distance. Profil avec mémoire;20061;hiver 2006;38
ED;2;3509;Maîtrise en formation à distance. Profil avec mémoire;20062;été 2006;18
ED;2;3509;Maîtrise en formation à distance. Profil avec mémoire;20063;automne 2006;31
ED;2;3509;Maîtrise en formation à distance. Profil avec mémoire;20071;hiver 2007;41
ED;2;3509;Maîtrise en formation à distance. Profil avec mémoire;20072;été 2007;36
ED;2;3509;Maîtrise en formation à distance. Profil avec mémoire;20073;automne 2007;33
ED;2;3509;Maîtrise en formation à distance. Profil avec mémoire;20081;hiver 2008;30
ED;2;3509;Maîtrise en formation à distance. Profil avec mémoire;20082;été 2008;13
ED;2;3509;Maîtrise en formation à distance. Profil avec mémoire;20083;automne 2008;25
ED;2;3509;Maîtrise en formation à distance. Profil avec mémoire;20091;hiver 2009;27
ED;2;3509;Maîtrise en formation à distance. Profil avec mémoire;20092;été 2009;16
ED;2;3509;Maîtrise en formation à distance. Profil avec mémoire;20093;automne 2009;30
ED;2;3509;Maîtrise en formation à distance. Profil avec mémoire;20101;hiver 2010;22
ED;2;3509;Maîtrise en formation à distance. Profil avec mémoire;20102;été 2010;18
ED;2;3509;Maîtrise en formation à distance. Profil avec mémoire;20103;automne 2010;16
ED;2;3509;Maîtrise en formation à distance. Profil avec mémoire;20111;hiver 2011;25
ED;2;3509;Maîtrise en formation à distance. Profil avec mémoire;20112;été 2011;17
ED;2;3509;Maîtrise en formation à distance. Profil avec mémoire;20113;automne 2011;24
ED;2;3509;Maîtrise en formation à distance. Profil avec mémoire;20121;hiver 2012;25
ED;2;3509;Maîtrise en formation à distance. Profil avec mémoire;20122;été 2012;18
ED;2;3509;Maîtrise en formation à distance. Profil avec mémoire;20123;automne 2012;21
ED;2;3509;Maîtrise en formation à distance. Profil avec mémoire;20131;hiver 2013;15
ED;2;3509;Maîtrise en formation à distance. Profil avec mémoire;20132;été 2013;12
ED;2;3509;Maîtrise en formation à distance. Profil avec mémoire;20133;automne 2013;20
ED;2;3509;Maîtrise en formation à distance. Profil avec mémoire;20141;hiver 2014;18
ED;2;3509;Maîtrise en formation à distance. Profil avec mémoire;20142;été 2014;7
ED;2;3509;Maîtrise en formation à distance. Profil avec mémoire;20143;automne 2014;12
ED;2;3509;Maîtrise en formation à distance. Profil avec mémoire;20151;hiver 2015;9
ED;2;3509;Maîtrise en formation à distance. Profil avec mémoire;20153;automne 2015;7
ED;2;3509;Maîtrise en formation à distance. Profil avec mémoire;20161;hiver 2016;4
ED;2;3509;Maîtrise en formation à distance. Profil avec mémoire;20162;été 2016;3
ED;2;3509;Maîtrise en formation à distance. Profil avec mémoire;20163;automne 2016;5
ED;2;3509;Maîtrise en formation à distance. Profil avec mémoire;20171;hiver 2017;6
ED;2;3509;Maîtrise en formation à distance. Profil avec mémoire;20173;automne 2017;3
ED;2;3509;Maîtrise en formation à distance. Profil avec mémoire;20181;hiver 2018;4
ED;2;3509;Maîtrise en formation à distance. Profil avec mémoire;20183;automne 2018;3
ED;2;3509;Maîtrise en formation à distance. Profil avec mémoire;20191;hiver 2019;3
ED;2;3509;Maîtrise en formation à distance. Profil avec mémoire;20193;automne 2019;2
ED;2;3509;Maîtrise en formation à distance. Profil avec mémoire;20201;hiver 2020;2
ED;2;3509;Maîtrise en formation à distance. Profil avec mémoire;20203;automne 2020;2
ED;2;3509;Maîtrise en formation à distance. Profil avec mémoire;20213;automne 2021;1
ED;2;3509;Maîtrise en formation à distance. Profil avec mémoire;20221;hiver 2022;2
ED;2;3509;Maîtrise en formation à distance. Profil avec mémoire;20223;automne 2022;1
ED;2;3509;Maîtrise en formation à distance. Profil avec mémoire;20231;hiver 2023;1
ED;2;3509;Maîtrise en formation à distance. Profil avec mémoire;20233;automne 2023;1
ST;2;3510;Maîtrise ès sciences (technologie de l'information);20103;automne 2010;2
ST;2;3510;Maîtrise ès sciences (technologie de l'information);20111;hiver 2011;20
ST;2;3510;Maîtrise ès sciences (technologie de l'information);20112;été 2011;20
ST;2;3510;Maîtrise ès sciences (technologie de l'information);20113;automne 2011;30
ST;2;3510;Maîtrise ès sciences (technologie de l'information);20121;hiver 2012;14
ST;2;3510;Maîtrise ès sciences (technologie de l'information);20122;été 2012;29
ST;2;3510;Maîtrise ès sciences (technologie de l'information);20123;automne 2012;41
ST;2;3510;Maîtrise ès sciences (technologie de l'information);20131;hiver 2013;25
ST;2;3510;Maîtrise ès sciences (technologie de l'information);20132;été 2013;15
ST;2;3510;Maîtrise ès sciences (technologie de l'information);20133;automne 2013;16
ST;2;3510;Maîtrise ès sciences (technologie de l'information);20141;hiver 2014;15
ST;2;3510;Maîtrise ès sciences (technologie de l'information);20142;été 2014;8
ST;2;3510;Maîtrise ès sciences (technologie de l'information);20143;automne 2014;9
ST;2;3510;Maîtrise ès sciences (technologie de l'information);20151;hiver 2015;8
ST;2;3510;Maîtrise ès sciences (technologie de l'information);20152;été 2015;3
ST;2;3510;Maîtrise ès sciences (technologie de l'information);20153;automne 2015;5
ST;2;3510;Maîtrise ès sciences (technologie de l'information);20161;hiver 2016;6
ST;2;3510;Maîtrise ès sciences (technologie de l'information);20162;été 2016;2
ST;2;3510;Maîtrise ès sciences (technologie de l'information);20163;automne 2016;5
ST;2;3510;Maîtrise ès sciences (technologie de l'information);20171;hiver 2017;4
ST;2;3510;Maîtrise ès sciences (technologie de l'information);20172;été 2017;4
ST;2;3510;Maîtrise ès sciences (technologie de l'information);20173;automne 2017;2
ST;2;3510;Maîtrise ès sciences (technologie de l'information);20181;hiver 2018;3
ST;2;3510;Maîtrise ès sciences (technologie de l'information);20182;été 2018;2
ST;2;3510;Maîtrise ès sciences (technologie de l'information);20183;automne 2018;3
ST;2;3510;Maîtrise ès sciences (technologie de l'information);20191;hiver 2019;1
ST;3;3560;Doctorat en informatique cognitive;20003;automne 2000;4
ST;3;3560;Doctorat en informatique cognitive;20021;hiver 2002;4
ST;3;3560;Doctorat en informatique cognitive;20023;automne 2002;2
ST;3;3560;Doctorat en informatique cognitive;20033;automne 2003;2
ST;3;3560;Doctorat en informatique cognitive;20041;hiver 2004;2
ST;3;3560;Doctorat en informatique cognitive;20051;hiver 2005;1
ST;3;3560;Doctorat en informatique cognitive;20053;automne 2005;4
ST;3;3560;Doctorat en informatique cognitive;20061;hiver 2006;3
ST;3;3560;Doctorat en informatique cognitive;20063;automne 2006;1
ST;3;3560;Doctorat en informatique cognitive;20071;hiver 2007;1
ST;3;3560;Doctorat en informatique cognitive;20072;été 2007;4
ST;3;3560;Doctorat en informatique cognitive;20073;automne 2007;5
ST;3;3560;Doctorat en informatique cognitive;20081;hiver 2008;4
ST;3;3560;Doctorat en informatique cognitive;20082;été 2008;5
ST;3;3560;Doctorat en informatique cognitive;20083;automne 2008;4
ST;3;3560;Doctorat en informatique cognitive;20091;hiver 2009;5
ST;3;3560;Doctorat en informatique cognitive;20092;été 2009;5
ST;3;3560;Doctorat en informatique cognitive;20093;automne 2009;5
ST;3;3560;Doctorat en informatique cognitive;20101;hiver 2010;7
ST;3;3560;Doctorat en informatique cognitive;20102;été 2010;6
ST;3;3560;Doctorat en informatique cognitive;20103;automne 2010;5
ST;3;3560;Doctorat en informatique cognitive;20111;hiver 2011;5
ST;3;3560;Doctorat en informatique cognitive;20112;été 2011;2
ST;3;3560;Doctorat en informatique cognitive;20113;automne 2011;3
ST;3;3560;Doctorat en informatique cognitive;20121;hiver 2012;4
ST;3;3560;Doctorat en informatique cognitive;20122;été 2012;7
ST;3;3560;Doctorat en informatique cognitive;20123;automne 2012;5
ST;3;3560;Doctorat en informatique cognitive;20131;hiver 2013;3
ST;3;3560;Doctorat en informatique cognitive;20132;été 2013;8
ST;3;3560;Doctorat en informatique cognitive;20133;automne 2013;6
ST;3;3560;Doctorat en informatique cognitive;20141;hiver 2014;4
ST;3;3560;Doctorat en informatique cognitive;20142;été 2014;6
ST;3;3560;Doctorat en informatique cognitive;20143;automne 2014;4
ST;3;3560;Doctorat en informatique cognitive;20151;hiver 2015;5
ST;3;3560;Doctorat en informatique cognitive;20152;été 2015;7
ST;3;3560;Doctorat en informatique cognitive;20153;automne 2015;8
ST;3;3560;Doctorat en informatique cognitive;20161;hiver 2016;8
ST;3;3560;Doctorat en informatique cognitive;20162;été 2016;9
ST;3;3560;Doctorat en informatique cognitive;20163;automne 2016;9
ST;3;3560;Doctorat en informatique cognitive;20171;hiver 2017;9
ST;3;3560;Doctorat en informatique cognitive;20172;été 2017;10
ST;3;3560;Doctorat en informatique cognitive;20173;automne 2017;8
ST;3;3560;Doctorat en informatique cognitive;20181;hiver 2018;6
ST;3;3560;Doctorat en informatique cognitive;20182;été 2018;7
ST;3;3560;Doctorat en informatique cognitive;20183;automne 2018;9
ST;3;3560;Doctorat en informatique cognitive;20191;hiver 2019;7
ST;3;3560;Doctorat en informatique cognitive;20192;été 2019;10
ST;3;3560;Doctorat en informatique cognitive;20193;automne 2019;5
ST;3;3560;Doctorat en informatique cognitive;20201;hiver 2020;6
ST;3;3560;Doctorat en informatique cognitive;20202;été 2020;9
ST;3;3560;Doctorat en informatique cognitive;20203;automne 2020;6
ST;3;3560;Doctorat en informatique cognitive;20211;hiver 2021;4
ST;3;3560;Doctorat en informatique cognitive;20212;été 2021;9
ST;3;3560;Doctorat en informatique cognitive;20213;automne 2021;6
ST;3;3560;Doctorat en informatique cognitive;20221;hiver 2022;5
ST;3;3560;Doctorat en informatique cognitive;20222;été 2022;9
ST;3;3560;Doctorat en informatique cognitive;20223;automne 2022;6
ST;3;3560;Doctorat en informatique cognitive;20231;hiver 2023;5
ST;3;3560;Doctorat en informatique cognitive;20232;été 2023;11
ST;3;3560;Doctorat en informatique cognitive;20233;automne 2023;5
ST;3;3560;Doctorat en informatique cognitive;20241;hiver 2024;7
ST;3;3560;Doctorat en informatique cognitive;20242;été 2024;8
ST;3;3560;Doctorat en informatique cognitive;20243;automne 2024;6
ST;3;3560;Doctorat en informatique cognitive;20251;hiver 2025;5
ST;3;3560;Doctorat en informatique cognitive;20252;été 2025;7
ST;3;3560;Doctorat en informatique cognitive;20253;automne 2025;5
ST;3;3560;Doctorat en informatique cognitive;20261;hiver 2026;4
ST;3;3560;Doctorat en informatique cognitive;20262;été 2026;2
ST;2;3570;Maîtrise ès sciences (technologie de l'information);20053;automne 2005;1
ST;2;3570;Maîtrise ès sciences (technologie de l'information);20061;hiver 2006;4
ST;2;3570;Maîtrise ès sciences (technologie de l'information);20062;été 2006;1
ST;2;3570;Maîtrise ès sciences (technologie de l'information);20063;automne 2006;2
ST;2;3570;Maîtrise ès sciences (technologie de l'information);20071;hiver 2007;1
SHLC;2;3578;Diplôme d'études supérieures spécialisées en santé mentale;20021;hiver 2002;27
SHLC;2;3578;Diplôme d'études supérieures spécialisées en santé mentale;20022;été 2002;15
SHLC;2;3578;Diplôme d'études supérieures spécialisées en santé mentale;20023;automne 2002;64
SHLC;2;3578;Diplôme d'études supérieures spécialisées en santé mentale;20031;hiver 2003;42
SHLC;2;3578;Diplôme d'études supérieures spécialisées en santé mentale;20032;été 2003;31
SHLC;2;3578;Diplôme d'études supérieures spécialisées en santé mentale;20033;automne 2003;81
SHLC;2;3578;Diplôme d'études supérieures spécialisées en santé mentale;20041;hiver 2004;77
SHLC;2;3578;Diplôme d'études supérieures spécialisées en santé mentale;20042;été 2004;41
SHLC;2;3578;Diplôme d'études supérieures spécialisées en santé mentale;20043;automne 2004;90
SHLC;2;3578;Diplôme d'études supérieures spécialisées en santé mentale;20051;hiver 2005;103
SHLC;2;3578;Diplôme d'études supérieures spécialisées en santé mentale;20052;été 2005;48
SHLC;2;3578;Diplôme d'études supérieures spécialisées en santé mentale;20053;automne 2005;109
SHLC;2;3578;Diplôme d'études supérieures spécialisées en santé mentale;20061;hiver 2006;100
SHLC;2;3578;Diplôme d'études supérieures spécialisées en santé mentale;20062;été 2006;77
SHLC;2;3578;Diplôme d'études supérieures spécialisées en santé mentale;20063;automne 2006;151
SHLC;2;3578;Diplôme d'études supérieures spécialisées en santé mentale;20071;hiver 2007;123
SHLC;2;3578;Diplôme d'études supérieures spécialisées en santé mentale;20072;été 2007;82
SHLC;2;3578;Diplôme d'études supérieures spécialisées en santé mentale;20073;automne 2007;136
SHLC;2;3578;Diplôme d'études supérieures spécialisées en santé mentale;20081;hiver 2008;115
SHLC;2;3578;Diplôme d'études supérieures spécialisées en santé mentale;20082;été 2008;73
SHLC;2;3578;Diplôme d'études supérieures spécialisées en santé mentale;20083;automne 2008;156
SHLC;2;3578;Diplôme d'études supérieures spécialisées en santé mentale;20091;hiver 2009;155
SHLC;2;3578;Diplôme d'études supérieures spécialisées en santé mentale;20092;été 2009;86
SHLC;2;3578;Diplôme d'études supérieures spécialisées en santé mentale;20093;automne 2009;190
SHLC;2;3578;Diplôme d'études supérieures spécialisées en santé mentale;20101;hiver 2010;132
SHLC;2;3578;Diplôme d'études supérieures spécialisées en santé mentale;20102;été 2010;89
SHLC;2;3578;Diplôme d'études supérieures spécialisées en santé mentale;20103;automne 2010;172
SHLC;2;3578;Diplôme d'études supérieures spécialisées en santé mentale;20111;hiver 2011;173
SHLC;2;3578;Diplôme d'études supérieures spécialisées en santé mentale;20112;été 2011;90
SHLC;2;3578;Diplôme d'études supérieures spécialisées en santé mentale;20113;automne 2011;207
SHLC;2;3578;Diplôme d'études supérieures spécialisées en santé mentale;20121;hiver 2012;168
SHLC;2;3578;Diplôme d'études supérieures spécialisées en santé mentale;20122;été 2012;110
SHLC;2;3578;Diplôme d'études supérieures spécialisées en santé mentale;20123;automne 2012;223
SHLC;2;3578;Diplôme d'études supérieures spécialisées en santé mentale;20131;hiver 2013;185
SHLC;2;3578;Diplôme d'études supérieures spécialisées en santé mentale;20132;été 2013;121
SHLC;2;3578;Diplôme d'études supérieures spécialisées en santé mentale;20133;automne 2013;211
SHLC;2;3578;Diplôme d'études supérieures spécialisées en santé mentale;20141;hiver 2014;204
SHLC;2;3578;Diplôme d'études supérieures spécialisées en santé mentale;20142;été 2014;128
SHLC;2;3578;Diplôme d'études supérieures spécialisées en santé mentale;20143;automne 2014;284
SHLC;2;3578;Diplôme d'études supérieures spécialisées en santé mentale;20151;hiver 2015;263
SHLC;2;3578;Diplôme d'études supérieures spécialisées en santé mentale;20152;été 2015;119
SHLC;2;3578;Diplôme d'études supérieures spécialisées en santé mentale;20153;automne 2015;247
SHLC;2;3578;Diplôme d'études supérieures spécialisées en santé mentale;20161;hiver 2016;261
SHLC;2;3578;Diplôme d'études supérieures spécialisées en santé mentale;20162;été 2016;106
SHLC;2;3578;Diplôme d'études supérieures spécialisées en santé mentale;20163;automne 2016;325
SHLC;2;3578;Diplôme d'études supérieures spécialisées en santé mentale;20171;hiver 2017;298
SHLC;2;3578;Diplôme d'études supérieures spécialisées en santé mentale;20172;été 2017;113
SHLC;2;3578;Diplôme d'études supérieures spécialisées en santé mentale;20173;automne 2017;367
SHLC;2;3578;Diplôme d'études supérieures spécialisées en santé mentale;20181;hiver 2018;353
SHLC;2;3578;Diplôme d'études supérieures spécialisées en santé mentale;20182;été 2018;160
SHLC;2;3578;Diplôme d'études supérieures spécialisées en santé mentale;20183;automne 2018;385
SHLC;2;3578;Diplôme d'études supérieures spécialisées en santé mentale;20191;hiver 2019;347
SHLC;2;3578;Diplôme d'études supérieures spécialisées en santé mentale;20192;été 2019;139
SHLC;2;3578;Diplôme d'études supérieures spécialisées en santé mentale;20193;automne 2019;370
SHLC;2;3578;Diplôme d'études supérieures spécialisées en santé mentale;20201;hiver 2020;328
SHLC;2;3578;Diplôme d'études supérieures spécialisées en santé mentale;20202;été 2020;228
SHLC;2;3578;Diplôme d'études supérieures spécialisées en santé mentale;20203;automne 2020;445
SHLC;2;3578;Diplôme d'études supérieures spécialisées en santé mentale;20211;hiver 2021;406
SHLC;2;3578;Diplôme d'études supérieures spécialisées en santé mentale;20212;été 2021;221
SHLC;2;3578;Diplôme d'études supérieures spécialisées en santé mentale;20213;automne 2021;555
SHLC;2;3578;Diplôme d'études supérieures spécialisées en santé mentale;20221;hiver 2022;476
SHLC;2;3578;Diplôme d'études supérieures spécialisées en santé mentale;20222;été 2022;229
SHLC;2;3578;Diplôme d'études supérieures spécialisées en santé mentale;20223;automne 2022;578
SHLC;2;3578;Diplôme d'études supérieures spécialisées en santé mentale;20231;hiver 2023;505
SHLC;2;3578;Diplôme d'études supérieures spécialisées en santé mentale;20232;été 2023;261
SHLC;2;3578;Diplôme d'études supérieures spécialisées en santé mentale;20233;automne 2023;630
SHLC;2;3578;Diplôme d'études supérieures spécialisées en santé mentale;20241;hiver 2024;599
SHLC;2;3578;Diplôme d'études supérieures spécialisées en santé mentale;20242;été 2024;264
SHLC;2;3578;Diplôme d'études supérieures spécialisées en santé mentale;20243;automne 2024;622
SHLC;2;3578;Diplôme d'études supérieures spécialisées en santé mentale;20251;hiver 2025;509
SHLC;2;3578;Diplôme d'études supérieures spécialisées en santé mentale;20252;été 2025;287
SHLC;2;3578;Diplôme d'études supérieures spécialisées en santé mentale;20253;automne 2025;605
SHLC;2;3578;Diplôme d'études supérieures spécialisées en santé mentale;20261;hiver 2026;508
SHLC;2;3578;Diplôme d'études supérieures spécialisées en santé mentale;20262;été 2026;166
BR;1;3601;Etude libre en recherche: institution québécoise post. dipl. cycle 1;20132;été 2013;5
BR;1;3601;Etude libre en recherche: institution québécoise post. dipl. cycle 1;20141;hiver 2014;1
BR;1;3601;Etude libre en recherche: institution québécoise post. dipl. cycle 1;20142;été 2014;1
BR;1;3601;Etude libre en recherche: institution québécoise post. dipl. cycle 1;20151;hiver 2015;1
BR;1;3601;Etude libre en recherche: institution québécoise post. dipl. cycle 1;20152;été 2015;2
BR;1;3601;Etude libre en recherche: institution québécoise post. dipl. cycle 1;20161;hiver 2016;3
BR;1;3601;Etude libre en recherche: institution québécoise post. dipl. cycle 1;20162;été 2016;3
BR;1;3601;Etude libre en recherche: institution québécoise post. dipl. cycle 1;20163;automne 2016;3
BR;1;3601;Etude libre en recherche: institution québécoise post. dipl. cycle 1;20171;hiver 2017;4
BR;1;3601;Etude libre en recherche: institution québécoise post. dipl. cycle 1;20172;été 2017;4
BR;1;3601;Etude libre en recherche: institution québécoise post. dipl. cycle 1;20181;hiver 2018;1
BR;1;3601;Etude libre en recherche: institution québécoise post. dipl. cycle 1;20182;été 2018;1
BR;1;3601;Etude libre en recherche: institution québécoise post. dipl. cycle 1;20192;été 2019;1
BR;1;3601;Etude libre en recherche: institution québécoise post. dipl. cycle 1;20202;été 2020;4
BR;1;3601;Etude libre en recherche: institution québécoise post. dipl. cycle 1;20211;hiver 2021;1
BR;1;3601;Etude libre en recherche: institution québécoise post. dipl. cycle 1;20212;été 2021;7
BR;1;3601;Etude libre en recherche: institution québécoise post. dipl. cycle 1;20213;automne 2021;1
BR;1;3601;Etude libre en recherche: institution québécoise post. dipl. cycle 1;20221;hiver 2022;1
BR;1;3601;Etude libre en recherche: institution québécoise post. dipl. cycle 1;20222;été 2022;6
BR;1;3601;Etude libre en recherche: institution québécoise post. dipl. cycle 1;20242;été 2024;4
BR;1;3601;Etude libre en recherche: institution québécoise post. dipl. cycle 1;20252;été 2025;4
BR;1;3601;Etude libre en recherche: institution québécoise post. dipl. cycle 1;20253;automne 2025;2
BR;1;3601;Etude libre en recherche: institution québécoise post. dipl. cycle 1;20261;hiver 2026;1
BR;1;3601;Etude libre en recherche: institution québécoise post. dipl. cycle 1;20262;été 2026;1
BR;2;3602;Stage en recherche d'une université québécoise postulant un deuxième cycle;20102;été 2010;1
BR;2;3602;Stage en recherche d'une université québécoise postulant un deuxième cycle;20103;automne 2010;1
BR;2;3602;Stage en recherche d'une université québécoise postulant un deuxième cycle;20123;automne 2012;1
BR;2;3602;Stage en recherche d'une université québécoise postulant un deuxième cycle;20141;hiver 2014;1
BR;2;3602;Stage en recherche d'une université québécoise postulant un deuxième cycle;20143;automne 2014;2
BR;2;3602;Stage en recherche d'une université québécoise postulant un deuxième cycle;20151;hiver 2015;1
BR;2;3602;Stage en recherche d'une université québécoise postulant un deuxième cycle;20153;automne 2015;1
BR;2;3602;Stage en recherche d'une université québécoise postulant un deuxième cycle;20161;hiver 2016;2
BR;2;3602;Stage en recherche d'une université québécoise postulant un deuxième cycle;20162;été 2016;2
BR;2;3602;Stage en recherche d'une université québécoise postulant un deuxième cycle;20163;automne 2016;1
BR;2;3602;Stage en recherche d'une université québécoise postulant un deuxième cycle;20171;hiver 2017;3
BR;2;3602;Stage en recherche d'une université québécoise postulant un deuxième cycle;20172;été 2017;5
BR;2;3602;Stage en recherche d'une université québécoise postulant un deuxième cycle;20173;automne 2017;1
BR;2;3602;Stage en recherche d'une université québécoise postulant un deuxième cycle;20183;automne 2018;1
BR;2;3602;Stage en recherche d'une université québécoise postulant un deuxième cycle;20191;hiver 2019;1
BR;2;3602;Stage en recherche d'une université québécoise postulant un deuxième cycle;20192;été 2019;1
BR;2;3602;Stage en recherche d'une université québécoise postulant un deuxième cycle;20201;hiver 2020;2
BR;2;3602;Stage en recherche d'une université québécoise postulant un deuxième cycle;20202;été 2020;5
BR;2;3602;Stage en recherche d'une université québécoise postulant un deuxième cycle;20203;automne 2020;2
BR;2;3602;Stage en recherche d'une université québécoise postulant un deuxième cycle;20211;hiver 2021;1
BR;2;3602;Stage en recherche d'une université québécoise postulant un deuxième cycle;20212;été 2021;3
BR;2;3602;Stage en recherche d'une université québécoise postulant un deuxième cycle;20213;automne 2021;2
BR;2;3602;Stage en recherche d'une université québécoise postulant un deuxième cycle;20221;hiver 2022;3
BR;2;3602;Stage en recherche d'une université québécoise postulant un deuxième cycle;20222;été 2022;4
BR;2;3602;Stage en recherche d'une université québécoise postulant un deuxième cycle;20223;automne 2022;4
BR;2;3602;Stage en recherche d'une université québécoise postulant un deuxième cycle;20231;hiver 2023;3
BR;2;3602;Stage en recherche d'une université québécoise postulant un deuxième cycle;20232;été 2023;2
BR;2;3602;Stage en recherche d'une université québécoise postulant un deuxième cycle;20241;hiver 2024;1
BR;2;3602;Stage en recherche d'une université québécoise postulant un deuxième cycle;20242;été 2024;1
BR;2;3602;Stage en recherche d'une université québécoise postulant un deuxième cycle;20253;automne 2025;1
BR;2;3602;Stage en recherche d'une université québécoise postulant un deuxième cycle;20261;hiver 2026;1
BR;3;3603;Étudiant libre en recherche (d'une univ.québécoise-post.dipl.cycle 3);20112;été 2011;1
BR;3;3603;Étudiant libre en recherche (d'une univ.québécoise-post.dipl.cycle 3);20113;automne 2011;1
BR;3;3603;Étudiant libre en recherche (d'une univ.québécoise-post.dipl.cycle 3);20121;hiver 2012;2
BR;3;3603;Étudiant libre en recherche (d'une univ.québécoise-post.dipl.cycle 3);20122;été 2012;3
BR;3;3603;Étudiant libre en recherche (d'une univ.québécoise-post.dipl.cycle 3);20123;automne 2012;3
BR;3;3603;Étudiant libre en recherche (d'une univ.québécoise-post.dipl.cycle 3);20131;hiver 2013;3
BR;3;3603;Étudiant libre en recherche (d'une univ.québécoise-post.dipl.cycle 3);20132;été 2013;3
BR;3;3603;Étudiant libre en recherche (d'une univ.québécoise-post.dipl.cycle 3);20133;automne 2013;6
BR;3;3603;Étudiant libre en recherche (d'une univ.québécoise-post.dipl.cycle 3);20141;hiver 2014;3
BR;3;3603;Étudiant libre en recherche (d'une univ.québécoise-post.dipl.cycle 3);20142;été 2014;7
BR;3;3603;Étudiant libre en recherche (d'une univ.québécoise-post.dipl.cycle 3);20143;automne 2014;5
BR;3;3603;Étudiant libre en recherche (d'une univ.québécoise-post.dipl.cycle 3);20152;été 2015;1
BR;3;3603;Étudiant libre en recherche (d'une univ.québécoise-post.dipl.cycle 3);20153;automne 2015;2
BR;3;3603;Étudiant libre en recherche (d'une univ.québécoise-post.dipl.cycle 3);20161;hiver 2016;3
BR;3;3603;Étudiant libre en recherche (d'une univ.québécoise-post.dipl.cycle 3);20162;été 2016;4
BR;3;3603;Étudiant libre en recherche (d'une univ.québécoise-post.dipl.cycle 3);20163;automne 2016;4
BR;3;3603;Étudiant libre en recherche (d'une univ.québécoise-post.dipl.cycle 3);20171;hiver 2017;1
BR;3;3603;Étudiant libre en recherche (d'une univ.québécoise-post.dipl.cycle 3);20172;été 2017;1
BR;3;3603;Étudiant libre en recherche (d'une univ.québécoise-post.dipl.cycle 3);20183;automne 2018;1
BR;3;3603;Étudiant libre en recherche (d'une univ.québécoise-post.dipl.cycle 3);20191;hiver 2019;1
BR;3;3603;Étudiant libre en recherche (d'une univ.québécoise-post.dipl.cycle 3);20192;été 2019;1
BR;3;3603;Étudiant libre en recherche (d'une univ.québécoise-post.dipl.cycle 3);20193;automne 2019;1
BR;3;3603;Étudiant libre en recherche (d'une univ.québécoise-post.dipl.cycle 3);20201;hiver 2020;1
BR;3;3603;Étudiant libre en recherche (d'une univ.québécoise-post.dipl.cycle 3);20202;été 2020;2
BR;3;3603;Étudiant libre en recherche (d'une univ.québécoise-post.dipl.cycle 3);20211;hiver 2021;1
BR;3;3603;Étudiant libre en recherche (d'une univ.québécoise-post.dipl.cycle 3);20222;été 2022;1
BR;3;3603;Étudiant libre en recherche (d'une univ.québécoise-post.dipl.cycle 3);20223;automne 2022;3
BR;3;3603;Étudiant libre en recherche (d'une univ.québécoise-post.dipl.cycle 3);20231;hiver 2023;3
BR;3;3603;Étudiant libre en recherche (d'une univ.québécoise-post.dipl.cycle 3);20232;été 2023;2
BR;3;3603;Étudiant libre en recherche (d'une univ.québécoise-post.dipl.cycle 3);20233;automne 2023;2
BR;3;3603;Étudiant libre en recherche (d'une univ.québécoise-post.dipl.cycle 3);20241;hiver 2024;2
BR;3;3603;Étudiant libre en recherche (d'une univ.québécoise-post.dipl.cycle 3);20242;été 2024;3
BR;3;3603;Étudiant libre en recherche (d'une univ.québécoise-post.dipl.cycle 3);20243;automne 2024;2
BR;3;3603;Étudiant libre en recherche (d'une univ.québécoise-post.dipl.cycle 3);20251;hiver 2025;2
BR;3;3603;Étudiant libre en recherche (d'une univ.québécoise-post.dipl.cycle 3);20252;été 2025;5
BR;3;3603;Étudiant libre en recherche (d'une univ.québécoise-post.dipl.cycle 3);20253;automne 2025;5
BR;3;3603;Étudiant libre en recherche (d'une univ.québécoise-post.dipl.cycle 3);20261;hiver 2026;6
BR;1;3611;Etude libre en recherche: institution non québécoise post. dipl. cycle 1;20121;hiver 2012;1
BR;1;3611;Etude libre en recherche: institution non québécoise post. dipl. cycle 1;20131;hiver 2013;3
BR;1;3611;Etude libre en recherche: institution non québécoise post. dipl. cycle 1;20133;automne 2013;1
BR;1;3611;Etude libre en recherche: institution non québécoise post. dipl. cycle 1;20141;hiver 2014;4
BR;1;3611;Etude libre en recherche: institution non québécoise post. dipl. cycle 1;20152;été 2015;1
BR;1;3611;Etude libre en recherche: institution non québécoise post. dipl. cycle 1;20163;automne 2016;1
BR;1;3611;Etude libre en recherche: institution non québécoise post. dipl. cycle 1;20181;hiver 2018;1
BR;1;3611;Etude libre en recherche: institution non québécoise post. dipl. cycle 1;20191;hiver 2019;4
BR;1;3611;Etude libre en recherche: institution non québécoise post. dipl. cycle 1;20192;été 2019;5
BR;1;3611;Etude libre en recherche: institution non québécoise post. dipl. cycle 1;20201;hiver 2020;6
BR;1;3611;Etude libre en recherche: institution non québécoise post. dipl. cycle 1;20202;été 2020;6
BR;1;3611;Etude libre en recherche: institution non québécoise post. dipl. cycle 1;20203;automne 2020;2
BR;1;3611;Etude libre en recherche: institution non québécoise post. dipl. cycle 1;20211;hiver 2021;2
BR;1;3611;Etude libre en recherche: institution non québécoise post. dipl. cycle 1;20221;hiver 2022;1
BR;1;3611;Etude libre en recherche: institution non québécoise post. dipl. cycle 1;20222;été 2022;6
BR;1;3611;Etude libre en recherche: institution non québécoise post. dipl. cycle 1;20223;automne 2022;1
BR;1;3611;Etude libre en recherche: institution non québécoise post. dipl. cycle 1;20232;été 2023;1
BR;1;3611;Etude libre en recherche: institution non québécoise post. dipl. cycle 1;20242;été 2024;3
BR;1;3611;Etude libre en recherche: institution non québécoise post. dipl. cycle 1;20251;hiver 2025;4
BR;1;3611;Etude libre en recherche: institution non québécoise post. dipl. cycle 1;20252;été 2025;14
BR;1;3611;Etude libre en recherche: institution non québécoise post. dipl. cycle 1;20253;automne 2025;3
BR;1;3611;Etude libre en recherche: institution non québécoise post. dipl. cycle 1;20261;hiver 2026;6
BR;1;3611;Etude libre en recherche: institution non québécoise post. dipl. cycle 1;20262;été 2026;3
BR;2;3612;Stage de recherche de deuxième cycle en provenance d'une université non québécoise;20073;automne 2007;1
BR;2;3612;Stage de recherche de deuxième cycle en provenance d'une université non québécoise;20102;été 2010;1
BR;2;3612;Stage de recherche de deuxième cycle en provenance d'une université non québécoise;20103;automne 2010;1
BR;2;3612;Stage de recherche de deuxième cycle en provenance d'une université non québécoise;20131;hiver 2013;2
BR;2;3612;Stage de recherche de deuxième cycle en provenance d'une université non québécoise;20141;hiver 2014;1
BR;2;3612;Stage de recherche de deuxième cycle en provenance d'une université non québécoise;20151;hiver 2015;3
BR;2;3612;Stage de recherche de deuxième cycle en provenance d'une université non québécoise;20163;automne 2016;1
BR;2;3612;Stage de recherche de deuxième cycle en provenance d'une université non québécoise;20171;hiver 2017;1
BR;2;3612;Stage de recherche de deuxième cycle en provenance d'une université non québécoise;20172;été 2017;1
BR;2;3612;Stage de recherche de deuxième cycle en provenance d'une université non québécoise;20173;automne 2017;1
BR;2;3612;Stage de recherche de deuxième cycle en provenance d'une université non québécoise;20181;hiver 2018;4
BR;2;3612;Stage de recherche de deuxième cycle en provenance d'une université non québécoise;20182;été 2018;1
BR;2;3612;Stage de recherche de deuxième cycle en provenance d'une université non québécoise;20183;automne 2018;1
BR;2;3612;Stage de recherche de deuxième cycle en provenance d'une université non québécoise;20191;hiver 2019;2
BR;2;3612;Stage de recherche de deuxième cycle en provenance d'une université non québécoise;20192;été 2019;2
BR;2;3612;Stage de recherche de deuxième cycle en provenance d'une université non québécoise;20193;automne 2019;2
BR;2;3612;Stage de recherche de deuxième cycle en provenance d'une université non québécoise;20201;hiver 2020;4
BR;2;3612;Stage de recherche de deuxième cycle en provenance d'une université non québécoise;20202;été 2020;3
BR;2;3612;Stage de recherche de deuxième cycle en provenance d'une université non québécoise;20203;automne 2020;1
BR;2;3612;Stage de recherche de deuxième cycle en provenance d'une université non québécoise;20211;hiver 2021;3
BR;2;3612;Stage de recherche de deuxième cycle en provenance d'une université non québécoise;20212;été 2021;4
BR;2;3612;Stage de recherche de deuxième cycle en provenance d'une université non québécoise;20213;automne 2021;2
BR;2;3612;Stage de recherche de deuxième cycle en provenance d'une université non québécoise;20221;hiver 2022;2
BR;2;3612;Stage de recherche de deuxième cycle en provenance d'une université non québécoise;20222;été 2022;2
BR;2;3612;Stage de recherche de deuxième cycle en provenance d'une université non québécoise;20241;hiver 2024;1
BR;2;3612;Stage de recherche de deuxième cycle en provenance d'une université non québécoise;20242;été 2024;4
BR;2;3612;Stage de recherche de deuxième cycle en provenance d'une université non québécoise;20243;automne 2024;1
BR;2;3612;Stage de recherche de deuxième cycle en provenance d'une université non québécoise;20251;hiver 2025;2
BR;2;3612;Stage de recherche de deuxième cycle en provenance d'une université non québécoise;20252;été 2025;8
BR;2;3612;Stage de recherche de deuxième cycle en provenance d'une université non québécoise;20253;automne 2025;7
BR;2;3612;Stage de recherche de deuxième cycle en provenance d'une université non québécoise;20261;hiver 2026;11
BR;2;3612;Stage de recherche de deuxième cycle en provenance d'une université non québécoise;20262;été 2026;4
BR;3;3613;Stage de recherche de troisième cycle en provenance d'une université non québécoise;20102;été 2010;1
BR;3;3613;Stage de recherche de troisième cycle en provenance d'une université non québécoise;20111;hiver 2011;1
BR;3;3613;Stage de recherche de troisième cycle en provenance d'une université non québécoise;20121;hiver 2012;2
BR;3;3613;Stage de recherche de troisième cycle en provenance d'une université non québécoise;20122;été 2012;1
BR;3;3613;Stage de recherche de troisième cycle en provenance d'une université non québécoise;20131;hiver 2013;3
BR;3;3613;Stage de recherche de troisième cycle en provenance d'une université non québécoise;20132;été 2013;2
BR;3;3613;Stage de recherche de troisième cycle en provenance d'une université non québécoise;20133;automne 2013;1
BR;3;3613;Stage de recherche de troisième cycle en provenance d'une université non québécoise;20141;hiver 2014;1
BR;3;3613;Stage de recherche de troisième cycle en provenance d'une université non québécoise;20142;été 2014;1
BR;3;3613;Stage de recherche de troisième cycle en provenance d'une université non québécoise;20151;hiver 2015;2
BR;3;3613;Stage de recherche de troisième cycle en provenance d'une université non québécoise;20152;été 2015;1
BR;3;3613;Stage de recherche de troisième cycle en provenance d'une université non québécoise;20153;automne 2015;2
BR;3;3613;Stage de recherche de troisième cycle en provenance d'une université non québécoise;20161;hiver 2016;1
BR;3;3613;Stage de recherche de troisième cycle en provenance d'une université non québécoise;20162;été 2016;1
BR;3;3613;Stage de recherche de troisième cycle en provenance d'une université non québécoise;20163;automne 2016;2
BR;3;3613;Stage de recherche de troisième cycle en provenance d'une université non québécoise;20171;hiver 2017;1
BR;3;3613;Stage de recherche de troisième cycle en provenance d'une université non québécoise;20172;été 2017;2
BR;3;3613;Stage de recherche de troisième cycle en provenance d'une université non québécoise;20173;automne 2017;2
BR;3;3613;Stage de recherche de troisième cycle en provenance d'une université non québécoise;20193;automne 2019;4
BR;3;3613;Stage de recherche de troisième cycle en provenance d'une université non québécoise;20201;hiver 2020;1
BR;3;3613;Stage de recherche de troisième cycle en provenance d'une université non québécoise;20203;automne 2020;1
BR;3;3613;Stage de recherche de troisième cycle en provenance d'une université non québécoise;20211;hiver 2021;1
BR;3;3613;Stage de recherche de troisième cycle en provenance d'une université non québécoise;20213;automne 2021;1
BR;3;3613;Stage de recherche de troisième cycle en provenance d'une université non québécoise;20222;été 2022;3
BR;3;3613;Stage de recherche de troisième cycle en provenance d'une université non québécoise;20223;automne 2022;3
BR;3;3613;Stage de recherche de troisième cycle en provenance d'une université non québécoise;20232;été 2023;2
BR;3;3613;Stage de recherche de troisième cycle en provenance d'une université non québécoise;20233;automne 2023;3
BR;3;3613;Stage de recherche de troisième cycle en provenance d'une université non québécoise;20241;hiver 2024;2
BR;3;3613;Stage de recherche de troisième cycle en provenance d'une université non québécoise;20242;été 2024;3
BR;3;3613;Stage de recherche de troisième cycle en provenance d'une université non québécoise;20243;automne 2024;4
BR;3;3613;Stage de recherche de troisième cycle en provenance d'une université non québécoise;20252;été 2025;1
BR;3;3613;Stage de recherche de troisième cycle en provenance d'une université non québécoise;20253;automne 2025;3
BR;3;3613;Stage de recherche de troisième cycle en provenance d'une université non québécoise;20261;hiver 2026;4
BR;3;3613;Stage de recherche de troisième cycle en provenance d'une université non québécoise;20262;été 2026;3
ED;2;3707;Diplôme d'études supérieures spécialisées en formation à distance;19761;hiver 1976;3
ED;2;3707;Diplôme d'études supérieures spécialisées en formation à distance;19773;automne 1977;3
ED;2;3707;Diplôme d'études supérieures spécialisées en formation à distance;19781;hiver 1978;2
ED;2;3707;Diplôme d'études supérieures spécialisées en formation à distance;19783;automne 1978;1
ED;2;3707;Diplôme d'études supérieures spécialisées en formation à distance;19792;été 1979;1
ED;2;3707;Diplôme d'études supérieures spécialisées en formation à distance;19793;automne 1979;1
ED;2;3707;Diplôme d'études supérieures spécialisées en formation à distance;19801;hiver 1980;2
ED;2;3707;Diplôme d'études supérieures spécialisées en formation à distance;19802;été 1980;4
ED;2;3707;Diplôme d'études supérieures spécialisées en formation à distance;19803;automne 1980;1
ED;2;3707;Diplôme d'études supérieures spécialisées en formation à distance;19812;été 1981;2
ED;2;3707;Diplôme d'études supérieures spécialisées en formation à distance;19813;automne 1981;2
ED;2;3707;Diplôme d'études supérieures spécialisées en formation à distance;19821;hiver 1982;3
ED;2;3707;Diplôme d'études supérieures spécialisées en formation à distance;19822;été 1982;1
ED;2;3707;Diplôme d'études supérieures spécialisées en formation à distance;19823;automne 1982;2
ED;2;3707;Diplôme d'études supérieures spécialisées en formation à distance;19831;hiver 1983;2
ED;2;3707;Diplôme d'études supérieures spécialisées en formation à distance;19832;été 1983;1
ED;2;3707;Diplôme d'études supérieures spécialisées en formation à distance;19833;automne 1983;2
ED;2;3707;Diplôme d'études supérieures spécialisées en formation à distance;19841;hiver 1984;3
ED;2;3707;Diplôme d'études supérieures spécialisées en formation à distance;19911;hiver 1991;30
ED;2;3707;Diplôme d'études supérieures spécialisées en formation à distance;19912;été 1991;5
ED;2;3707;Diplôme d'études supérieures spécialisées en formation à distance;19913;automne 1991;61
ED;2;3707;Diplôme d'études supérieures spécialisées en formation à distance;19921;hiver 1992;30
ED;2;3707;Diplôme d'études supérieures spécialisées en formation à distance;19922;été 1992;7
ED;2;3707;Diplôme d'études supérieures spécialisées en formation à distance;19923;automne 1992;67
ED;2;3707;Diplôme d'études supérieures spécialisées en formation à distance;19931;hiver 1993;39
ED;2;3707;Diplôme d'études supérieures spécialisées en formation à distance;19932;été 1993;21
ED;2;3707;Diplôme d'études supérieures spécialisées en formation à distance;19933;automne 1993;82
ED;2;3707;Diplôme d'études supérieures spécialisées en formation à distance;19941;hiver 1994;64
ED;2;3707;Diplôme d'études supérieures spécialisées en formation à distance;19942;été 1994;22
ED;2;3707;Diplôme d'études supérieures spécialisées en formation à distance;19943;automne 1994;75
ED;2;3707;Diplôme d'études supérieures spécialisées en formation à distance;19951;hiver 1995;84
ED;2;3707;Diplôme d'études supérieures spécialisées en formation à distance;19952;été 1995;17
ED;2;3707;Diplôme d'études supérieures spécialisées en formation à distance;19953;automne 1995;73
ED;2;3707;Diplôme d'études supérieures spécialisées en formation à distance;19961;hiver 1996;76
ED;2;3707;Diplôme d'études supérieures spécialisées en formation à distance;19962;été 1996;34
ED;2;3707;Diplôme d'études supérieures spécialisées en formation à distance;19963;automne 1996;74
ED;2;3707;Diplôme d'études supérieures spécialisées en formation à distance;19971;hiver 1997;78
ED;2;3707;Diplôme d'études supérieures spécialisées en formation à distance;19972;été 1997;34
ED;2;3707;Diplôme d'études supérieures spécialisées en formation à distance;19973;automne 1997;63
ED;2;3707;Diplôme d'études supérieures spécialisées en formation à distance;19981;hiver 1998;49
ED;2;3707;Diplôme d'études supérieures spécialisées en formation à distance;19982;été 1998;31
ED;2;3707;Diplôme d'études supérieures spécialisées en formation à distance;19983;automne 1998;51
ED;2;3707;Diplôme d'études supérieures spécialisées en formation à distance;19991;hiver 1999;28
ED;2;3707;Diplôme d'études supérieures spécialisées en formation à distance;19992;été 1999;19
ED;2;3707;Diplôme d'études supérieures spécialisées en formation à distance;19993;automne 1999;75
ED;2;3707;Diplôme d'études supérieures spécialisées en formation à distance;20001;hiver 2000;42
ED;2;3707;Diplôme d'études supérieures spécialisées en formation à distance;20002;été 2000;15
ED;2;3707;Diplôme d'études supérieures spécialisées en formation à distance;20003;automne 2000;21
ED;2;3707;Diplôme d'études supérieures spécialisées en formation à distance;20011;hiver 2001;24
ED;2;3707;Diplôme d'études supérieures spécialisées en formation à distance;20012;été 2001;10
ED;2;3707;Diplôme d'études supérieures spécialisées en formation à distance;20013;automne 2001;23
ED;2;3707;Diplôme d'études supérieures spécialisées en formation à distance;20021;hiver 2002;21
ED;2;3707;Diplôme d'études supérieures spécialisées en formation à distance;20022;été 2002;7
ED;2;3707;Diplôme d'études supérieures spécialisées en formation à distance;20023;automne 2002;17
ED;2;3707;Diplôme d'études supérieures spécialisées en formation à distance;20031;hiver 2003;5
ED;2;3707;Diplôme d'études supérieures spécialisées en formation à distance;20032;été 2003;14
ED;2;3707;Diplôme d'études supérieures spécialisées en formation à distance;20033;automne 2003;18
ED;2;3707;Diplôme d'études supérieures spécialisées en formation à distance;20041;hiver 2004;26
ED;2;3707;Diplôme d'études supérieures spécialisées en formation à distance;20042;été 2004;10
ED;2;3707;Diplôme d'études supérieures spécialisées en formation à distance;20043;automne 2004;19
ED;2;3707;Diplôme d'études supérieures spécialisées en formation à distance;20051;hiver 2005;21
ED;2;3707;Diplôme d'études supérieures spécialisées en formation à distance;20052;été 2005;12
ED;2;3707;Diplôme d'études supérieures spécialisées en formation à distance;20053;automne 2005;13
ED;2;3707;Diplôme d'études supérieures spécialisées en formation à distance;20061;hiver 2006;18
ED;2;3707;Diplôme d'études supérieures spécialisées en formation à distance;20062;été 2006;8
ED;2;3707;Diplôme d'études supérieures spécialisées en formation à distance;20063;automne 2006;17
ED;2;3707;Diplôme d'études supérieures spécialisées en formation à distance;20071;hiver 2007;18
ED;2;3707;Diplôme d'études supérieures spécialisées en formation à distance;20072;été 2007;8
ED;2;3707;Diplôme d'études supérieures spécialisées en formation à distance;20073;automne 2007;18
ED;2;3707;Diplôme d'études supérieures spécialisées en formation à distance;20081;hiver 2008;15
ED;2;3707;Diplôme d'études supérieures spécialisées en formation à distance;20082;été 2008;6
ED;2;3707;Diplôme d'études supérieures spécialisées en formation à distance;20083;automne 2008;8
ED;2;3707;Diplôme d'études supérieures spécialisées en formation à distance;20091;hiver 2009;17
ED;2;3707;Diplôme d'études supérieures spécialisées en formation à distance;20092;été 2009;11
ED;2;3707;Diplôme d'études supérieures spécialisées en formation à distance;20093;automne 2009;12
ED;2;3707;Diplôme d'études supérieures spécialisées en formation à distance;20101;hiver 2010;22
ED;2;3707;Diplôme d'études supérieures spécialisées en formation à distance;20102;été 2010;17
ED;2;3707;Diplôme d'études supérieures spécialisées en formation à distance;20103;automne 2010;13
ED;2;3707;Diplôme d'études supérieures spécialisées en formation à distance;20111;hiver 2011;13
ED;2;3707;Diplôme d'études supérieures spécialisées en formation à distance;20112;été 2011;14
ED;2;3707;Diplôme d'études supérieures spécialisées en formation à distance;20113;automne 2011;20
ED;2;3707;Diplôme d'études supérieures spécialisées en formation à distance;20121;hiver 2012;8
ED;2;3707;Diplôme d'études supérieures spécialisées en formation à distance;20122;été 2012;15
ED;2;3707;Diplôme d'études supérieures spécialisées en formation à distance;20123;automne 2012;18
ED;2;3707;Diplôme d'études supérieures spécialisées en formation à distance;20131;hiver 2013;19
ED;2;3707;Diplôme d'études supérieures spécialisées en formation à distance;20132;été 2013;14
ED;2;3707;Diplôme d'études supérieures spécialisées en formation à distance;20133;automne 2013;28
ED;2;3707;Diplôme d'études supérieures spécialisées en formation à distance;20141;hiver 2014;14
ED;2;3707;Diplôme d'études supérieures spécialisées en formation à distance;20142;été 2014;10
ED;2;3707;Diplôme d'études supérieures spécialisées en formation à distance;20143;automne 2014;14
ED;2;3707;Diplôme d'études supérieures spécialisées en formation à distance;20151;hiver 2015;10
ED;2;3707;Diplôme d'études supérieures spécialisées en formation à distance;20152;été 2015;11
ED;2;3707;Diplôme d'études supérieures spécialisées en formation à distance;20153;automne 2015;18
ED;2;3707;Diplôme d'études supérieures spécialisées en formation à distance;20161;hiver 2016;12
ED;2;3707;Diplôme d'études supérieures spécialisées en formation à distance;20162;été 2016;2
ED;2;3707;Diplôme d'études supérieures spécialisées en formation à distance;20163;automne 2016;16
ED;2;3707;Diplôme d'études supérieures spécialisées en formation à distance;20171;hiver 2017;15
ED;2;3707;Diplôme d'études supérieures spécialisées en formation à distance;20172;été 2017;4
ED;2;3707;Diplôme d'études supérieures spécialisées en formation à distance;20173;automne 2017;13
ED;2;3707;Diplôme d'études supérieures spécialisées en formation à distance;20181;hiver 2018;15
ED;2;3707;Diplôme d'études supérieures spécialisées en formation à distance;20182;été 2018;11
ED;2;3707;Diplôme d'études supérieures spécialisées en formation à distance;20183;automne 2018;20
ED;2;3707;Diplôme d'études supérieures spécialisées en formation à distance;20191;hiver 2019;18
ED;2;3707;Diplôme d'études supérieures spécialisées en formation à distance;20192;été 2019;5
ED;2;3707;Diplôme d'études supérieures spécialisées en formation à distance;20193;automne 2019;16
ED;2;3707;Diplôme d'études supérieures spécialisées en formation à distance;20201;hiver 2020;12
ED;2;3707;Diplôme d'études supérieures spécialisées en formation à distance;20202;été 2020;5
ED;2;3707;Diplôme d'études supérieures spécialisées en formation à distance;20203;automne 2020;26
ED;2;3707;Diplôme d'études supérieures spécialisées en formation à distance;20211;hiver 2021;21
ED;2;3707;Diplôme d'études supérieures spécialisées en formation à distance;20212;été 2021;8
ED;2;3707;Diplôme d'études supérieures spécialisées en formation à distance;20213;automne 2021;16
ED;2;3707;Diplôme d'études supérieures spécialisées en formation à distance;20221;hiver 2022;15
ED;2;3707;Diplôme d'études supérieures spécialisées en formation à distance;20223;automne 2022;6
ED;2;3707;Diplôme d'études supérieures spécialisées en formation à distance;20231;hiver 2023;12
ED;2;3707;Diplôme d'études supérieures spécialisées en formation à distance;20233;automne 2023;7
ED;2;3707;Diplôme d'études supérieures spécialisées en formation à distance;20241;hiver 2024;9
ED;2;3707;Diplôme d'études supérieures spécialisées en formation à distance;20242;été 2024;7
ED;2;3707;Diplôme d'études supérieures spécialisées en formation à distance;20243;automne 2024;8
ED;2;3707;Diplôme d'études supérieures spécialisées en formation à distance;20251;hiver 2025;7
ED;2;3707;Diplôme d'études supérieures spécialisées en formation à distance;20252;été 2025;3
ED;2;3707;Diplôme d'études supérieures spécialisées en formation à distance;20253;automne 2025;4
ED;2;3707;Diplôme d'études supérieures spécialisées en formation à distance;20261;hiver 2026;5
ED;2;3751;Diplôme d'études supérieures spécialisées en technologies de l'information et environnements d'apprentissage;19811;hiver 1981;1
ED;2;3751;Diplôme d'études supérieures spécialisées en technologies de l'information et environnements d'apprentissage;19813;automne 1981;1
ED;2;3751;Diplôme d'études supérieures spécialisées en technologies de l'information et environnements d'apprentissage;20001;hiver 2000;3
ED;2;3751;Diplôme d'études supérieures spécialisées en technologies de l'information et environnements d'apprentissage;20002;été 2000;10
ED;2;3751;Diplôme d'études supérieures spécialisées en technologies de l'information et environnements d'apprentissage;20003;automne 2000;10
ED;2;3751;Diplôme d'études supérieures spécialisées en technologies de l'information et environnements d'apprentissage;20011;hiver 2001;7
ED;2;3751;Diplôme d'études supérieures spécialisées en technologies de l'information et environnements d'apprentissage;20012;été 2001;10
ED;2;3751;Diplôme d'études supérieures spécialisées en technologies de l'information et environnements d'apprentissage;20013;automne 2001;13
ED;2;3751;Diplôme d'études supérieures spécialisées en technologies de l'information et environnements d'apprentissage;20021;hiver 2002;22
ED;2;3751;Diplôme d'études supérieures spécialisées en technologies de l'information et environnements d'apprentissage;20022;été 2002;14
ED;2;3751;Diplôme d'études supérieures spécialisées en technologies de l'information et environnements d'apprentissage;20023;automne 2002;35
ED;2;3751;Diplôme d'études supérieures spécialisées en technologies de l'information et environnements d'apprentissage;20031;hiver 2003;29
ED;2;3751;Diplôme d'études supérieures spécialisées en technologies de l'information et environnements d'apprentissage;20032;été 2003;22
ED;2;3751;Diplôme d'études supérieures spécialisées en technologies de l'information et environnements d'apprentissage;20033;automne 2003;41
ED;2;3751;Diplôme d'études supérieures spécialisées en technologies de l'information et environnements d'apprentissage;20041;hiver 2004;30
ED;2;3751;Diplôme d'études supérieures spécialisées en technologies de l'information et environnements d'apprentissage;20042;été 2004;11
ED;2;3751;Diplôme d'études supérieures spécialisées en technologies de l'information et environnements d'apprentissage;20043;automne 2004;26
ED;2;3751;Diplôme d'études supérieures spécialisées en technologies de l'information et environnements d'apprentissage;20051;hiver 2005;15
ED;2;3751;Diplôme d'études supérieures spécialisées en technologies de l'information et environnements d'apprentissage;20052;été 2005;19
ED;2;3751;Diplôme d'études supérieures spécialisées en technologies de l'information et environnements d'apprentissage;20053;automne 2005;16
ED;2;3751;Diplôme d'études supérieures spécialisées en technologies de l'information et environnements d'apprentissage;20061;hiver 2006;32
ED;2;3751;Diplôme d'études supérieures spécialisées en technologies de l'information et environnements d'apprentissage;20062;été 2006;14
ED;2;3751;Diplôme d'études supérieures spécialisées en technologies de l'information et environnements d'apprentissage;20063;automne 2006;23
ED;2;3751;Diplôme d'études supérieures spécialisées en technologies de l'information et environnements d'apprentissage;20071;hiver 2007;26
ED;2;3751;Diplôme d'études supérieures spécialisées en technologies de l'information et environnements d'apprentissage;20072;été 2007;16
ED;2;3751;Diplôme d'études supérieures spécialisées en technologies de l'information et environnements d'apprentissage;20073;automne 2007;30
ED;2;3751;Diplôme d'études supérieures spécialisées en technologies de l'information et environnements d'apprentissage;20081;hiver 2008;27
ED;2;3751;Diplôme d'études supérieures spécialisées en technologies de l'information et environnements d'apprentissage;20082;été 2008;16
ED;2;3751;Diplôme d'études supérieures spécialisées en technologies de l'information et environnements d'apprentissage;20083;automne 2008;23
ED;2;3751;Diplôme d'études supérieures spécialisées en technologies de l'information et environnements d'apprentissage;20091;hiver 2009;25
ED;2;3751;Diplôme d'études supérieures spécialisées en technologies de l'information et environnements d'apprentissage;20092;été 2009;15
ED;2;3751;Diplôme d'études supérieures spécialisées en technologies de l'information et environnements d'apprentissage;20093;automne 2009;28
ED;2;3751;Diplôme d'études supérieures spécialisées en technologies de l'information et environnements d'apprentissage;20101;hiver 2010;24
ED;2;3751;Diplôme d'études supérieures spécialisées en technologies de l'information et environnements d'apprentissage;20102;été 2010;18
ED;2;3751;Diplôme d'études supérieures spécialisées en technologies de l'information et environnements d'apprentissage;20103;automne 2010;23
ED;2;3751;Diplôme d'études supérieures spécialisées en technologies de l'information et environnements d'apprentissage;20111;hiver 2011;3
ED;2;3751;Diplôme d'études supérieures spécialisées en technologies de l'information et environnements d'apprentissage;20113;automne 2011;1
ESA;2;3816;Diplôme d'études supérieures spécialisées en finance d'entreprise;19801;hiver 1980;1
ESA;2;3816;Diplôme d'études supérieures spécialisées en finance d'entreprise;19832;été 1983;2
ESA;2;3816;Diplôme d'études supérieures spécialisées en finance d'entreprise;19971;hiver 1997;19
ESA;2;3816;Diplôme d'études supérieures spécialisées en finance d'entreprise;19972;été 1997;96
ESA;2;3816;Diplôme d'études supérieures spécialisées en finance d'entreprise;19973;automne 1997;32
ESA;2;3816;Diplôme d'études supérieures spécialisées en finance d'entreprise;19981;hiver 1998;46
ESA;2;3816;Diplôme d'études supérieures spécialisées en finance d'entreprise;19982;été 1998;92
ESA;2;3816;Diplôme d'études supérieures spécialisées en finance d'entreprise;19991;hiver 1999;85
ESA;2;3816;Diplôme d'études supérieures spécialisées en finance d'entreprise;19992;été 1999;16
ESA;2;3816;Diplôme d'études supérieures spécialisées en finance d'entreprise;19993;automne 1999;68
ESA;2;3816;Diplôme d'études supérieures spécialisées en finance d'entreprise;20001;hiver 2000;114
ESA;2;3816;Diplôme d'études supérieures spécialisées en finance d'entreprise;20002;été 2000;32
ESA;2;3816;Diplôme d'études supérieures spécialisées en finance d'entreprise;20003;automne 2000;85
ESA;2;3816;Diplôme d'études supérieures spécialisées en finance d'entreprise;20011;hiver 2001;77
ESA;2;3816;Diplôme d'études supérieures spécialisées en finance d'entreprise;20012;été 2001;31
ESA;2;3816;Diplôme d'études supérieures spécialisées en finance d'entreprise;20013;automne 2001;65
ESA;2;3816;Diplôme d'études supérieures spécialisées en finance d'entreprise;20021;hiver 2002;93
ESA;2;3816;Diplôme d'études supérieures spécialisées en finance d'entreprise;20022;été 2002;28
ESA;2;3816;Diplôme d'études supérieures spécialisées en finance d'entreprise;20023;automne 2002;56
ESA;2;3816;Diplôme d'études supérieures spécialisées en finance d'entreprise;20031;hiver 2003;31
ESA;2;3816;Diplôme d'études supérieures spécialisées en finance d'entreprise;20032;été 2003;15
ESA;2;3816;Diplôme d'études supérieures spécialisées en finance d'entreprise;20033;automne 2003;16
ESA;2;3816;Diplôme d'études supérieures spécialisées en finance d'entreprise;20041;hiver 2004;12
ESA;2;3816;Diplôme d'études supérieures spécialisées en finance d'entreprise;20042;été 2004;6
ESA;2;3816;Diplôme d'études supérieures spécialisées en finance d'entreprise;20043;automne 2004;11
ESA;2;3816;Diplôme d'études supérieures spécialisées en finance d'entreprise;20051;hiver 2005;6
ESA;2;3816;Diplôme d'études supérieures spécialisées en finance d'entreprise;20052;été 2005;1
ESA;2;3816;Diplôme d'études supérieures spécialisées en finance d'entreprise;20053;automne 2005;3
ESA;2;3816;Diplôme d'études supérieures spécialisées en finance d'entreprise;20061;hiver 2006;5
ESA;2;3816;Diplôme d'études supérieures spécialisées en finance d'entreprise;20063;automne 2006;2
ESA;2;3816;Diplôme d'études supérieures spécialisées en finance d'entreprise;20071;hiver 2007;1
ESA;2;3816;Diplôme d'études supérieures spécialisées en finance d'entreprise;20073;automne 2007;2
ST;2;3840;Diplôme d'études supérieures spécialisées en technologie de l'information;19811;hiver 1981;1
ST;2;3840;Diplôme d'études supérieures spécialisées en technologie de l'information;19821;hiver 1982;1
ST;2;3840;Diplôme d'études supérieures spécialisées en technologie de l'information;19832;été 1983;1
ST;2;3840;Diplôme d'études supérieures spécialisées en technologie de l'information;20002;été 2000;1
ST;2;3840;Diplôme d'études supérieures spécialisées en technologie de l'information;20061;hiver 2006;1
ESA;1;4013;Certificat en économie;20183;automne 2018;7
ESA;1;4013;Certificat en économie;20191;hiver 2019;33
ESA;1;4013;Certificat en économie;20192;été 2019;19
ESA;1;4013;Certificat en économie;20193;automne 2019;37
ESA;1;4013;Certificat en économie;20201;hiver 2020;42
ESA;1;4013;Certificat en économie;20202;été 2020;42
ESA;1;4013;Certificat en économie;20203;automne 2020;55
ESA;1;4013;Certificat en économie;20211;hiver 2021;73
ESA;1;4013;Certificat en économie;20212;été 2021;38
ESA;1;4013;Certificat en économie;20213;automne 2021;44
ESA;1;4013;Certificat en économie;20221;hiver 2022;55
ESA;1;4013;Certificat en économie;20222;été 2022;38
ESA;1;4013;Certificat en économie;20223;automne 2022;63
ESA;1;4013;Certificat en économie;20231;hiver 2023;62
ESA;1;4013;Certificat en économie;20232;été 2023;30
ESA;1;4013;Certificat en économie;20233;automne 2023;53
ESA;1;4013;Certificat en économie;20241;hiver 2024;53
ESA;1;4013;Certificat en économie;20242;été 2024;54
ESA;1;4013;Certificat en économie;20243;automne 2024;65
ESA;1;4013;Certificat en économie;20251;hiver 2025;64
ESA;1;4013;Certificat en économie;20252;été 2025;41
ESA;1;4013;Certificat en économie;20253;automne 2025;77
ESA;1;4013;Certificat en économie;20261;hiver 2026;62
ESA;1;4013;Certificat en économie;20262;été 2026;37
SHLC;1;4039;Certificat en relations publiques;20152;été 2015;13
SHLC;1;4039;Certificat en relations publiques;20153;automne 2015;68
SHLC;1;4039;Certificat en relations publiques;20161;hiver 2016;107
SHLC;1;4039;Certificat en relations publiques;20162;été 2016;63
SHLC;1;4039;Certificat en relations publiques;20163;automne 2016;104
SHLC;1;4039;Certificat en relations publiques;20171;hiver 2017;126
SHLC;1;4039;Certificat en relations publiques;20172;été 2017;72
SHLC;1;4039;Certificat en relations publiques;20173;automne 2017;87
SHLC;1;4039;Certificat en relations publiques;20181;hiver 2018;114
SHLC;1;4039;Certificat en relations publiques;20182;été 2018;84
SHLC;1;4039;Certificat en relations publiques;20183;automne 2018;84
SHLC;1;4039;Certificat en relations publiques;20191;hiver 2019;115
SHLC;1;4039;Certificat en relations publiques;20192;été 2019;72
SHLC;1;4039;Certificat en relations publiques;20193;automne 2019;125
SHLC;1;4039;Certificat en relations publiques;20201;hiver 2020;141
SHLC;1;4039;Certificat en relations publiques;20202;été 2020;128
SHLC;1;4039;Certificat en relations publiques;20203;automne 2020;139
SHLC;1;4039;Certificat en relations publiques;20211;hiver 2021;145
SHLC;1;4039;Certificat en relations publiques;20212;été 2021;89
SHLC;1;4039;Certificat en relations publiques;20213;automne 2021;133
SHLC;1;4039;Certificat en relations publiques;20221;hiver 2022;123
SHLC;1;4039;Certificat en relations publiques;20222;été 2022;70
SHLC;1;4039;Certificat en relations publiques;20223;automne 2022;107
SHLC;1;4039;Certificat en relations publiques;20231;hiver 2023;96
SHLC;1;4039;Certificat en relations publiques;20232;été 2023;57
SHLC;1;4039;Certificat en relations publiques;20233;automne 2023;147
SHLC;1;4039;Certificat en relations publiques;20241;hiver 2024;129
SHLC;1;4039;Certificat en relations publiques;20242;été 2024;90
SHLC;1;4039;Certificat en relations publiques;20243;automne 2024;126
SHLC;1;4039;Certificat en relations publiques;20251;hiver 2025;124
SHLC;1;4039;Certificat en relations publiques;20252;été 2025;60
SHLC;1;4039;Certificat en relations publiques;20253;automne 2025;105
SHLC;1;4039;Certificat en relations publiques;20261;hiver 2026;114
SHLC;1;4039;Certificat en relations publiques;20262;été 2026;55
ED;2;4062;Diplôme d'études supérieures spécialisées en enseignement de l'univers social au secondaire;20251;hiver 2025;19
ED;2;4062;Diplôme d'études supérieures spécialisées en enseignement de l'univers social au secondaire;20252;été 2025;11
ED;2;4062;Diplôme d'études supérieures spécialisées en enseignement de l'univers social au secondaire;20253;automne 2025;33
ED;2;4062;Diplôme d'études supérieures spécialisées en enseignement de l'univers social au secondaire;20261;hiver 2026;49
ED;2;4062;Diplôme d'études supérieures spécialisées en enseignement de l'univers social au secondaire;20262;été 2026;37
SHLC;1;4076;Certificat en études internationales;20161;hiver 2016;24
SHLC;1;4076;Certificat en études internationales;20162;été 2016;27
SHLC;1;4076;Certificat en études internationales;20163;automne 2016;64
SHLC;1;4076;Certificat en études internationales;20171;hiver 2017;51
SHLC;1;4076;Certificat en études internationales;20172;été 2017;47
SHLC;1;4076;Certificat en études internationales;20173;automne 2017;65
SHLC;1;4076;Certificat en études internationales;20181;hiver 2018;65
SHLC;1;4076;Certificat en études internationales;20182;été 2018;40
SHLC;1;4076;Certificat en études internationales;20183;automne 2018;53
SHLC;1;4076;Certificat en études internationales;20191;hiver 2019;58
SHLC;1;4076;Certificat en études internationales;20192;été 2019;26
SHLC;1;4076;Certificat en études internationales;20193;automne 2019;57
SHLC;1;4076;Certificat en études internationales;20201;hiver 2020;70
SHLC;1;4076;Certificat en études internationales;20202;été 2020;52
SHLC;1;4076;Certificat en études internationales;20203;automne 2020;71
SHLC;1;4076;Certificat en études internationales;20211;hiver 2021;84
SHLC;1;4076;Certificat en études internationales;20212;été 2021;46
SHLC;1;4076;Certificat en études internationales;20213;automne 2021;73
SHLC;1;4076;Certificat en études internationales;20221;hiver 2022;80
SHLC;1;4076;Certificat en études internationales;20222;été 2022;31
SHLC;1;4076;Certificat en études internationales;20223;automne 2022;37
SHLC;1;4076;Certificat en études internationales;20231;hiver 2023;57
SHLC;1;4076;Certificat en études internationales;20232;été 2023;36
SHLC;1;4076;Certificat en études internationales;20233;automne 2023;72
SHLC;1;4076;Certificat en études internationales;20241;hiver 2024;99
SHLC;1;4076;Certificat en études internationales;20242;été 2024;72
SHLC;1;4076;Certificat en études internationales;20243;automne 2024;86
SHLC;1;4076;Certificat en études internationales;20251;hiver 2025;90
SHLC;1;4076;Certificat en études internationales;20252;été 2025;41
SHLC;1;4076;Certificat en études internationales;20253;automne 2025;88
SHLC;1;4076;Certificat en études internationales;20261;hiver 2026;70
SHLC;1;4076;Certificat en études internationales;20262;été 2026;62
ESA;1;4084;Certificat en management;20163;automne 2016;107
ESA;1;4084;Certificat en management;20171;hiver 2017;233
ESA;1;4084;Certificat en management;20172;été 2017;143
ESA;1;4084;Certificat en management;20173;automne 2017;245
ESA;1;4084;Certificat en management;20181;hiver 2018;260
ESA;1;4084;Certificat en management;20182;été 2018;217
ESA;1;4084;Certificat en management;20183;automne 2018;336
ESA;1;4084;Certificat en management;20191;hiver 2019;290
ESA;1;4084;Certificat en management;20192;été 2019;165
ESA;1;4084;Certificat en management;20193;automne 2019;325
ESA;1;4084;Certificat en management;20201;hiver 2020;320
ESA;1;4084;Certificat en management;20202;été 2020;283
ESA;1;4084;Certificat en management;20203;automne 2020;354
ESA;1;4084;Certificat en management;20211;hiver 2021;417
ESA;1;4084;Certificat en management;20212;été 2021;263
ESA;1;4084;Certificat en management;20213;automne 2021;317
ESA;1;4084;Certificat en management;20221;hiver 2022;356
ESA;1;4084;Certificat en management;20222;été 2022;220
ESA;1;4084;Certificat en management;20223;automne 2022;321
ESA;1;4084;Certificat en management;20231;hiver 2023;392
ESA;1;4084;Certificat en management;20232;été 2023;250
ESA;1;4084;Certificat en management;20233;automne 2023;392
ESA;1;4084;Certificat en management;20241;hiver 2024;439
ESA;1;4084;Certificat en management;20242;été 2024;301
ESA;1;4084;Certificat en management;20243;automne 2024;509
ESA;1;4084;Certificat en management;20251;hiver 2025;500
ESA;1;4084;Certificat en management;20252;été 2025;336
ESA;1;4084;Certificat en management;20253;automne 2025;454
ESA;1;4084;Certificat en management;20261;hiver 2026;431
ESA;1;4084;Certificat en management;20262;été 2026;233
ESA;1;4089;Certificat en compétences entrepreneuriales et gestion des PME/PMO;20171;hiver 2017;32
ESA;1;4089;Certificat en compétences entrepreneuriales et gestion des PME/PMO;20172;été 2017;45
ESA;1;4089;Certificat en compétences entrepreneuriales et gestion des PME/PMO;20173;automne 2017;89
ESA;1;4089;Certificat en compétences entrepreneuriales et gestion des PME/PMO;20181;hiver 2018;90
ESA;1;4089;Certificat en compétences entrepreneuriales et gestion des PME/PMO;20182;été 2018;72
ESA;1;4089;Certificat en compétences entrepreneuriales et gestion des PME/PMO;20183;automne 2018;110
ESA;1;4089;Certificat en compétences entrepreneuriales et gestion des PME/PMO;20191;hiver 2019;108
ESA;1;4089;Certificat en compétences entrepreneuriales et gestion des PME/PMO;20192;été 2019;58
ESA;1;4089;Certificat en compétences entrepreneuriales et gestion des PME/PMO;20193;automne 2019;88
ESA;1;4089;Certificat en compétences entrepreneuriales et gestion des PME/PMO;20201;hiver 2020;68
ESA;1;4089;Certificat en compétences entrepreneuriales et gestion des PME/PMO;20202;été 2020;91
ESA;1;4089;Certificat en compétences entrepreneuriales et gestion des PME/PMO;20203;automne 2020;96
ESA;1;4089;Certificat en compétences entrepreneuriales et gestion des PME/PMO;20211;hiver 2021;141
ESA;1;4089;Certificat en compétences entrepreneuriales et gestion des PME/PMO;20212;été 2021;87
ESA;1;4089;Certificat en compétences entrepreneuriales et gestion des PME/PMO;20213;automne 2021;155
ESA;1;4089;Certificat en compétences entrepreneuriales et gestion des PME/PMO;20221;hiver 2022;120
ESA;1;4089;Certificat en compétences entrepreneuriales et gestion des PME/PMO;20222;été 2022;62
ESA;1;4089;Certificat en compétences entrepreneuriales et gestion des PME/PMO;20223;automne 2022;91
ESA;1;4089;Certificat en compétences entrepreneuriales et gestion des PME/PMO;20231;hiver 2023;109
ESA;1;4089;Certificat en compétences entrepreneuriales et gestion des PME/PMO;20232;été 2023;59
ESA;1;4089;Certificat en compétences entrepreneuriales et gestion des PME/PMO;20233;automne 2023;159
ESA;1;4089;Certificat en compétences entrepreneuriales et gestion des PME/PMO;20241;hiver 2024;141
ESA;1;4089;Certificat en compétences entrepreneuriales et gestion des PME/PMO;20242;été 2024;77
ESA;1;4089;Certificat en compétences entrepreneuriales et gestion des PME/PMO;20243;automne 2024;142
ESA;1;4089;Certificat en compétences entrepreneuriales et gestion des PME/PMO;20251;hiver 2025;153
ESA;1;4089;Certificat en compétences entrepreneuriales et gestion des PME/PMO;20252;été 2025;88
ESA;1;4089;Certificat en compétences entrepreneuriales et gestion des PME/PMO;20253;automne 2025;173
ESA;1;4089;Certificat en compétences entrepreneuriales et gestion des PME/PMO;20261;hiver 2026;133
ESA;1;4089;Certificat en compétences entrepreneuriales et gestion des PME/PMO;20262;été 2026;76
ESA;1;4099;Certificat en relations du travail;19773;automne 1977;1
ESA;1;4099;Certificat en relations du travail;19781;hiver 1978;1
ESA;1;4099;Certificat en relations du travail;19832;été 1983;1
ESA;1;4099;Certificat en relations du travail;19993;automne 1999;198
ESA;1;4099;Certificat en relations du travail;20001;hiver 2000;189
ESA;1;4099;Certificat en relations du travail;20002;été 2000;96
ESA;1;4099;Certificat en relations du travail;20003;automne 2000;229
ESA;1;4099;Certificat en relations du travail;20011;hiver 2001;220
ESA;1;4099;Certificat en relations du travail;20012;été 2001;93
ESA;1;4099;Certificat en relations du travail;20013;automne 2001;275
ESA;1;4099;Certificat en relations du travail;20021;hiver 2002;216
ESA;1;4099;Certificat en relations du travail;20022;été 2002;112
ESA;1;4099;Certificat en relations du travail;20023;automne 2002;273
ESA;1;4099;Certificat en relations du travail;20031;hiver 2003;250
ESA;1;4099;Certificat en relations du travail;20032;été 2003;124
ESA;1;4099;Certificat en relations du travail;20033;automne 2003;251
ESA;1;4099;Certificat en relations du travail;20041;hiver 2004;237
ESA;1;4099;Certificat en relations du travail;20042;été 2004;138
ESA;1;4099;Certificat en relations du travail;20043;automne 2004;264
ESA;1;4099;Certificat en relations du travail;20051;hiver 2005;255
ESA;1;4099;Certificat en relations du travail;20052;été 2005;162
ESA;1;4099;Certificat en relations du travail;20053;automne 2005;249
ESA;1;4099;Certificat en relations du travail;20061;hiver 2006;230
ESA;1;4099;Certificat en relations du travail;20062;été 2006;139
ESA;1;4099;Certificat en relations du travail;20063;automne 2006;221
ESA;1;4099;Certificat en relations du travail;20071;hiver 2007;218
ESA;1;4099;Certificat en relations du travail;20072;été 2007;125
ESA;1;4099;Certificat en relations du travail;20073;automne 2007;225
ESA;1;4099;Certificat en relations du travail;20081;hiver 2008;135
ESA;1;4099;Certificat en relations du travail;20082;été 2008;146
ESA;1;4099;Certificat en relations du travail;20083;automne 2008;263
ESA;1;4099;Certificat en relations du travail;20091;hiver 2009;291
ESA;1;4099;Certificat en relations du travail;20092;été 2009;179
ESA;1;4099;Certificat en relations du travail;20093;automne 2009;297
ESA;1;4099;Certificat en relations du travail;20101;hiver 2010;269
ESA;1;4099;Certificat en relations du travail;20102;été 2010;187
ESA;1;4099;Certificat en relations du travail;20103;automne 2010;262
ESA;1;4099;Certificat en relations du travail;20111;hiver 2011;227
ESA;1;4099;Certificat en relations du travail;20112;été 2011;108
ESA;1;4099;Certificat en relations du travail;20113;automne 2011;241
ESA;1;4099;Certificat en relations du travail;20121;hiver 2012;204
ESA;1;4099;Certificat en relations du travail;20122;été 2012;148
ESA;1;4099;Certificat en relations du travail;20123;automne 2012;246
ESA;1;4099;Certificat en relations du travail;20131;hiver 2013;213
ESA;1;4099;Certificat en relations du travail;20132;été 2013;178
ESA;1;4099;Certificat en relations du travail;20133;automne 2013;187
ESA;1;4099;Certificat en relations du travail;20141;hiver 2014;198
ESA;1;4099;Certificat en relations du travail;20142;été 2014;169
ESA;1;4099;Certificat en relations du travail;20143;automne 2014;211
ESA;1;4099;Certificat en relations du travail;20151;hiver 2015;212
ESA;1;4099;Certificat en relations du travail;20152;été 2015;134
ESA;1;4099;Certificat en relations du travail;20153;automne 2015;237
ESA;1;4099;Certificat en relations du travail;20161;hiver 2016;259
ESA;1;4099;Certificat en relations du travail;20162;été 2016;152
ESA;1;4099;Certificat en relations du travail;20163;automne 2016;220
ESA;1;4099;Certificat en relations du travail;20171;hiver 2017;243
ESA;1;4099;Certificat en relations du travail;20172;été 2017;177
ESA;1;4099;Certificat en relations du travail;20173;automne 2017;309
ESA;1;4099;Certificat en relations du travail;20181;hiver 2018;266
ESA;1;4099;Certificat en relations du travail;20182;été 2018;178
ESA;1;4099;Certificat en relations du travail;20183;automne 2018;232
ESA;1;4099;Certificat en relations du travail;20191;hiver 2019;236
ESA;1;4099;Certificat en relations du travail;20192;été 2019;112
ESA;1;4099;Certificat en relations du travail;20193;automne 2019;262
ESA;1;4099;Certificat en relations du travail;20201;hiver 2020;239
ESA;1;4099;Certificat en relations du travail;20202;été 2020;185
ESA;1;4099;Certificat en relations du travail;20203;automne 2020;233
ESA;1;4099;Certificat en relations du travail;20211;hiver 2021;301
ESA;1;4099;Certificat en relations du travail;20212;été 2021;186
ESA;1;4099;Certificat en relations du travail;20213;automne 2021;227
ESA;1;4099;Certificat en relations du travail;20221;hiver 2022;273
ESA;1;4099;Certificat en relations du travail;20222;été 2022;141
ESA;1;4099;Certificat en relations du travail;20223;automne 2022;245
ESA;1;4099;Certificat en relations du travail;20231;hiver 2023;234
ESA;1;4099;Certificat en relations du travail;20232;été 2023;157
ESA;1;4099;Certificat en relations du travail;20233;automne 2023;255
ESA;1;4099;Certificat en relations du travail;20241;hiver 2024;244
ESA;1;4099;Certificat en relations du travail;20242;été 2024;184
ESA;1;4099;Certificat en relations du travail;20243;automne 2024;261
ESA;1;4099;Certificat en relations du travail;20251;hiver 2025;205
ESA;1;4099;Certificat en relations du travail;20252;été 2025;161
ESA;1;4099;Certificat en relations du travail;20253;automne 2025;228
ESA;1;4099;Certificat en relations du travail;20261;hiver 2026;237
ESA;1;4099;Certificat en relations du travail;20262;été 2026;144
SHLC;1;4119;Certificat en connaissance de l'homme et du milieu;19741;hiver 1974;5
SHLC;1;4119;Certificat en connaissance de l'homme et du milieu;19751;hiver 1975;1
SHLC;1;4119;Certificat en connaissance de l'homme et du milieu;19753;automne 1975;84
SHLC;1;4119;Certificat en connaissance de l'homme et du milieu;19761;hiver 1976;157
SHLC;1;4119;Certificat en connaissance de l'homme et du milieu;19762;été 1976;21
SHLC;1;4119;Certificat en connaissance de l'homme et du milieu;19763;automne 1976;214
SHLC;1;4119;Certificat en connaissance de l'homme et du milieu;19771;hiver 1977;669
SHLC;1;4119;Certificat en connaissance de l'homme et du milieu;19772;été 1977;150
SHLC;1;4119;Certificat en connaissance de l'homme et du milieu;19773;automne 1977;1233
SHLC;1;4119;Certificat en connaissance de l'homme et du milieu;19781;hiver 1978;1996
SHLC;1;4119;Certificat en connaissance de l'homme et du milieu;19782;été 1978;1059
SHLC;1;4119;Certificat en connaissance de l'homme et du milieu;19783;automne 1978;2519
SHLC;1;4119;Certificat en connaissance de l'homme et du milieu;19791;hiver 1979;2820
SHLC;1;4119;Certificat en connaissance de l'homme et du milieu;19792;été 1979;1333
SHLC;1;4119;Certificat en connaissance de l'homme et du milieu;19793;automne 1979;3094
SHLC;1;4119;Certificat en connaissance de l'homme et du milieu;19801;hiver 1980;4200
SHLC;1;4119;Certificat en connaissance de l'homme et du milieu;19802;été 1980;3101
SHLC;1;4119;Certificat en connaissance de l'homme et du milieu;19803;automne 1980;4939
SHLC;1;4119;Certificat en connaissance de l'homme et du milieu;19811;hiver 1981;4740
SHLC;1;4119;Certificat en connaissance de l'homme et du milieu;19812;été 1981;3755
SHLC;1;4119;Certificat en connaissance de l'homme et du milieu;19813;automne 1981;4416
SHLC;1;4119;Certificat en connaissance de l'homme et du milieu;19821;hiver 1982;3632
SHLC;1;4119;Certificat en connaissance de l'homme et du milieu;19822;été 1982;2229
SHLC;1;4119;Certificat en connaissance de l'homme et du milieu;19823;automne 1982;2453
SHLC;1;4119;Certificat en connaissance de l'homme et du milieu;19831;hiver 1983;2192
SHLC;1;4119;Certificat en connaissance de l'homme et du milieu;19832;été 1983;861
SHLC;1;4119;Certificat en connaissance de l'homme et du milieu;19833;automne 1983;1330
SHLC;1;4119;Certificat en connaissance de l'homme et du milieu;19841;hiver 1984;956
SHLC;1;4119;Certificat en connaissance de l'homme et du milieu;19842;été 1984;845
SHLC;1;4119;Certificat en connaissance de l'homme et du milieu;19843;automne 1984;2732
SHLC;1;4119;Certificat en connaissance de l'homme et du milieu;19851;hiver 1985;1913
SHLC;1;4119;Certificat en connaissance de l'homme et du milieu;19852;été 1985;871
SHLC;1;4119;Certificat en connaissance de l'homme et du milieu;19853;automne 1985;1730
SHLC;1;4119;Certificat en connaissance de l'homme et du milieu;19861;hiver 1986;1318
SHLC;1;4119;Certificat en connaissance de l'homme et du milieu;19862;été 1986;746
SHLC;1;4119;Certificat en connaissance de l'homme et du milieu;19863;automne 1986;1387
SHLC;1;4119;Certificat en connaissance de l'homme et du milieu;19871;hiver 1987;1184
SHLC;1;4119;Certificat en connaissance de l'homme et du milieu;19872;été 1987;747
SHLC;1;4119;Certificat en connaissance de l'homme et du milieu;19873;automne 1987;1457
SHLC;1;4119;Certificat en connaissance de l'homme et du milieu;19881;hiver 1988;1191
SHLC;1;4119;Certificat en connaissance de l'homme et du milieu;19882;été 1988;898
SHLC;1;4119;Certificat en connaissance de l'homme et du milieu;19883;automne 1988;1238
SHLC;1;4119;Certificat en connaissance de l'homme et du milieu;19891;hiver 1989;1052
SHLC;1;4119;Certificat en connaissance de l'homme et du milieu;19892;été 1989;630
SHLC;1;4119;Certificat en connaissance de l'homme et du milieu;19893;automne 1989;1047
SHLC;1;4119;Certificat en connaissance de l'homme et du milieu;19901;hiver 1990;533
SHLC;1;4119;Certificat en connaissance de l'homme et du milieu;19902;été 1990;333
SHLC;1;4119;Certificat en connaissance de l'homme et du milieu;19903;automne 1990;307
SHLC;1;4119;Certificat en connaissance de l'homme et du milieu;19911;hiver 1991;210
SHLC;1;4119;Certificat en connaissance de l'homme et du milieu;19912;été 1991;147
SHLC;1;4119;Certificat en connaissance de l'homme et du milieu;19913;automne 1991;145
SHLC;1;4119;Certificat en connaissance de l'homme et du milieu;19921;hiver 1992;114
SHLC;1;4119;Certificat en connaissance de l'homme et du milieu;19922;été 1992;83
SHLC;1;4119;Certificat en connaissance de l'homme et du milieu;19923;automne 1992;16
SHLC;1;4119;Certificat en connaissance de l'homme et du milieu;19932;été 1993;1
SHLC;1;4119;Certificat en connaissance de l'homme et du milieu;19941;hiver 1994;1
DET;1;4122;Certificat en administration;19901;hiver 1990;1
DET;1;4122;Certificat en administration;19903;automne 1990;7
DET;1;4122;Certificat en administration;19911;hiver 1991;1
DET;1;4122;Certificat en administration;19912;été 1991;8
DET;1;4122;Certificat en administration;19913;automne 1991;1
ST;1;4128;Certificat en informatique appliquée;20102;été 2010;37
ST;1;4128;Certificat en informatique appliquée;20103;automne 2010;121
ST;1;4128;Certificat en informatique appliquée;20111;hiver 2011;158
ST;1;4128;Certificat en informatique appliquée;20112;été 2011;107
ST;1;4128;Certificat en informatique appliquée;20113;automne 2011;160
ST;1;4128;Certificat en informatique appliquée;20121;hiver 2012;195
ST;1;4128;Certificat en informatique appliquée;20122;été 2012;151
ST;1;4128;Certificat en informatique appliquée;20123;automne 2012;192
ST;1;4128;Certificat en informatique appliquée;20131;hiver 2013;220
ST;1;4128;Certificat en informatique appliquée;20132;été 2013;144
ST;1;4128;Certificat en informatique appliquée;20133;automne 2013;215
ST;1;4128;Certificat en informatique appliquée;20141;hiver 2014;228
ST;1;4128;Certificat en informatique appliquée;20142;été 2014;162
ST;1;4128;Certificat en informatique appliquée;20143;automne 2014;240
ST;1;4128;Certificat en informatique appliquée;20151;hiver 2015;236
ST;1;4128;Certificat en informatique appliquée;20152;été 2015;186
ST;1;4128;Certificat en informatique appliquée;20153;automne 2015;183
ST;1;4128;Certificat en informatique appliquée;20161;hiver 2016;243
ST;1;4128;Certificat en informatique appliquée;20162;été 2016;135
ST;1;4128;Certificat en informatique appliquée;20163;automne 2016;200
ST;1;4128;Certificat en informatique appliquée;20171;hiver 2017;242
ST;1;4128;Certificat en informatique appliquée;20172;été 2017;180
ST;1;4128;Certificat en informatique appliquée;20173;automne 2017;255
ST;1;4128;Certificat en informatique appliquée;20181;hiver 2018;255
ST;1;4128;Certificat en informatique appliquée;20182;été 2018;222
ST;1;4128;Certificat en informatique appliquée;20183;automne 2018;268
ST;1;4128;Certificat en informatique appliquée;20191;hiver 2019;227
ST;1;4128;Certificat en informatique appliquée;20192;été 2019;150
ST;1;4128;Certificat en informatique appliquée;20193;automne 2019;241
ST;1;4128;Certificat en informatique appliquée;20201;hiver 2020;270
ST;1;4128;Certificat en informatique appliquée;20202;été 2020;252
ST;1;4128;Certificat en informatique appliquée;20203;automne 2020;282
ST;1;4128;Certificat en informatique appliquée;20211;hiver 2021;268
ST;1;4128;Certificat en informatique appliquée;20212;été 2021;195
ST;1;4128;Certificat en informatique appliquée;20213;automne 2021;431
ST;1;4128;Certificat en informatique appliquée;20221;hiver 2022;608
ST;1;4128;Certificat en informatique appliquée;20222;été 2022;411
ST;1;4128;Certificat en informatique appliquée;20223;automne 2022;428
ST;1;4128;Certificat en informatique appliquée;20231;hiver 2023;402
ST;1;4128;Certificat en informatique appliquée;20232;été 2023;226
ST;1;4128;Certificat en informatique appliquée;20233;automne 2023;239
ST;1;4128;Certificat en informatique appliquée;20241;hiver 2024;279
ST;1;4128;Certificat en informatique appliquée;20242;été 2024;166
ST;1;4128;Certificat en informatique appliquée;20243;automne 2024;234
ST;1;4128;Certificat en informatique appliquée;20251;hiver 2025;230
ST;1;4128;Certificat en informatique appliquée;20252;été 2025;120
ST;1;4128;Certificat en informatique appliquée;20253;automne 2025;209
ST;1;4128;Certificat en informatique appliquée;20261;hiver 2026;168
ST;1;4128;Certificat en informatique appliquée;20262;été 2026;89
ESA;1;4138;Certificat en sciences comptables;20183;automne 2018;8
ESA;1;4138;Certificat en sciences comptables;20191;hiver 2019;36
ESA;1;4138;Certificat en sciences comptables;20192;été 2019;29
ESA;1;4138;Certificat en sciences comptables;20193;automne 2019;57
ESA;1;4138;Certificat en sciences comptables;20201;hiver 2020;62
ESA;1;4138;Certificat en sciences comptables;20202;été 2020;47
ESA;1;4138;Certificat en sciences comptables;20203;automne 2020;89
ESA;1;4138;Certificat en sciences comptables;20211;hiver 2021;77
ESA;1;4138;Certificat en sciences comptables;20212;été 2021;48
ESA;1;4138;Certificat en sciences comptables;20213;automne 2021;109
ESA;1;4138;Certificat en sciences comptables;20221;hiver 2022;85
ESA;1;4138;Certificat en sciences comptables;20222;été 2022;51
ESA;1;4138;Certificat en sciences comptables;20223;automne 2022;73
ESA;1;4138;Certificat en sciences comptables;20231;hiver 2023;62
ESA;1;4138;Certificat en sciences comptables;20232;été 2023;54
ESA;1;4138;Certificat en sciences comptables;20233;automne 2023;70
ESA;1;4138;Certificat en sciences comptables;20241;hiver 2024;73
ESA;1;4138;Certificat en sciences comptables;20242;été 2024;48
ESA;1;4138;Certificat en sciences comptables;20243;automne 2024;75
ESA;1;4138;Certificat en sciences comptables;20251;hiver 2025;70
ESA;1;4138;Certificat en sciences comptables;20252;été 2025;50
ESA;1;4138;Certificat en sciences comptables;20253;automne 2025;69
ESA;1;4138;Certificat en sciences comptables;20261;hiver 2026;81
ESA;1;4138;Certificat en sciences comptables;20262;été 2026;57
SHLC;1;4143;Certificat en linguistique;20252;été 2025;15
SHLC;1;4143;Certificat en linguistique;20253;automne 2025;40
SHLC;1;4143;Certificat en linguistique;20261;hiver 2026;32
SHLC;1;4143;Certificat en linguistique;20262;été 2026;24
ESA;1;4209;Certificat en gestion des ressources humaines;19802;été 1980;1
ESA;1;4209;Certificat en gestion des ressources humaines;19811;hiver 1981;1
ESA;1;4209;Certificat en gestion des ressources humaines;19812;été 1981;1
ESA;1;4209;Certificat en gestion des ressources humaines;19813;automne 1981;1
ESA;1;4209;Certificat en gestion des ressources humaines;19822;été 1982;1
ESA;1;4209;Certificat en gestion des ressources humaines;19841;hiver 1984;1
ESA;1;4209;Certificat en gestion des ressources humaines;19933;automne 1993;1
ESA;1;4209;Certificat en gestion des ressources humaines;19961;hiver 1996;1
ESA;1;4209;Certificat en gestion des ressources humaines;19963;automne 1996;122
ESA;1;4209;Certificat en gestion des ressources humaines;19971;hiver 1997;137
ESA;1;4209;Certificat en gestion des ressources humaines;19972;été 1997;85
ESA;1;4209;Certificat en gestion des ressources humaines;19973;automne 1997;255
ESA;1;4209;Certificat en gestion des ressources humaines;19981;hiver 1998;234
ESA;1;4209;Certificat en gestion des ressources humaines;19982;été 1998;164
ESA;1;4209;Certificat en gestion des ressources humaines;19983;automne 1998;388
ESA;1;4209;Certificat en gestion des ressources humaines;19991;hiver 1999;412
ESA;1;4209;Certificat en gestion des ressources humaines;19992;été 1999;221
ESA;1;4209;Certificat en gestion des ressources humaines;19993;automne 1999;490
ESA;1;4209;Certificat en gestion des ressources humaines;20001;hiver 2000;502
ESA;1;4209;Certificat en gestion des ressources humaines;20002;été 2000;181
ESA;1;4209;Certificat en gestion des ressources humaines;20003;automne 2000;611
ESA;1;4209;Certificat en gestion des ressources humaines;20011;hiver 2001;541
ESA;1;4209;Certificat en gestion des ressources humaines;20012;été 2001;227
ESA;1;4209;Certificat en gestion des ressources humaines;20013;automne 2001;684
ESA;1;4209;Certificat en gestion des ressources humaines;20021;hiver 2002;652
ESA;1;4209;Certificat en gestion des ressources humaines;20022;été 2002;360
ESA;1;4209;Certificat en gestion des ressources humaines;20023;automne 2002;825
ESA;1;4209;Certificat en gestion des ressources humaines;20031;hiver 2003;704
ESA;1;4209;Certificat en gestion des ressources humaines;20032;été 2003;353
ESA;1;4209;Certificat en gestion des ressources humaines;20033;automne 2003;878
ESA;1;4209;Certificat en gestion des ressources humaines;20041;hiver 2004;782
ESA;1;4209;Certificat en gestion des ressources humaines;20042;été 2004;405
ESA;1;4209;Certificat en gestion des ressources humaines;20043;automne 2004;884
ESA;1;4209;Certificat en gestion des ressources humaines;20051;hiver 2005;767
ESA;1;4209;Certificat en gestion des ressources humaines;20052;été 2005;362
ESA;1;4209;Certificat en gestion des ressources humaines;20053;automne 2005;894
ESA;1;4209;Certificat en gestion des ressources humaines;20061;hiver 2006;782
ESA;1;4209;Certificat en gestion des ressources humaines;20062;été 2006;422
ESA;1;4209;Certificat en gestion des ressources humaines;20063;automne 2006;919
ESA;1;4209;Certificat en gestion des ressources humaines;20071;hiver 2007;842
ESA;1;4209;Certificat en gestion des ressources humaines;20072;été 2007;497
ESA;1;4209;Certificat en gestion des ressources humaines;20073;automne 2007;919
ESA;1;4209;Certificat en gestion des ressources humaines;20081;hiver 2008;677
ESA;1;4209;Certificat en gestion des ressources humaines;20082;été 2008;499
ESA;1;4209;Certificat en gestion des ressources humaines;20083;automne 2008;1073
ESA;1;4209;Certificat en gestion des ressources humaines;20091;hiver 2009;957
ESA;1;4209;Certificat en gestion des ressources humaines;20092;été 2009;585
ESA;1;4209;Certificat en gestion des ressources humaines;20093;automne 2009;1070
ESA;1;4209;Certificat en gestion des ressources humaines;20101;hiver 2010;922
ESA;1;4209;Certificat en gestion des ressources humaines;20102;été 2010;595
ESA;1;4209;Certificat en gestion des ressources humaines;20103;automne 2010;1152
ESA;1;4209;Certificat en gestion des ressources humaines;20111;hiver 2011;983
ESA;1;4209;Certificat en gestion des ressources humaines;20112;été 2011;680
ESA;1;4209;Certificat en gestion des ressources humaines;20113;automne 2011;1086
ESA;1;4209;Certificat en gestion des ressources humaines;20121;hiver 2012;987
ESA;1;4209;Certificat en gestion des ressources humaines;20122;été 2012;696
ESA;1;4209;Certificat en gestion des ressources humaines;20123;automne 2012;1135
ESA;1;4209;Certificat en gestion des ressources humaines;20131;hiver 2013;1060
ESA;1;4209;Certificat en gestion des ressources humaines;20132;été 2013;701
ESA;1;4209;Certificat en gestion des ressources humaines;20133;automne 2013;1073
ESA;1;4209;Certificat en gestion des ressources humaines;20141;hiver 2014;1062
ESA;1;4209;Certificat en gestion des ressources humaines;20142;été 2014;632
ESA;1;4209;Certificat en gestion des ressources humaines;20143;automne 2014;1019
ESA;1;4209;Certificat en gestion des ressources humaines;20151;hiver 2015;923
ESA;1;4209;Certificat en gestion des ressources humaines;20152;été 2015;675
ESA;1;4209;Certificat en gestion des ressources humaines;20153;automne 2015;957
ESA;1;4209;Certificat en gestion des ressources humaines;20161;hiver 2016;958
ESA;1;4209;Certificat en gestion des ressources humaines;20162;été 2016;569
ESA;1;4209;Certificat en gestion des ressources humaines;20163;automne 2016;879
ESA;1;4209;Certificat en gestion des ressources humaines;20171;hiver 2017;963
ESA;1;4209;Certificat en gestion des ressources humaines;20172;été 2017;526
ESA;1;4209;Certificat en gestion des ressources humaines;20173;automne 2017;944
ESA;1;4209;Certificat en gestion des ressources humaines;20181;hiver 2018;893
ESA;1;4209;Certificat en gestion des ressources humaines;20182;été 2018;543
ESA;1;4209;Certificat en gestion des ressources humaines;20183;automne 2018;864
ESA;1;4209;Certificat en gestion des ressources humaines;20191;hiver 2019;759
ESA;1;4209;Certificat en gestion des ressources humaines;20192;été 2019;384
ESA;1;4209;Certificat en gestion des ressources humaines;20193;automne 2019;882
ESA;1;4209;Certificat en gestion des ressources humaines;20201;hiver 2020;948
ESA;1;4209;Certificat en gestion des ressources humaines;20202;été 2020;671
ESA;1;4209;Certificat en gestion des ressources humaines;20203;automne 2020;1003
ESA;1;4209;Certificat en gestion des ressources humaines;20211;hiver 2021;1089
ESA;1;4209;Certificat en gestion des ressources humaines;20212;été 2021;707
ESA;1;4209;Certificat en gestion des ressources humaines;20213;automne 2021;1046
ESA;1;4209;Certificat en gestion des ressources humaines;20221;hiver 2022;1037
ESA;1;4209;Certificat en gestion des ressources humaines;20222;été 2022;579
ESA;1;4209;Certificat en gestion des ressources humaines;20223;automne 2022;990
ESA;1;4209;Certificat en gestion des ressources humaines;20231;hiver 2023;948
ESA;1;4209;Certificat en gestion des ressources humaines;20232;été 2023;666
ESA;1;4209;Certificat en gestion des ressources humaines;20233;automne 2023;1076
ESA;1;4209;Certificat en gestion des ressources humaines;20241;hiver 2024;1195
ESA;1;4209;Certificat en gestion des ressources humaines;20242;été 2024;740
ESA;1;4209;Certificat en gestion des ressources humaines;20243;automne 2024;1199
ESA;1;4209;Certificat en gestion des ressources humaines;20251;hiver 2025;1220
ESA;1;4209;Certificat en gestion des ressources humaines;20252;été 2025;847
ESA;1;4209;Certificat en gestion des ressources humaines;20253;automne 2025;1292
ESA;1;4209;Certificat en gestion des ressources humaines;20261;hiver 2026;1198
ESA;1;4209;Certificat en gestion des ressources humaines;20262;été 2026;594
SHLC;1;4225;Certificat en connaissance de l'homme en société;19741;hiver 1974;2
SHLC;1;4225;Certificat en connaissance de l'homme en société;19753;automne 1975;6
SHLC;1;4225;Certificat en connaissance de l'homme en société;19761;hiver 1976;4
SHLC;1;4225;Certificat en connaissance de l'homme en société;19763;automne 1976;2
SHLC;1;4225;Certificat en connaissance de l'homme en société;19771;hiver 1977;16
SHLC;1;4225;Certificat en connaissance de l'homme en société;19772;été 1977;4
SHLC;1;4225;Certificat en connaissance de l'homme en société;19773;automne 1977;14
SHLC;1;4225;Certificat en connaissance de l'homme en société;19781;hiver 1978;18
SHLC;1;4225;Certificat en connaissance de l'homme en société;19782;été 1978;12
SHLC;1;4225;Certificat en connaissance de l'homme en société;19783;automne 1978;11
SHLC;1;4225;Certificat en connaissance de l'homme en société;19791;hiver 1979;16
SHLC;1;4225;Certificat en connaissance de l'homme en société;19792;été 1979;6
SHLC;1;4225;Certificat en connaissance de l'homme en société;19793;automne 1979;15
SHLC;1;4225;Certificat en connaissance de l'homme en société;19801;hiver 1980;20
SHLC;1;4225;Certificat en connaissance de l'homme en société;19802;été 1980;26
SHLC;1;4225;Certificat en connaissance de l'homme en société;19803;automne 1980;38
SHLC;1;4225;Certificat en connaissance de l'homme en société;19811;hiver 1981;41
SHLC;1;4225;Certificat en connaissance de l'homme en société;19812;été 1981;21
SHLC;1;4225;Certificat en connaissance de l'homme en société;19813;automne 1981;927
SHLC;1;4225;Certificat en connaissance de l'homme en société;19821;hiver 1982;1125
SHLC;1;4225;Certificat en connaissance de l'homme en société;19822;été 1982;899
SHLC;1;4225;Certificat en connaissance de l'homme en société;19823;automne 1982;914
SHLC;1;4225;Certificat en connaissance de l'homme en société;19831;hiver 1983;710
SHLC;1;4225;Certificat en connaissance de l'homme en société;19832;été 1983;139
SHLC;1;4225;Certificat en connaissance de l'homme en société;19833;automne 1983;217
SHLC;1;4225;Certificat en connaissance de l'homme en société;19841;hiver 1984;159
SHLC;1;4225;Certificat en connaissance de l'homme en société;19842;été 1984;86
SHLC;1;4225;Certificat en connaissance de l'homme en société;19843;automne 1984;257
SHLC;1;4225;Certificat en connaissance de l'homme en société;19851;hiver 1985;202
SHLC;1;4225;Certificat en connaissance de l'homme en société;19852;été 1985;87
SHLC;1;4225;Certificat en connaissance de l'homme en société;19853;automne 1985;204
SHLC;1;4225;Certificat en connaissance de l'homme en société;19861;hiver 1986;140
SHLC;1;4225;Certificat en connaissance de l'homme en société;19862;été 1986;100
SHLC;1;4225;Certificat en connaissance de l'homme en société;19863;automne 1986;225
SHLC;1;4225;Certificat en connaissance de l'homme en société;19871;hiver 1987;174
SHLC;1;4225;Certificat en connaissance de l'homme en société;19872;été 1987;121
SHLC;1;4225;Certificat en connaissance de l'homme en société;19873;automne 1987;232
SHLC;1;4225;Certificat en connaissance de l'homme en société;19881;hiver 1988;210
SHLC;1;4225;Certificat en connaissance de l'homme en société;19882;été 1988;131
SHLC;1;4225;Certificat en connaissance de l'homme en société;19883;automne 1988;253
SHLC;1;4225;Certificat en connaissance de l'homme en société;19891;hiver 1989;222
SHLC;1;4225;Certificat en connaissance de l'homme en société;19892;été 1989;125
SHLC;1;4225;Certificat en connaissance de l'homme en société;19893;automne 1989;108
SHLC;1;4225;Certificat en connaissance de l'homme en société;19901;hiver 1990;61
SHLC;1;4225;Certificat en connaissance de l'homme en société;19902;été 1990;47
SHLC;1;4225;Certificat en connaissance de l'homme en société;19903;automne 1990;37
SHLC;1;4225;Certificat en connaissance de l'homme en société;19911;hiver 1991;30
SHLC;1;4225;Certificat en connaissance de l'homme en société;19912;été 1991;19
SHLC;1;4225;Certificat en connaissance de l'homme en société;19913;automne 1991;21
SHLC;1;4225;Certificat en connaissance de l'homme en société;19921;hiver 1992;14
SHLC;1;4225;Certificat en connaissance de l'homme en société;19922;été 1992;7
ESA;1;4227;Certificat en comptabilité générale;20063;automne 2006;10
ESA;1;4227;Certificat en comptabilité générale;20071;hiver 2007;213
ESA;1;4227;Certificat en comptabilité générale;20072;été 2007;187
ESA;1;4227;Certificat en comptabilité générale;20073;automne 2007;384
ESA;1;4227;Certificat en comptabilité générale;20081;hiver 2008;281
ESA;1;4227;Certificat en comptabilité générale;20082;été 2008;219
ESA;1;4227;Certificat en comptabilité générale;20083;automne 2008;489
ESA;1;4227;Certificat en comptabilité générale;20091;hiver 2009;443
ESA;1;4227;Certificat en comptabilité générale;20092;été 2009;319
ESA;1;4227;Certificat en comptabilité générale;20093;automne 2009;542
ESA;1;4227;Certificat en comptabilité générale;20101;hiver 2010;471
ESA;1;4227;Certificat en comptabilité générale;20102;été 2010;397
ESA;1;4227;Certificat en comptabilité générale;20103;automne 2010;579
ESA;1;4227;Certificat en comptabilité générale;20111;hiver 2011;466
ESA;1;4227;Certificat en comptabilité générale;20112;été 2011;341
ESA;1;4227;Certificat en comptabilité générale;20113;automne 2011;502
ESA;1;4227;Certificat en comptabilité générale;20121;hiver 2012;447
ESA;1;4227;Certificat en comptabilité générale;20122;été 2012;415
ESA;1;4227;Certificat en comptabilité générale;20123;automne 2012;584
ESA;1;4227;Certificat en comptabilité générale;20131;hiver 2013;509
ESA;1;4227;Certificat en comptabilité générale;20132;été 2013;381
ESA;1;4227;Certificat en comptabilité générale;20133;automne 2013;486
ESA;1;4227;Certificat en comptabilité générale;20141;hiver 2014;477
ESA;1;4227;Certificat en comptabilité générale;20142;été 2014;383
ESA;1;4227;Certificat en comptabilité générale;20143;automne 2014;507
ESA;1;4227;Certificat en comptabilité générale;20151;hiver 2015;497
ESA;1;4227;Certificat en comptabilité générale;20152;été 2015;327
ESA;1;4227;Certificat en comptabilité générale;20153;automne 2015;530
ESA;1;4227;Certificat en comptabilité générale;20161;hiver 2016;566
ESA;1;4227;Certificat en comptabilité générale;20162;été 2016;413
ESA;1;4227;Certificat en comptabilité générale;20163;automne 2016;520
ESA;1;4227;Certificat en comptabilité générale;20171;hiver 2017;530
ESA;1;4227;Certificat en comptabilité générale;20172;été 2017;356
ESA;1;4227;Certificat en comptabilité générale;20173;automne 2017;550
ESA;1;4227;Certificat en comptabilité générale;20181;hiver 2018;522
ESA;1;4227;Certificat en comptabilité générale;20182;été 2018;374
ESA;1;4227;Certificat en comptabilité générale;20183;automne 2018;450
ESA;1;4227;Certificat en comptabilité générale;20191;hiver 2019;377
ESA;1;4227;Certificat en comptabilité générale;20192;été 2019;175
ESA;1;4227;Certificat en comptabilité générale;20193;automne 2019;431
ESA;1;4227;Certificat en comptabilité générale;20201;hiver 2020;362
ESA;1;4227;Certificat en comptabilité générale;20202;été 2020;360
ESA;1;4227;Certificat en comptabilité générale;20203;automne 2020;446
ESA;1;4227;Certificat en comptabilité générale;20211;hiver 2021;507
ESA;1;4227;Certificat en comptabilité générale;20212;été 2021;315
ESA;1;4227;Certificat en comptabilité générale;20213;automne 2021;374
ESA;1;4227;Certificat en comptabilité générale;20221;hiver 2022;388
ESA;1;4227;Certificat en comptabilité générale;20222;été 2022;199
ESA;1;4227;Certificat en comptabilité générale;20223;automne 2022;344
ESA;1;4227;Certificat en comptabilité générale;20231;hiver 2023;363
ESA;1;4227;Certificat en comptabilité générale;20232;été 2023;281
ESA;1;4227;Certificat en comptabilité générale;20233;automne 2023;416
ESA;1;4227;Certificat en comptabilité générale;20241;hiver 2024;418
ESA;1;4227;Certificat en comptabilité générale;20242;été 2024;298
ESA;1;4227;Certificat en comptabilité générale;20243;automne 2024;416
ESA;1;4227;Certificat en comptabilité générale;20251;hiver 2025;496
ESA;1;4227;Certificat en comptabilité générale;20252;été 2025;304
ESA;1;4227;Certificat en comptabilité générale;20253;automne 2025;492
ESA;1;4227;Certificat en comptabilité générale;20261;hiver 2026;457
ESA;1;4227;Certificat en comptabilité générale;20262;été 2026;265
ESA;1;4271;Certificat en gestion prospective du travail;19753;automne 1975;7
ESA;1;4271;Certificat en gestion prospective du travail;19762;été 1976;1
ESA;1;4271;Certificat en gestion prospective du travail;19763;automne 1976;7
ESA;1;4271;Certificat en gestion prospective du travail;19771;hiver 1977;7
ESA;1;4271;Certificat en gestion prospective du travail;19773;automne 1977;8
ESA;1;4271;Certificat en gestion prospective du travail;19781;hiver 1978;18
ESA;1;4271;Certificat en gestion prospective du travail;19782;été 1978;3
ESA;1;4271;Certificat en gestion prospective du travail;19783;automne 1978;11
ESA;1;4271;Certificat en gestion prospective du travail;19791;hiver 1979;26
ESA;1;4271;Certificat en gestion prospective du travail;19792;été 1979;11
ESA;1;4271;Certificat en gestion prospective du travail;19793;automne 1979;28
ESA;1;4271;Certificat en gestion prospective du travail;19801;hiver 1980;36
ESA;1;4271;Certificat en gestion prospective du travail;19802;été 1980;20
ESA;1;4271;Certificat en gestion prospective du travail;19803;automne 1980;54
ESA;1;4271;Certificat en gestion prospective du travail;19811;hiver 1981;57
ESA;1;4271;Certificat en gestion prospective du travail;19812;été 1981;45
ESA;1;4271;Certificat en gestion prospective du travail;19813;automne 1981;108
ESA;1;4271;Certificat en gestion prospective du travail;19821;hiver 1982;65
ESA;1;4271;Certificat en gestion prospective du travail;19822;été 1982;53
ESA;1;4271;Certificat en gestion prospective du travail;19823;automne 1982;97
ESA;1;4271;Certificat en gestion prospective du travail;19831;hiver 1983;78
ESA;1;4271;Certificat en gestion prospective du travail;19832;été 1983;29
ESA;1;4271;Certificat en gestion prospective du travail;19833;automne 1983;77
ESA;1;4271;Certificat en gestion prospective du travail;19841;hiver 1984;69
ESA;1;4271;Certificat en gestion prospective du travail;19842;été 1984;39
ESA;1;4271;Certificat en gestion prospective du travail;19843;automne 1984;250
ESA;1;4271;Certificat en gestion prospective du travail;19851;hiver 1985;1828
ESA;1;4271;Certificat en gestion prospective du travail;19852;été 1985;1752
ESA;1;4271;Certificat en gestion prospective du travail;19853;automne 1985;4588
ESA;1;4271;Certificat en gestion prospective du travail;19861;hiver 1986;4460
ESA;1;4271;Certificat en gestion prospective du travail;19862;été 1986;2070
ESA;1;4271;Certificat en gestion prospective du travail;19863;automne 1986;4618
ESA;1;4271;Certificat en gestion prospective du travail;19871;hiver 1987;2259
ESA;1;4271;Certificat en gestion prospective du travail;19872;été 1987;1116
ESA;1;4271;Certificat en gestion prospective du travail;19873;automne 1987;1805
ESA;1;4271;Certificat en gestion prospective du travail;19881;hiver 1988;1526
ESA;1;4271;Certificat en gestion prospective du travail;19882;été 1988;987
ESA;1;4271;Certificat en gestion prospective du travail;19883;automne 1988;1719
ESA;1;4271;Certificat en gestion prospective du travail;19891;hiver 1989;1615
ESA;1;4271;Certificat en gestion prospective du travail;19892;été 1989;1088
ESA;1;4271;Certificat en gestion prospective du travail;19893;automne 1989;1953
ESA;1;4271;Certificat en gestion prospective du travail;19901;hiver 1990;1724
ESA;1;4271;Certificat en gestion prospective du travail;19902;été 1990;1331
ESA;1;4271;Certificat en gestion prospective du travail;19903;automne 1990;1765
ESA;1;4271;Certificat en gestion prospective du travail;19911;hiver 1991;1613
ESA;1;4271;Certificat en gestion prospective du travail;19912;été 1991;1000
ESA;1;4271;Certificat en gestion prospective du travail;19913;automne 1991;913
ESA;1;4271;Certificat en gestion prospective du travail;19921;hiver 1992;720
ESA;1;4271;Certificat en gestion prospective du travail;19922;été 1992;366
ESA;1;4271;Certificat en gestion prospective du travail;19923;automne 1992;479
ESA;1;4271;Certificat en gestion prospective du travail;19931;hiver 1993;344
ESA;1;4271;Certificat en gestion prospective du travail;19932;été 1993;205
ESA;1;4271;Certificat en gestion prospective du travail;19933;automne 1993;196
ESA;1;4271;Certificat en gestion prospective du travail;19941;hiver 1994;28
ESA;1;4271;Certificat en gestion prospective du travail;19942;été 1994;5
ESA;1;4271;Certificat en gestion prospective du travail;19943;automne 1994;3
ESA;1;4271;Certificat en gestion prospective du travail;19951;hiver 1995;1
ESA;1;4271;Certificat en gestion prospective du travail;19953;automne 1995;1
ESA;1;4271;Certificat en gestion prospective du travail;19961;hiver 1996;1
ESA;1;4271;Certificat en gestion prospective du travail;19963;automne 1996;1
ESA;1;4271;Certificat en gestion prospective du travail;19981;hiver 1998;1
ESA;1;4271;Certificat en gestion prospective du travail;19983;automne 1998;1
ST;1;4274;Certificat en informatique appliquée à l'éducation;19753;automne 1975;7
ST;1;4274;Certificat en informatique appliquée à l'éducation;19761;hiver 1976;7
ST;1;4274;Certificat en informatique appliquée à l'éducation;19763;automne 1976;11
ST;1;4274;Certificat en informatique appliquée à l'éducation;19771;hiver 1977;30
ST;1;4274;Certificat en informatique appliquée à l'éducation;19773;automne 1977;10
ST;1;4274;Certificat en informatique appliquée à l'éducation;19781;hiver 1978;24
ST;1;4274;Certificat en informatique appliquée à l'éducation;19782;été 1978;9
ST;1;4274;Certificat en informatique appliquée à l'éducation;19783;automne 1978;25
ST;1;4274;Certificat en informatique appliquée à l'éducation;19791;hiver 1979;44
ST;1;4274;Certificat en informatique appliquée à l'éducation;19792;été 1979;12
ST;1;4274;Certificat en informatique appliquée à l'éducation;19793;automne 1979;54
ST;1;4274;Certificat en informatique appliquée à l'éducation;19801;hiver 1980;100
ST;1;4274;Certificat en informatique appliquée à l'éducation;19802;été 1980;57
ST;1;4274;Certificat en informatique appliquée à l'éducation;19803;automne 1980;89
ST;1;4274;Certificat en informatique appliquée à l'éducation;19811;hiver 1981;96
ST;1;4274;Certificat en informatique appliquée à l'éducation;19812;été 1981;86
ST;1;4274;Certificat en informatique appliquée à l'éducation;19813;automne 1981;153
ST;1;4274;Certificat en informatique appliquée à l'éducation;19821;hiver 1982;151
ST;1;4274;Certificat en informatique appliquée à l'éducation;19822;été 1982;104
ST;1;4274;Certificat en informatique appliquée à l'éducation;19823;automne 1982;138
ST;1;4274;Certificat en informatique appliquée à l'éducation;19831;hiver 1983;108
ST;1;4274;Certificat en informatique appliquée à l'éducation;19832;été 1983;50
ST;1;4274;Certificat en informatique appliquée à l'éducation;19833;automne 1983;2870
ST;1;4274;Certificat en informatique appliquée à l'éducation;19841;hiver 1984;3317
ST;1;4274;Certificat en informatique appliquée à l'éducation;19842;été 1984;583
ST;1;4274;Certificat en informatique appliquée à l'éducation;19843;automne 1984;2596
ST;1;4274;Certificat en informatique appliquée à l'éducation;19851;hiver 1985;1918
ST;1;4274;Certificat en informatique appliquée à l'éducation;19852;été 1985;310
ST;1;4274;Certificat en informatique appliquée à l'éducation;19853;automne 1985;1482
ST;1;4274;Certificat en informatique appliquée à l'éducation;19861;hiver 1986;944
ST;1;4274;Certificat en informatique appliquée à l'éducation;19862;été 1986;284
ST;1;4274;Certificat en informatique appliquée à l'éducation;19863;automne 1986;1068
ST;1;4274;Certificat en informatique appliquée à l'éducation;19871;hiver 1987;648
ST;1;4274;Certificat en informatique appliquée à l'éducation;19872;été 1987;474
ST;1;4274;Certificat en informatique appliquée à l'éducation;19873;automne 1987;1511
ST;1;4274;Certificat en informatique appliquée à l'éducation;19881;hiver 1988;1683
ST;1;4274;Certificat en informatique appliquée à l'éducation;19882;été 1988;668
ST;1;4274;Certificat en informatique appliquée à l'éducation;19883;automne 1988;1619
ST;1;4274;Certificat en informatique appliquée à l'éducation;19891;hiver 1989;1521
ST;1;4274;Certificat en informatique appliquée à l'éducation;19892;été 1989;701
ST;1;4274;Certificat en informatique appliquée à l'éducation;19893;automne 1989;1533
ST;1;4274;Certificat en informatique appliquée à l'éducation;19901;hiver 1990;1448
ST;1;4274;Certificat en informatique appliquée à l'éducation;19902;été 1990;963
ST;1;4274;Certificat en informatique appliquée à l'éducation;19903;automne 1990;1451
ST;1;4274;Certificat en informatique appliquée à l'éducation;19911;hiver 1991;1302
ST;1;4274;Certificat en informatique appliquée à l'éducation;19912;été 1991;858
ST;1;4274;Certificat en informatique appliquée à l'éducation;19913;automne 1991;1044
ST;1;4274;Certificat en informatique appliquée à l'éducation;19921;hiver 1992;873
ST;1;4274;Certificat en informatique appliquée à l'éducation;19922;été 1992;531
ST;1;4274;Certificat en informatique appliquée à l'éducation;19923;automne 1992;831
ST;1;4274;Certificat en informatique appliquée à l'éducation;19931;hiver 1993;682
ST;1;4274;Certificat en informatique appliquée à l'éducation;19932;été 1993;453
ST;1;4274;Certificat en informatique appliquée à l'éducation;19933;automne 1993;554
ST;1;4274;Certificat en informatique appliquée à l'éducation;19941;hiver 1994;550
ST;1;4274;Certificat en informatique appliquée à l'éducation;19942;été 1994;440
ST;1;4274;Certificat en informatique appliquée à l'éducation;19943;automne 1994;552
ST;1;4274;Certificat en informatique appliquée à l'éducation;19951;hiver 1995;473
ST;1;4274;Certificat en informatique appliquée à l'éducation;19952;été 1995;332
ST;1;4274;Certificat en informatique appliquée à l'éducation;19953;automne 1995;288
ST;1;4274;Certificat en informatique appliquée à l'éducation;19961;hiver 1996;237
ST;1;4274;Certificat en informatique appliquée à l'éducation;19962;été 1996;129
ST;1;4274;Certificat en informatique appliquée à l'éducation;19963;automne 1996;129
ST;1;4274;Certificat en informatique appliquée à l'éducation;19971;hiver 1997;57
ST;1;4274;Certificat en informatique appliquée à l'éducation;19972;été 1997;61
ST;1;4274;Certificat en informatique appliquée à l'éducation;19973;automne 1997;32
ST;1;4274;Certificat en informatique appliquée à l'éducation;19981;hiver 1998;18
ST;1;4274;Certificat en informatique appliquée à l'éducation;19982;été 1998;10
ST;1;4274;Certificat en informatique appliquée à l'éducation;19983;automne 1998;12
ST;1;4274;Certificat en informatique appliquée à l'éducation;19991;hiver 1999;1
ST;1;4321;Certificat en culture scientifique et technologique;19791;hiver 1979;1
ST;1;4321;Certificat en culture scientifique et technologique;19803;automne 1980;2
ST;1;4321;Certificat en culture scientifique et technologique;19811;hiver 1981;1
ST;1;4321;Certificat en culture scientifique et technologique;19821;hiver 1982;3
ST;1;4321;Certificat en culture scientifique et technologique;19822;été 1982;1
ST;1;4321;Certificat en culture scientifique et technologique;19823;automne 1982;5
ST;1;4321;Certificat en culture scientifique et technologique;19831;hiver 1983;5
ST;1;4321;Certificat en culture scientifique et technologique;19832;été 1983;2
ST;1;4321;Certificat en culture scientifique et technologique;19833;automne 1983;5
ST;1;4321;Certificat en culture scientifique et technologique;19841;hiver 1984;1
ST;1;4321;Certificat en culture scientifique et technologique;19851;hiver 1985;2
ST;1;4321;Certificat en culture scientifique et technologique;19852;été 1985;1
ST;1;4321;Certificat en culture scientifique et technologique;19861;hiver 1986;2
ST;1;4321;Certificat en culture scientifique et technologique;19863;automne 1986;1
ST;1;4321;Certificat en culture scientifique et technologique;19871;hiver 1987;23
ST;1;4321;Certificat en culture scientifique et technologique;19872;été 1987;21
ST;1;4321;Certificat en culture scientifique et technologique;19873;automne 1987;56
ST;1;4321;Certificat en culture scientifique et technologique;19881;hiver 1988;51
ST;1;4321;Certificat en culture scientifique et technologique;19882;été 1988;52
ST;1;4321;Certificat en culture scientifique et technologique;19883;automne 1988;103
ST;1;4321;Certificat en culture scientifique et technologique;19891;hiver 1989;109
ST;1;4321;Certificat en culture scientifique et technologique;19892;été 1989;65
ST;1;4321;Certificat en culture scientifique et technologique;19893;automne 1989;147
ST;1;4321;Certificat en culture scientifique et technologique;19901;hiver 1990;150
ST;1;4321;Certificat en culture scientifique et technologique;19902;été 1990;98
ST;1;4321;Certificat en culture scientifique et technologique;19903;automne 1990;109
ST;1;4321;Certificat en culture scientifique et technologique;19911;hiver 1991;124
ST;1;4321;Certificat en culture scientifique et technologique;19912;été 1991;76
ST;1;4321;Certificat en culture scientifique et technologique;19913;automne 1991;53
ST;1;4321;Certificat en culture scientifique et technologique;19921;hiver 1992;25
ST;1;4321;Certificat en culture scientifique et technologique;19922;été 1992;21
ST;1;4321;Certificat en culture scientifique et technologique;19923;automne 1992;22
ST;1;4321;Certificat en culture scientifique et technologique;19931;hiver 1993;12
ST;1;4321;Certificat en culture scientifique et technologique;19932;été 1993;6
ST;1;4321;Certificat en culture scientifique et technologique;19933;automne 1993;9
ST;1;4321;Certificat en culture scientifique et technologique;19941;hiver 1994;6
ST;1;4321;Certificat en culture scientifique et technologique;19951;hiver 1995;1
ESA;1;4349;Certificat en assurance de personnes;19761;hiver 1976;1
ESA;1;4349;Certificat en assurance de personnes;19803;automne 1980;1
ESA;1;4349;Certificat en assurance de personnes;19821;hiver 1982;3
ESA;1;4349;Certificat en assurance de personnes;19822;été 1982;3
ESA;1;4349;Certificat en assurance de personnes;19823;automne 1982;2
ESA;1;4349;Certificat en assurance de personnes;19832;été 1983;1
ESA;1;4349;Certificat en assurance de personnes;19922;été 1992;1
ESA;1;4349;Certificat en assurance de personnes;19931;hiver 1993;6
ESA;1;4349;Certificat en assurance de personnes;19932;été 1993;3
ESA;1;4349;Certificat en assurance de personnes;19933;automne 1993;45
ESA;1;4349;Certificat en assurance de personnes;19941;hiver 1994;29
ESA;1;4349;Certificat en assurance de personnes;19942;été 1994;22
ESA;1;4349;Certificat en assurance de personnes;19943;automne 1994;57
ESA;1;4349;Certificat en assurance de personnes;19951;hiver 1995;55
ESA;1;4349;Certificat en assurance de personnes;19952;été 1995;18
ESA;1;4349;Certificat en assurance de personnes;19953;automne 1995;80
ESA;1;4349;Certificat en assurance de personnes;19961;hiver 1996;70
ESA;1;4349;Certificat en assurance de personnes;19962;été 1996;36
ESA;1;4349;Certificat en assurance de personnes;19963;automne 1996;105
ESA;1;4349;Certificat en assurance de personnes;19971;hiver 1997;97
ESA;1;4349;Certificat en assurance de personnes;19972;été 1997;36
ESA;1;4349;Certificat en assurance de personnes;19973;automne 1997;80
ESA;1;4349;Certificat en assurance de personnes;19981;hiver 1998;39
ESA;1;4349;Certificat en assurance de personnes;19982;été 1998;21
ESA;1;4349;Certificat en assurance de personnes;19983;automne 1998;59
ESA;1;4349;Certificat en assurance de personnes;19991;hiver 1999;57
ESA;1;4349;Certificat en assurance de personnes;19992;été 1999;22
ESA;1;4349;Certificat en assurance de personnes;19993;automne 1999;57
ESA;1;4349;Certificat en assurance de personnes;20001;hiver 2000;22
ESA;1;4349;Certificat en assurance de personnes;20002;été 2000;7
ESA;1;4349;Certificat en assurance de personnes;20003;automne 2000;9
ESA;1;4349;Certificat en assurance de personnes;20011;hiver 2001;4
ESA;1;4349;Certificat en assurance de personnes;20012;été 2001;4
ESA;1;4349;Certificat en assurance de personnes;20013;automne 2001;4
ESA;1;4349;Certificat en assurance de personnes;20021;hiver 2002;4
ESA;1;4349;Certificat en assurance de personnes;20022;été 2002;2
ESA;1;4349;Certificat en assurance de personnes;20023;automne 2002;1
ESA;1;4349;Certificat en assurance de personnes;20031;hiver 2003;3
ESA;1;4349;Certificat en assurance de personnes;20032;été 2003;4
ESA;1;4349;Certificat en assurance de personnes;20033;automne 2003;1
ESA;1;4349;Certificat en assurance de personnes;20041;hiver 2004;1
ESA;1;4349;Certificat en assurance de personnes;20042;été 2004;2
ESA;1;4349;Certificat en assurance de personnes;20043;automne 2004;1
ESA;1;4349;Certificat en assurance de personnes;20053;automne 2005;1
ESA;1;4349;Certificat en assurance de personnes;20063;automne 2006;1
SHLC;1;4350;Certificat en psychologie;19791;hiver 1979;2
SHLC;1;4350;Certificat en psychologie;19793;automne 1979;1
SHLC;1;4350;Certificat en psychologie;19823;automne 1982;1
SHLC;1;4350;Certificat en psychologie;19983;automne 1998;152
SHLC;1;4350;Certificat en psychologie;19991;hiver 1999;163
SHLC;1;4350;Certificat en psychologie;19992;été 1999;129
SHLC;1;4350;Certificat en psychologie;19993;automne 1999;281
SHLC;1;4350;Certificat en psychologie;20001;hiver 2000;240
SHLC;1;4350;Certificat en psychologie;20002;été 2000;158
SHLC;1;4350;Certificat en psychologie;20003;automne 2000;261
SHLC;1;4350;Certificat en psychologie;20011;hiver 2001;265
SHLC;1;4350;Certificat en psychologie;20012;été 2001;138
SHLC;1;4350;Certificat en psychologie;20013;automne 2001;280
SHLC;1;4350;Certificat en psychologie;20021;hiver 2002;235
SHLC;1;4350;Certificat en psychologie;20022;été 2002;141
SHLC;1;4350;Certificat en psychologie;20023;automne 2002;328
SHLC;1;4350;Certificat en psychologie;20031;hiver 2003;246
SHLC;1;4350;Certificat en psychologie;20032;été 2003;199
SHLC;1;4350;Certificat en psychologie;20033;automne 2003;294
SHLC;1;4350;Certificat en psychologie;20041;hiver 2004;284
SHLC;1;4350;Certificat en psychologie;20042;été 2004;192
SHLC;1;4350;Certificat en psychologie;20043;automne 2004;338
SHLC;1;4350;Certificat en psychologie;20051;hiver 2005;319
SHLC;1;4350;Certificat en psychologie;20052;été 2005;239
SHLC;1;4350;Certificat en psychologie;20053;automne 2005;414
SHLC;1;4350;Certificat en psychologie;20061;hiver 2006;407
SHLC;1;4350;Certificat en psychologie;20062;été 2006;290
SHLC;1;4350;Certificat en psychologie;20063;automne 2006;445
SHLC;1;4350;Certificat en psychologie;20071;hiver 2007;484
SHLC;1;4350;Certificat en psychologie;20072;été 2007;314
SHLC;1;4350;Certificat en psychologie;20073;automne 2007;434
SHLC;1;4350;Certificat en psychologie;20081;hiver 2008;293
SHLC;1;4350;Certificat en psychologie;20082;été 2008;254
SHLC;1;4350;Certificat en psychologie;20083;automne 2008;440
SHLC;1;4350;Certificat en psychologie;20091;hiver 2009;413
SHLC;1;4350;Certificat en psychologie;20092;été 2009;354
SHLC;1;4350;Certificat en psychologie;20093;automne 2009;494
SHLC;1;4350;Certificat en psychologie;20101;hiver 2010;476
SHLC;1;4350;Certificat en psychologie;20102;été 2010;348
SHLC;1;4350;Certificat en psychologie;20103;automne 2010;439
SHLC;1;4350;Certificat en psychologie;20111;hiver 2011;410
SHLC;1;4350;Certificat en psychologie;20112;été 2011;296
SHLC;1;4350;Certificat en psychologie;20113;automne 2011;362
SHLC;1;4350;Certificat en psychologie;20121;hiver 2012;381
SHLC;1;4350;Certificat en psychologie;20122;été 2012;324
SHLC;1;4350;Certificat en psychologie;20123;automne 2012;427
SHLC;1;4350;Certificat en psychologie;20131;hiver 2013;354
SHLC;1;4350;Certificat en psychologie;20132;été 2013;260
SHLC;1;4350;Certificat en psychologie;20133;automne 2013;400
SHLC;1;4350;Certificat en psychologie;20141;hiver 2014;326
SHLC;1;4350;Certificat en psychologie;20142;été 2014;297
SHLC;1;4350;Certificat en psychologie;20143;automne 2014;410
SHLC;1;4350;Certificat en psychologie;20151;hiver 2015;414
SHLC;1;4350;Certificat en psychologie;20152;été 2015;277
SHLC;1;4350;Certificat en psychologie;20153;automne 2015;436
SHLC;1;4350;Certificat en psychologie;20161;hiver 2016;396
SHLC;1;4350;Certificat en psychologie;20162;été 2016;275
SHLC;1;4350;Certificat en psychologie;20163;automne 2016;392
SHLC;1;4350;Certificat en psychologie;20171;hiver 2017;400
SHLC;1;4350;Certificat en psychologie;20172;été 2017;256
SHLC;1;4350;Certificat en psychologie;20173;automne 2017;408
SHLC;1;4350;Certificat en psychologie;20181;hiver 2018;428
SHLC;1;4350;Certificat en psychologie;20182;été 2018;287
SHLC;1;4350;Certificat en psychologie;20183;automne 2018;413
SHLC;1;4350;Certificat en psychologie;20191;hiver 2019;353
SHLC;1;4350;Certificat en psychologie;20192;été 2019;130
SHLC;1;4350;Certificat en psychologie;20193;automne 2019;399
SHLC;1;4350;Certificat en psychologie;20201;hiver 2020;455
SHLC;1;4350;Certificat en psychologie;20202;été 2020;365
SHLC;1;4350;Certificat en psychologie;20203;automne 2020;568
SHLC;1;4350;Certificat en psychologie;20211;hiver 2021;566
SHLC;1;4350;Certificat en psychologie;20212;été 2021;430
SHLC;1;4350;Certificat en psychologie;20213;automne 2021;626
SHLC;1;4350;Certificat en psychologie;20221;hiver 2022;629
SHLC;1;4350;Certificat en psychologie;20222;été 2022;365
SHLC;1;4350;Certificat en psychologie;20223;automne 2022;534
SHLC;1;4350;Certificat en psychologie;20231;hiver 2023;563
SHLC;1;4350;Certificat en psychologie;20232;été 2023;374
SHLC;1;4350;Certificat en psychologie;20233;automne 2023;557
SHLC;1;4350;Certificat en psychologie;20241;hiver 2024;611
SHLC;1;4350;Certificat en psychologie;20242;été 2024;361
SHLC;1;4350;Certificat en psychologie;20243;automne 2024;571
SHLC;1;4350;Certificat en psychologie;20251;hiver 2025;562
SHLC;1;4350;Certificat en psychologie;20252;été 2025;473
SHLC;1;4350;Certificat en psychologie;20253;automne 2025;710
SHLC;1;4350;Certificat en psychologie;20261;hiver 2026;738
SHLC;1;4350;Certificat en psychologie;20262;été 2026;428
SHLC;1;4372;Certificat en études pluridisciplinaires;19753;automne 1975;3
SHLC;1;4372;Certificat en études pluridisciplinaires;19761;hiver 1976;2
SHLC;1;4372;Certificat en études pluridisciplinaires;19763;automne 1976;7
SHLC;1;4372;Certificat en études pluridisciplinaires;19771;hiver 1977;6
SHLC;1;4372;Certificat en études pluridisciplinaires;19772;été 1977;2
SHLC;1;4372;Certificat en études pluridisciplinaires;19773;automne 1977;2
SHLC;1;4372;Certificat en études pluridisciplinaires;19781;hiver 1978;4
SHLC;1;4372;Certificat en études pluridisciplinaires;19782;été 1978;2
SHLC;1;4372;Certificat en études pluridisciplinaires;19783;automne 1978;12
SHLC;1;4372;Certificat en études pluridisciplinaires;19791;hiver 1979;11
SHLC;1;4372;Certificat en études pluridisciplinaires;19792;été 1979;4
SHLC;1;4372;Certificat en études pluridisciplinaires;19793;automne 1979;6
SHLC;1;4372;Certificat en études pluridisciplinaires;19801;hiver 1980;21
SHLC;1;4372;Certificat en études pluridisciplinaires;19802;été 1980;10
SHLC;1;4372;Certificat en études pluridisciplinaires;19803;automne 1980;13
SHLC;1;4372;Certificat en études pluridisciplinaires;19811;hiver 1981;22
SHLC;1;4372;Certificat en études pluridisciplinaires;19812;été 1981;20
SHLC;1;4372;Certificat en études pluridisciplinaires;19813;automne 1981;19
SHLC;1;4372;Certificat en études pluridisciplinaires;19821;hiver 1982;19
SHLC;1;4372;Certificat en études pluridisciplinaires;19822;été 1982;10
SHLC;1;4372;Certificat en études pluridisciplinaires;19823;automne 1982;22
SHLC;1;4372;Certificat en études pluridisciplinaires;19831;hiver 1983;14
SHLC;1;4372;Certificat en études pluridisciplinaires;19832;été 1983;7
SHLC;1;4372;Certificat en études pluridisciplinaires;19833;automne 1983;8
SHLC;1;4372;Certificat en études pluridisciplinaires;19841;hiver 1984;10
SHLC;1;4372;Certificat en études pluridisciplinaires;19843;automne 1984;2
SHLC;1;4372;Certificat en études pluridisciplinaires;19851;hiver 1985;3
SHLC;1;4372;Certificat en études pluridisciplinaires;19852;été 1985;2
SHLC;1;4372;Certificat en études pluridisciplinaires;19853;automne 1985;1
SHLC;1;4372;Certificat en études pluridisciplinaires;19871;hiver 1987;3
SHLC;1;4372;Certificat en études pluridisciplinaires;19873;automne 1987;2
SHLC;1;4372;Certificat en études pluridisciplinaires;19881;hiver 1988;2
SHLC;1;4372;Certificat en études pluridisciplinaires;19883;automne 1988;3
SHLC;1;4372;Certificat en études pluridisciplinaires;19893;automne 1989;6
SHLC;1;4372;Certificat en études pluridisciplinaires;19901;hiver 1990;391
SHLC;1;4372;Certificat en études pluridisciplinaires;19902;été 1990;367
SHLC;1;4372;Certificat en études pluridisciplinaires;19903;automne 1990;503
SHLC;1;4372;Certificat en études pluridisciplinaires;19911;hiver 1991;534
SHLC;1;4372;Certificat en études pluridisciplinaires;19912;été 1991;291
SHLC;1;4372;Certificat en études pluridisciplinaires;19913;automne 1991;487
SHLC;1;4372;Certificat en études pluridisciplinaires;19921;hiver 1992;488
SHLC;1;4372;Certificat en études pluridisciplinaires;19922;été 1992;358
SHLC;1;4372;Certificat en études pluridisciplinaires;19923;automne 1992;595
SHLC;1;4372;Certificat en études pluridisciplinaires;19931;hiver 1993;501
SHLC;1;4372;Certificat en études pluridisciplinaires;19932;été 1993;373
SHLC;1;4372;Certificat en études pluridisciplinaires;19933;automne 1993;494
SHLC;1;4372;Certificat en études pluridisciplinaires;19941;hiver 1994;471
SHLC;1;4372;Certificat en études pluridisciplinaires;19942;été 1994;379
SHLC;1;4372;Certificat en études pluridisciplinaires;19943;automne 1994;539
SHLC;1;4372;Certificat en études pluridisciplinaires;19951;hiver 1995;561
SHLC;1;4372;Certificat en études pluridisciplinaires;19952;été 1995;318
SHLC;1;4372;Certificat en études pluridisciplinaires;19953;automne 1995;495
SHLC;1;4372;Certificat en études pluridisciplinaires;19961;hiver 1996;421
SHLC;1;4372;Certificat en études pluridisciplinaires;19962;été 1996;303
SHLC;1;4372;Certificat en études pluridisciplinaires;19963;automne 1996;457
SHLC;1;4372;Certificat en études pluridisciplinaires;19971;hiver 1997;407
SHLC;1;4372;Certificat en études pluridisciplinaires;19972;été 1997;259
SHLC;1;4372;Certificat en études pluridisciplinaires;19973;automne 1997;425
SHLC;1;4372;Certificat en études pluridisciplinaires;19981;hiver 1998;418
SHLC;1;4372;Certificat en études pluridisciplinaires;19982;été 1998;241
SHLC;1;4372;Certificat en études pluridisciplinaires;19983;automne 1998;364
SHLC;1;4372;Certificat en études pluridisciplinaires;19991;hiver 1999;329
SHLC;1;4372;Certificat en études pluridisciplinaires;19992;été 1999;208
SHLC;1;4372;Certificat en études pluridisciplinaires;19993;automne 1999;461
SHLC;1;4372;Certificat en études pluridisciplinaires;20001;hiver 2000;336
SHLC;1;4372;Certificat en études pluridisciplinaires;20002;été 2000;159
SHLC;1;4372;Certificat en études pluridisciplinaires;20003;automne 2000;322
SHLC;1;4372;Certificat en études pluridisciplinaires;20011;hiver 2001;266
SHLC;1;4372;Certificat en études pluridisciplinaires;20012;été 2001;191
SHLC;1;4372;Certificat en études pluridisciplinaires;20013;automne 2001;354
SHLC;1;4372;Certificat en études pluridisciplinaires;20021;hiver 2002;301
SHLC;1;4372;Certificat en études pluridisciplinaires;20022;été 2002;171
SHLC;1;4372;Certificat en études pluridisciplinaires;20023;automne 2002;361
SHLC;1;4372;Certificat en études pluridisciplinaires;20031;hiver 2003;274
SHLC;1;4372;Certificat en études pluridisciplinaires;20032;été 2003;180
SHLC;1;4372;Certificat en études pluridisciplinaires;20033;automne 2003;281
SHLC;1;4372;Certificat en études pluridisciplinaires;20041;hiver 2004;208
SHLC;1;4372;Certificat en études pluridisciplinaires;20042;été 2004;130
SHLC;1;4372;Certificat en études pluridisciplinaires;20043;automne 2004;288
SHLC;1;4372;Certificat en études pluridisciplinaires;20051;hiver 2005;275
SHLC;1;4372;Certificat en études pluridisciplinaires;20052;été 2005;194
SHLC;1;4372;Certificat en études pluridisciplinaires;20053;automne 2005;340
SHLC;1;4372;Certificat en études pluridisciplinaires;20061;hiver 2006;251
SHLC;1;4372;Certificat en études pluridisciplinaires;20062;été 2006;182
SHLC;1;4372;Certificat en études pluridisciplinaires;20063;automne 2006;268
SHLC;1;4372;Certificat en études pluridisciplinaires;20071;hiver 2007;254
SHLC;1;4372;Certificat en études pluridisciplinaires;20072;été 2007;172
SHLC;1;4372;Certificat en études pluridisciplinaires;20073;automne 2007;233
SHLC;1;4372;Certificat en études pluridisciplinaires;20081;hiver 2008;167
SHLC;1;4372;Certificat en études pluridisciplinaires;20082;été 2008;147
SHLC;1;4372;Certificat en études pluridisciplinaires;20083;automne 2008;277
SHLC;1;4372;Certificat en études pluridisciplinaires;20091;hiver 2009;316
SHLC;1;4372;Certificat en études pluridisciplinaires;20092;été 2009;224
SHLC;1;4372;Certificat en études pluridisciplinaires;20093;automne 2009;313
SHLC;1;4372;Certificat en études pluridisciplinaires;20101;hiver 2010;245
SHLC;1;4372;Certificat en études pluridisciplinaires;20102;été 2010;195
SHLC;1;4372;Certificat en études pluridisciplinaires;20103;automne 2010;290
SHLC;1;4372;Certificat en études pluridisciplinaires;20111;hiver 2011;265
SHLC;1;4372;Certificat en études pluridisciplinaires;20112;été 2011;166
SHLC;1;4372;Certificat en études pluridisciplinaires;20113;automne 2011;244
SHLC;1;4372;Certificat en études pluridisciplinaires;20121;hiver 2012;255
SHLC;1;4372;Certificat en études pluridisciplinaires;20122;été 2012;206
SHLC;1;4372;Certificat en études pluridisciplinaires;20123;automne 2012;273
SHLC;1;4372;Certificat en études pluridisciplinaires;20131;hiver 2013;266
SHLC;1;4372;Certificat en études pluridisciplinaires;20132;été 2013;177
SHLC;1;4372;Certificat en études pluridisciplinaires;20133;automne 2013;239
SHLC;1;4372;Certificat en études pluridisciplinaires;20141;hiver 2014;217
SHLC;1;4372;Certificat en études pluridisciplinaires;20142;été 2014;195
SHLC;1;4372;Certificat en études pluridisciplinaires;20143;automne 2014;227
SHLC;1;4372;Certificat en études pluridisciplinaires;20151;hiver 2015;194
SHLC;1;4372;Certificat en études pluridisciplinaires;20152;été 2015;138
SHLC;1;4372;Certificat en études pluridisciplinaires;20153;automne 2015;213
SHLC;1;4372;Certificat en études pluridisciplinaires;20161;hiver 2016;234
SHLC;1;4372;Certificat en études pluridisciplinaires;20162;été 2016;171
SHLC;1;4372;Certificat en études pluridisciplinaires;20163;automne 2016;230
SHLC;1;4372;Certificat en études pluridisciplinaires;20171;hiver 2017;211
SHLC;1;4372;Certificat en études pluridisciplinaires;20172;été 2017;96
SHLC;1;4372;Certificat en études pluridisciplinaires;20173;automne 2017;202
SHLC;1;4372;Certificat en études pluridisciplinaires;20181;hiver 2018;213
SHLC;1;4372;Certificat en études pluridisciplinaires;20182;été 2018;163
SHLC;1;4372;Certificat en études pluridisciplinaires;20183;automne 2018;209
SHLC;1;4372;Certificat en études pluridisciplinaires;20191;hiver 2019;190
SHLC;1;4372;Certificat en études pluridisciplinaires;20192;été 2019;120
SHLC;1;4372;Certificat en études pluridisciplinaires;20193;automne 2019;169
SHLC;1;4372;Certificat en études pluridisciplinaires;20201;hiver 2020;174
SHLC;1;4372;Certificat en études pluridisciplinaires;20202;été 2020;140
SHLC;1;4372;Certificat en études pluridisciplinaires;20203;automne 2020;162
SHLC;1;4372;Certificat en études pluridisciplinaires;20211;hiver 2021;166
SHLC;1;4372;Certificat en études pluridisciplinaires;20212;été 2021;101
SHLC;1;4372;Certificat en études pluridisciplinaires;20213;automne 2021;148
SHLC;1;4372;Certificat en études pluridisciplinaires;20221;hiver 2022;179
SHLC;1;4372;Certificat en études pluridisciplinaires;20222;été 2022;107
SHLC;1;4372;Certificat en études pluridisciplinaires;20223;automne 2022;135
SHLC;1;4372;Certificat en études pluridisciplinaires;20231;hiver 2023;125
SHLC;1;4372;Certificat en études pluridisciplinaires;20232;été 2023;138
SHLC;1;4372;Certificat en études pluridisciplinaires;20233;automne 2023;145
SHLC;1;4372;Certificat en études pluridisciplinaires;20241;hiver 2024;161
SHLC;1;4372;Certificat en études pluridisciplinaires;20242;été 2024;92
SHLC;1;4372;Certificat en études pluridisciplinaires;20243;automne 2024;137
SHLC;1;4372;Certificat en études pluridisciplinaires;20251;hiver 2025;148
SHLC;1;4372;Certificat en études pluridisciplinaires;20252;été 2025;103
SHLC;1;4372;Certificat en études pluridisciplinaires;20253;automne 2025;143
SHLC;1;4372;Certificat en études pluridisciplinaires;20261;hiver 2026;157
SHLC;1;4372;Certificat en études pluridisciplinaires;20262;été 2026;85
SHLC;1;4373;Certificat en sciences sociales;19771;hiver 1977;4
SHLC;1;4373;Certificat en sciences sociales;19773;automne 1977;5
SHLC;1;4373;Certificat en sciences sociales;19781;hiver 1978;7
SHLC;1;4373;Certificat en sciences sociales;19782;été 1978;1
SHLC;1;4373;Certificat en sciences sociales;19783;automne 1978;2
SHLC;1;4373;Certificat en sciences sociales;19791;hiver 1979;4
SHLC;1;4373;Certificat en sciences sociales;19792;été 1979;5
SHLC;1;4373;Certificat en sciences sociales;19793;automne 1979;9
SHLC;1;4373;Certificat en sciences sociales;19801;hiver 1980;3
SHLC;1;4373;Certificat en sciences sociales;19802;été 1980;5
SHLC;1;4373;Certificat en sciences sociales;19803;automne 1980;7
SHLC;1;4373;Certificat en sciences sociales;19811;hiver 1981;15
SHLC;1;4373;Certificat en sciences sociales;19812;été 1981;18
SHLC;1;4373;Certificat en sciences sociales;19813;automne 1981;20
SHLC;1;4373;Certificat en sciences sociales;19821;hiver 1982;26
SHLC;1;4373;Certificat en sciences sociales;19822;été 1982;31
SHLC;1;4373;Certificat en sciences sociales;19823;automne 1982;13
SHLC;1;4373;Certificat en sciences sociales;19831;hiver 1983;15
SHLC;1;4373;Certificat en sciences sociales;19832;été 1983;10
SHLC;1;4373;Certificat en sciences sociales;19833;automne 1983;7
SHLC;1;4373;Certificat en sciences sociales;19841;hiver 1984;4
SHLC;1;4373;Certificat en sciences sociales;19863;automne 1986;3
SHLC;1;4373;Certificat en sciences sociales;19872;été 1987;1
SHLC;1;4373;Certificat en sciences sociales;19893;automne 1989;292
SHLC;1;4373;Certificat en sciences sociales;19901;hiver 1990;335
SHLC;1;4373;Certificat en sciences sociales;19902;été 1990;379
SHLC;1;4373;Certificat en sciences sociales;19903;automne 1990;463
SHLC;1;4373;Certificat en sciences sociales;19911;hiver 1991;445
SHLC;1;4373;Certificat en sciences sociales;19912;été 1991;295
SHLC;1;4373;Certificat en sciences sociales;19913;automne 1991;394
SHLC;1;4373;Certificat en sciences sociales;19921;hiver 1992;380
SHLC;1;4373;Certificat en sciences sociales;19922;été 1992;277
SHLC;1;4373;Certificat en sciences sociales;19923;automne 1992;349
SHLC;1;4373;Certificat en sciences sociales;19931;hiver 1993;369
SHLC;1;4373;Certificat en sciences sociales;19932;été 1993;260
SHLC;1;4373;Certificat en sciences sociales;19933;automne 1993;343
SHLC;1;4373;Certificat en sciences sociales;19941;hiver 1994;342
SHLC;1;4373;Certificat en sciences sociales;19942;été 1994;208
SHLC;1;4373;Certificat en sciences sociales;19943;automne 1994;260
SHLC;1;4373;Certificat en sciences sociales;19951;hiver 1995;250
SHLC;1;4373;Certificat en sciences sociales;19952;été 1995;155
SHLC;1;4373;Certificat en sciences sociales;19953;automne 1995;255
SHLC;1;4373;Certificat en sciences sociales;19961;hiver 1996;266
SHLC;1;4373;Certificat en sciences sociales;19962;été 1996;176
SHLC;1;4373;Certificat en sciences sociales;19963;automne 1996;215
SHLC;1;4373;Certificat en sciences sociales;19971;hiver 1997;197
SHLC;1;4373;Certificat en sciences sociales;19972;été 1997;107
SHLC;1;4373;Certificat en sciences sociales;19973;automne 1997;180
SHLC;1;4373;Certificat en sciences sociales;19981;hiver 1998;166
SHLC;1;4373;Certificat en sciences sociales;19982;été 1998;114
SHLC;1;4373;Certificat en sciences sociales;19983;automne 1998;156
SHLC;1;4373;Certificat en sciences sociales;19991;hiver 1999;94
SHLC;1;4373;Certificat en sciences sociales;19992;été 1999;67
SHLC;1;4373;Certificat en sciences sociales;19993;automne 1999;92
SHLC;1;4373;Certificat en sciences sociales;20001;hiver 2000;94
SHLC;1;4373;Certificat en sciences sociales;20002;été 2000;69
SHLC;1;4373;Certificat en sciences sociales;20003;automne 2000;112
SHLC;1;4373;Certificat en sciences sociales;20011;hiver 2001;97
SHLC;1;4373;Certificat en sciences sociales;20012;été 2001;65
SHLC;1;4373;Certificat en sciences sociales;20013;automne 2001;78
SHLC;1;4373;Certificat en sciences sociales;20021;hiver 2002;81
SHLC;1;4373;Certificat en sciences sociales;20022;été 2002;47
SHLC;1;4373;Certificat en sciences sociales;20023;automne 2002;81
SHLC;1;4373;Certificat en sciences sociales;20031;hiver 2003;67
SHLC;1;4373;Certificat en sciences sociales;20032;été 2003;51
SHLC;1;4373;Certificat en sciences sociales;20033;automne 2003;88
SHLC;1;4373;Certificat en sciences sociales;20041;hiver 2004;100
SHLC;1;4373;Certificat en sciences sociales;20042;été 2004;75
SHLC;1;4373;Certificat en sciences sociales;20043;automne 2004;96
SHLC;1;4373;Certificat en sciences sociales;20051;hiver 2005;100
SHLC;1;4373;Certificat en sciences sociales;20052;été 2005;63
SHLC;1;4373;Certificat en sciences sociales;20053;automne 2005;79
SHLC;1;4373;Certificat en sciences sociales;20061;hiver 2006;112
SHLC;1;4373;Certificat en sciences sociales;20062;été 2006;101
SHLC;1;4373;Certificat en sciences sociales;20063;automne 2006;89
SHLC;1;4373;Certificat en sciences sociales;20071;hiver 2007;100
SHLC;1;4373;Certificat en sciences sociales;20072;été 2007;69
SHLC;1;4373;Certificat en sciences sociales;20073;automne 2007;91
SHLC;1;4373;Certificat en sciences sociales;20081;hiver 2008;71
SHLC;1;4373;Certificat en sciences sociales;20082;été 2008;65
SHLC;1;4373;Certificat en sciences sociales;20083;automne 2008;83
SHLC;1;4373;Certificat en sciences sociales;20091;hiver 2009;102
SHLC;1;4373;Certificat en sciences sociales;20092;été 2009;58
SHLC;1;4373;Certificat en sciences sociales;20093;automne 2009;116
SHLC;1;4373;Certificat en sciences sociales;20101;hiver 2010;116
SHLC;1;4373;Certificat en sciences sociales;20102;été 2010;78
SHLC;1;4373;Certificat en sciences sociales;20103;automne 2010;131
SHLC;1;4373;Certificat en sciences sociales;20111;hiver 2011;105
SHLC;1;4373;Certificat en sciences sociales;20112;été 2011;81
SHLC;1;4373;Certificat en sciences sociales;20113;automne 2011;142
SHLC;1;4373;Certificat en sciences sociales;20121;hiver 2012;107
SHLC;1;4373;Certificat en sciences sociales;20122;été 2012;119
SHLC;1;4373;Certificat en sciences sociales;20123;automne 2012;122
SHLC;1;4373;Certificat en sciences sociales;20131;hiver 2013;123
SHLC;1;4373;Certificat en sciences sociales;20132;été 2013;68
SHLC;1;4373;Certificat en sciences sociales;20133;automne 2013;80
SHLC;1;4373;Certificat en sciences sociales;20141;hiver 2014;89
SHLC;1;4373;Certificat en sciences sociales;20142;été 2014;53
SHLC;1;4373;Certificat en sciences sociales;20143;automne 2014;107
SHLC;1;4373;Certificat en sciences sociales;20151;hiver 2015;111
SHLC;1;4373;Certificat en sciences sociales;20152;été 2015;68
SHLC;1;4373;Certificat en sciences sociales;20153;automne 2015;100
SHLC;1;4373;Certificat en sciences sociales;20161;hiver 2016;111
SHLC;1;4373;Certificat en sciences sociales;20162;été 2016;59
SHLC;1;4373;Certificat en sciences sociales;20163;automne 2016;89
SHLC;1;4373;Certificat en sciences sociales;20171;hiver 2017;86
SHLC;1;4373;Certificat en sciences sociales;20172;été 2017;46
SHLC;1;4373;Certificat en sciences sociales;20173;automne 2017;78
SHLC;1;4373;Certificat en sciences sociales;20181;hiver 2018;109
SHLC;1;4373;Certificat en sciences sociales;20182;été 2018;65
SHLC;1;4373;Certificat en sciences sociales;20183;automne 2018;103
SHLC;1;4373;Certificat en sciences sociales;20191;hiver 2019;100
SHLC;1;4373;Certificat en sciences sociales;20192;été 2019;40
SHLC;1;4373;Certificat en sciences sociales;20193;automne 2019;91
SHLC;1;4373;Certificat en sciences sociales;20201;hiver 2020;91
SHLC;1;4373;Certificat en sciences sociales;20202;été 2020;69
SHLC;1;4373;Certificat en sciences sociales;20203;automne 2020;98
SHLC;1;4373;Certificat en sciences sociales;20211;hiver 2021;100
SHLC;1;4373;Certificat en sciences sociales;20212;été 2021;86
SHLC;1;4373;Certificat en sciences sociales;20213;automne 2021;102
SHLC;1;4373;Certificat en sciences sociales;20221;hiver 2022;106
SHLC;1;4373;Certificat en sciences sociales;20222;été 2022;56
SHLC;1;4373;Certificat en sciences sociales;20223;automne 2022;103
SHLC;1;4373;Certificat en sciences sociales;20231;hiver 2023;117
SHLC;1;4373;Certificat en sciences sociales;20232;été 2023;81
SHLC;1;4373;Certificat en sciences sociales;20233;automne 2023;104
SHLC;1;4373;Certificat en sciences sociales;20241;hiver 2024;119
SHLC;1;4373;Certificat en sciences sociales;20242;été 2024;90
SHLC;1;4373;Certificat en sciences sociales;20243;automne 2024;108
SHLC;1;4373;Certificat en sciences sociales;20251;hiver 2025;105
SHLC;1;4373;Certificat en sciences sociales;20252;été 2025;74
SHLC;1;4373;Certificat en sciences sociales;20253;automne 2025;84
SHLC;1;4373;Certificat en sciences sociales;20261;hiver 2026;113
SHLC;1;4373;Certificat en sciences sociales;20262;été 2026;62
SHLC;1;4379;Certificat en communication organisationnelle;19761;hiver 1976;1
SHLC;1;4379;Certificat en communication organisationnelle;19773;automne 1977;2
SHLC;1;4379;Certificat en communication organisationnelle;19781;hiver 1978;3
SHLC;1;4379;Certificat en communication organisationnelle;19783;automne 1978;1
SHLC;1;4379;Certificat en communication organisationnelle;19791;hiver 1979;2
SHLC;1;4379;Certificat en communication organisationnelle;19793;automne 1979;3
SHLC;1;4379;Certificat en communication organisationnelle;19801;hiver 1980;1
SHLC;1;4379;Certificat en communication organisationnelle;19803;automne 1980;5
SHLC;1;4379;Certificat en communication organisationnelle;19811;hiver 1981;2
SHLC;1;4379;Certificat en communication organisationnelle;19821;hiver 1982;1
SHLC;1;4379;Certificat en communication organisationnelle;19823;automne 1982;1
SHLC;1;4379;Certificat en communication organisationnelle;19831;hiver 1983;7
SHLC;1;4379;Certificat en communication organisationnelle;19832;été 1983;5
SHLC;1;4379;Certificat en communication organisationnelle;19833;automne 1983;7
SHLC;1;4379;Certificat en communication organisationnelle;19841;hiver 1984;1
SHLC;1;4379;Certificat en communication organisationnelle;19863;automne 1986;1
SHLC;1;4379;Certificat en communication organisationnelle;19903;automne 1990;285
SHLC;1;4379;Certificat en communication organisationnelle;19911;hiver 1991;201
SHLC;1;4379;Certificat en communication organisationnelle;19912;été 1991;127
SHLC;1;4379;Certificat en communication organisationnelle;19913;automne 1991;283
SHLC;1;4379;Certificat en communication organisationnelle;19921;hiver 1992;256
SHLC;1;4379;Certificat en communication organisationnelle;19922;été 1992;140
SHLC;1;4379;Certificat en communication organisationnelle;19923;automne 1992;274
SHLC;1;4379;Certificat en communication organisationnelle;19931;hiver 1993;234
SHLC;1;4379;Certificat en communication organisationnelle;19932;été 1993;119
SHLC;1;4379;Certificat en communication organisationnelle;19933;automne 1993;243
SHLC;1;4379;Certificat en communication organisationnelle;19941;hiver 1994;190
SHLC;1;4379;Certificat en communication organisationnelle;19942;été 1994;105
SHLC;1;4379;Certificat en communication organisationnelle;19943;automne 1994;180
SHLC;1;4379;Certificat en communication organisationnelle;19951;hiver 1995;181
SHLC;1;4379;Certificat en communication organisationnelle;19952;été 1995;85
SHLC;1;4379;Certificat en communication organisationnelle;19953;automne 1995;197
SHLC;1;4379;Certificat en communication organisationnelle;19961;hiver 1996;140
SHLC;1;4379;Certificat en communication organisationnelle;19962;été 1996;89
SHLC;1;4379;Certificat en communication organisationnelle;19963;automne 1996;164
SHLC;1;4379;Certificat en communication organisationnelle;19971;hiver 1997;144
SHLC;1;4379;Certificat en communication organisationnelle;19972;été 1997;68
SHLC;1;4379;Certificat en communication organisationnelle;19973;automne 1997;136
SHLC;1;4379;Certificat en communication organisationnelle;19981;hiver 1998;134
SHLC;1;4379;Certificat en communication organisationnelle;19982;été 1998;64
SHLC;1;4379;Certificat en communication organisationnelle;19983;automne 1998;172
SHLC;1;4379;Certificat en communication organisationnelle;19991;hiver 1999;146
SHLC;1;4379;Certificat en communication organisationnelle;19992;été 1999;60
SHLC;1;4379;Certificat en communication organisationnelle;19993;automne 1999;198
SHLC;1;4379;Certificat en communication organisationnelle;20001;hiver 2000;170
SHLC;1;4379;Certificat en communication organisationnelle;20002;été 2000;55
SHLC;1;4379;Certificat en communication organisationnelle;20003;automne 2000;266
SHLC;1;4379;Certificat en communication organisationnelle;20011;hiver 2001;220
SHLC;1;4379;Certificat en communication organisationnelle;20012;été 2001;54
SHLC;1;4379;Certificat en communication organisationnelle;20013;automne 2001;210
SHLC;1;4379;Certificat en communication organisationnelle;20021;hiver 2002;170
SHLC;1;4379;Certificat en communication organisationnelle;20022;été 2002;60
SHLC;1;4379;Certificat en communication organisationnelle;20023;automne 2002;210
SHLC;1;4379;Certificat en communication organisationnelle;20031;hiver 2003;168
SHLC;1;4379;Certificat en communication organisationnelle;20032;été 2003;106
SHLC;1;4379;Certificat en communication organisationnelle;20033;automne 2003;221
SHLC;1;4379;Certificat en communication organisationnelle;20041;hiver 2004;191
SHLC;1;4379;Certificat en communication organisationnelle;20042;été 2004;89
SHLC;1;4379;Certificat en communication organisationnelle;20043;automne 2004;252
SHLC;1;4379;Certificat en communication organisationnelle;20051;hiver 2005;206
SHLC;1;4379;Certificat en communication organisationnelle;20052;été 2005;109
SHLC;1;4379;Certificat en communication organisationnelle;20053;automne 2005;246
SHLC;1;4379;Certificat en communication organisationnelle;20061;hiver 2006;219
SHLC;1;4379;Certificat en communication organisationnelle;20062;été 2006;110
SHLC;1;4379;Certificat en communication organisationnelle;20063;automne 2006;235
SHLC;1;4379;Certificat en communication organisationnelle;20071;hiver 2007;211
SHLC;1;4379;Certificat en communication organisationnelle;20072;été 2007;155
SHLC;1;4379;Certificat en communication organisationnelle;20073;automne 2007;241
SHLC;1;4379;Certificat en communication organisationnelle;20081;hiver 2008;166
SHLC;1;4379;Certificat en communication organisationnelle;20082;été 2008;125
SHLC;1;4379;Certificat en communication organisationnelle;20083;automne 2008;222
SHLC;1;4379;Certificat en communication organisationnelle;20091;hiver 2009;215
SHLC;1;4379;Certificat en communication organisationnelle;20092;été 2009;109
SHLC;1;4379;Certificat en communication organisationnelle;20093;automne 2009;246
SHLC;1;4379;Certificat en communication organisationnelle;20101;hiver 2010;210
SHLC;1;4379;Certificat en communication organisationnelle;20102;été 2010;137
SHLC;1;4379;Certificat en communication organisationnelle;20103;automne 2010;227
SHLC;1;4379;Certificat en communication organisationnelle;20111;hiver 2011;196
SHLC;1;4379;Certificat en communication organisationnelle;20112;été 2011;125
SHLC;1;4379;Certificat en communication organisationnelle;20113;automne 2011;254
SHLC;1;4379;Certificat en communication organisationnelle;20121;hiver 2012;220
SHLC;1;4379;Certificat en communication organisationnelle;20122;été 2012;111
SHLC;1;4379;Certificat en communication organisationnelle;20123;automne 2012;201
SHLC;1;4379;Certificat en communication organisationnelle;20131;hiver 2013;187
SHLC;1;4379;Certificat en communication organisationnelle;20132;été 2013;113
SHLC;1;4379;Certificat en communication organisationnelle;20133;automne 2013;215
SHLC;1;4379;Certificat en communication organisationnelle;20141;hiver 2014;216
SHLC;1;4379;Certificat en communication organisationnelle;20142;été 2014;109
SHLC;1;4379;Certificat en communication organisationnelle;20143;automne 2014;214
SHLC;1;4379;Certificat en communication organisationnelle;20151;hiver 2015;202
SHLC;1;4379;Certificat en communication organisationnelle;20152;été 2015;117
SHLC;1;4379;Certificat en communication organisationnelle;20153;automne 2015;194
SHLC;1;4379;Certificat en communication organisationnelle;20161;hiver 2016;175
SHLC;1;4379;Certificat en communication organisationnelle;20162;été 2016;97
SHLC;1;4379;Certificat en communication organisationnelle;20163;automne 2016;174
SHLC;1;4379;Certificat en communication organisationnelle;20171;hiver 2017;149
SHLC;1;4379;Certificat en communication organisationnelle;20172;été 2017;86
SHLC;1;4379;Certificat en communication organisationnelle;20173;automne 2017;163
SHLC;1;4379;Certificat en communication organisationnelle;20181;hiver 2018;121
SHLC;1;4379;Certificat en communication organisationnelle;20182;été 2018;77
SHLC;1;4379;Certificat en communication organisationnelle;20183;automne 2018;126
SHLC;1;4379;Certificat en communication organisationnelle;20191;hiver 2019;110
SHLC;1;4379;Certificat en communication organisationnelle;20192;été 2019;46
SHLC;1;4379;Certificat en communication organisationnelle;20193;automne 2019;101
SHLC;1;4379;Certificat en communication organisationnelle;20201;hiver 2020;100
SHLC;1;4379;Certificat en communication organisationnelle;20202;été 2020;78
SHLC;1;4379;Certificat en communication organisationnelle;20203;automne 2020;106
SHLC;1;4379;Certificat en communication organisationnelle;20211;hiver 2021;104
SHLC;1;4379;Certificat en communication organisationnelle;20212;été 2021;76
SHLC;1;4379;Certificat en communication organisationnelle;20213;automne 2021;68
SHLC;1;4379;Certificat en communication organisationnelle;20221;hiver 2022;91
SHLC;1;4379;Certificat en communication organisationnelle;20222;été 2022;45
SHLC;1;4379;Certificat en communication organisationnelle;20223;automne 2022;98
SHLC;1;4379;Certificat en communication organisationnelle;20231;hiver 2023;99
SHLC;1;4379;Certificat en communication organisationnelle;20232;été 2023;72
SHLC;1;4379;Certificat en communication organisationnelle;20233;automne 2023;103
SHLC;1;4379;Certificat en communication organisationnelle;20241;hiver 2024;105
SHLC;1;4379;Certificat en communication organisationnelle;20242;été 2024;95
SHLC;1;4379;Certificat en communication organisationnelle;20243;automne 2024;95
SHLC;1;4379;Certificat en communication organisationnelle;20251;hiver 2025;93
SHLC;1;4379;Certificat en communication organisationnelle;20252;été 2025;73
SHLC;1;4379;Certificat en communication organisationnelle;20253;automne 2025;70
SHLC;1;4379;Certificat en communication organisationnelle;20261;hiver 2026;117
SHLC;1;4379;Certificat en communication organisationnelle;20262;été 2026;70
ST;1;4380;Certificat en informatique appliquée à l'organisation;19761;hiver 1976;1
ST;1;4380;Certificat en informatique appliquée à l'organisation;19763;automne 1976;1
ST;1;4380;Certificat en informatique appliquée à l'organisation;19771;hiver 1977;6
ST;1;4380;Certificat en informatique appliquée à l'organisation;19773;automne 1977;1
ST;1;4380;Certificat en informatique appliquée à l'organisation;19781;hiver 1978;2
ST;1;4380;Certificat en informatique appliquée à l'organisation;19783;automne 1978;2
ST;1;4380;Certificat en informatique appliquée à l'organisation;19791;hiver 1979;4
ST;1;4380;Certificat en informatique appliquée à l'organisation;19793;automne 1979;3
ST;1;4380;Certificat en informatique appliquée à l'organisation;19801;hiver 1980;5
ST;1;4380;Certificat en informatique appliquée à l'organisation;19802;été 1980;3
ST;1;4380;Certificat en informatique appliquée à l'organisation;19803;automne 1980;7
ST;1;4380;Certificat en informatique appliquée à l'organisation;19811;hiver 1981;4
ST;1;4380;Certificat en informatique appliquée à l'organisation;19812;été 1981;2
ST;1;4380;Certificat en informatique appliquée à l'organisation;19813;automne 1981;9
ST;1;4380;Certificat en informatique appliquée à l'organisation;19821;hiver 1982;3
ST;1;4380;Certificat en informatique appliquée à l'organisation;19822;été 1982;2
ST;1;4380;Certificat en informatique appliquée à l'organisation;19823;automne 1982;4
ST;1;4380;Certificat en informatique appliquée à l'organisation;19831;hiver 1983;10
ST;1;4380;Certificat en informatique appliquée à l'organisation;19832;été 1983;7
ST;1;4380;Certificat en informatique appliquée à l'organisation;19833;automne 1983;6
ST;1;4380;Certificat en informatique appliquée à l'organisation;19841;hiver 1984;2
ST;1;4380;Certificat en informatique appliquée à l'organisation;19873;automne 1987;1
ST;1;4380;Certificat en informatique appliquée à l'organisation;19891;hiver 1989;1
ST;1;4380;Certificat en informatique appliquée à l'organisation;19913;automne 1991;1
ST;1;4380;Certificat en informatique appliquée à l'organisation;19923;automne 1992;403
ST;1;4380;Certificat en informatique appliquée à l'organisation;19931;hiver 1993;508
ST;1;4380;Certificat en informatique appliquée à l'organisation;19932;été 1993;235
ST;1;4380;Certificat en informatique appliquée à l'organisation;19933;automne 1993;608
ST;1;4380;Certificat en informatique appliquée à l'organisation;19941;hiver 1994;476
ST;1;4380;Certificat en informatique appliquée à l'organisation;19942;été 1994;242
ST;1;4380;Certificat en informatique appliquée à l'organisation;19943;automne 1994;525
ST;1;4380;Certificat en informatique appliquée à l'organisation;19951;hiver 1995;414
ST;1;4380;Certificat en informatique appliquée à l'organisation;19952;été 1995;262
ST;1;4380;Certificat en informatique appliquée à l'organisation;19953;automne 1995;498
ST;1;4380;Certificat en informatique appliquée à l'organisation;19961;hiver 1996;472
ST;1;4380;Certificat en informatique appliquée à l'organisation;19962;été 1996;239
ST;1;4380;Certificat en informatique appliquée à l'organisation;19963;automne 1996;456
ST;1;4380;Certificat en informatique appliquée à l'organisation;19971;hiver 1997;379
ST;1;4380;Certificat en informatique appliquée à l'organisation;19972;été 1997;194
ST;1;4380;Certificat en informatique appliquée à l'organisation;19973;automne 1997;464
ST;1;4380;Certificat en informatique appliquée à l'organisation;19981;hiver 1998;381
ST;1;4380;Certificat en informatique appliquée à l'organisation;19982;été 1998;215
ST;1;4380;Certificat en informatique appliquée à l'organisation;19983;automne 1998;558
ST;1;4380;Certificat en informatique appliquée à l'organisation;19991;hiver 1999;471
ST;1;4380;Certificat en informatique appliquée à l'organisation;19992;été 1999;264
ST;1;4380;Certificat en informatique appliquée à l'organisation;19993;automne 1999;570
ST;1;4380;Certificat en informatique appliquée à l'organisation;20001;hiver 2000;515
ST;1;4380;Certificat en informatique appliquée à l'organisation;20002;été 2000;259
ST;1;4380;Certificat en informatique appliquée à l'organisation;20003;automne 2000;626
ST;1;4380;Certificat en informatique appliquée à l'organisation;20011;hiver 2001;514
ST;1;4380;Certificat en informatique appliquée à l'organisation;20012;été 2001;228
ST;1;4380;Certificat en informatique appliquée à l'organisation;20013;automne 2001;533
ST;1;4380;Certificat en informatique appliquée à l'organisation;20021;hiver 2002;472
ST;1;4380;Certificat en informatique appliquée à l'organisation;20022;été 2002;259
ST;1;4380;Certificat en informatique appliquée à l'organisation;20023;automne 2002;472
ST;1;4380;Certificat en informatique appliquée à l'organisation;20031;hiver 2003;358
ST;1;4380;Certificat en informatique appliquée à l'organisation;20032;été 2003;226
ST;1;4380;Certificat en informatique appliquée à l'organisation;20033;automne 2003;340
ST;1;4380;Certificat en informatique appliquée à l'organisation;20041;hiver 2004;303
ST;1;4380;Certificat en informatique appliquée à l'organisation;20042;été 2004;160
ST;1;4380;Certificat en informatique appliquée à l'organisation;20043;automne 2004;316
ST;1;4380;Certificat en informatique appliquée à l'organisation;20051;hiver 2005;283
ST;1;4380;Certificat en informatique appliquée à l'organisation;20052;été 2005;189
ST;1;4380;Certificat en informatique appliquée à l'organisation;20053;automne 2005;283
ST;1;4380;Certificat en informatique appliquée à l'organisation;20061;hiver 2006;276
ST;1;4380;Certificat en informatique appliquée à l'organisation;20062;été 2006;155
ST;1;4380;Certificat en informatique appliquée à l'organisation;20063;automne 2006;266
ST;1;4380;Certificat en informatique appliquée à l'organisation;20071;hiver 2007;262
ST;1;4380;Certificat en informatique appliquée à l'organisation;20072;été 2007;118
ST;1;4380;Certificat en informatique appliquée à l'organisation;20073;automne 2007;196
ST;1;4380;Certificat en informatique appliquée à l'organisation;20081;hiver 2008;93
ST;1;4380;Certificat en informatique appliquée à l'organisation;20082;été 2008;83
ST;1;4380;Certificat en informatique appliquée à l'organisation;20083;automne 2008;171
ST;1;4380;Certificat en informatique appliquée à l'organisation;20091;hiver 2009;139
ST;1;4380;Certificat en informatique appliquée à l'organisation;20092;été 2009;89
ST;1;4380;Certificat en informatique appliquée à l'organisation;20093;automne 2009;163
ST;1;4380;Certificat en informatique appliquée à l'organisation;20101;hiver 2010;157
ST;1;4380;Certificat en informatique appliquée à l'organisation;20102;été 2010;56
ST;1;4380;Certificat en informatique appliquée à l'organisation;20103;automne 2010;106
ST;1;4380;Certificat en informatique appliquée à l'organisation;20111;hiver 2011;43
ST;1;4380;Certificat en informatique appliquée à l'organisation;20112;été 2011;24
ST;1;4380;Certificat en informatique appliquée à l'organisation;20113;automne 2011;33
ST;1;4380;Certificat en informatique appliquée à l'organisation;20121;hiver 2012;14
ST;1;4380;Certificat en informatique appliquée à l'organisation;20122;été 2012;2
ST;1;4380;Certificat en informatique appliquée à l'organisation;20123;automne 2012;9
ST;1;4380;Certificat en informatique appliquée à l'organisation;20131;hiver 2013;8
ST;1;4380;Certificat en informatique appliquée à l'organisation;20132;été 2013;2
ST;1;4380;Certificat en informatique appliquée à l'organisation;20133;automne 2013;2
ST;1;4380;Certificat en informatique appliquée à l'organisation;20141;hiver 2014;2
ST;1;4380;Certificat en informatique appliquée à l'organisation;20142;été 2014;2
SHLC;1;4381;Certificat en analyse des médias;19953;automne 1995;3
SHLC;1;4381;Certificat en analyse des médias;19961;hiver 1996;8
SHLC;1;4381;Certificat en analyse des médias;19962;été 1996;2
SHLC;1;4381;Certificat en analyse des médias;19963;automne 1996;8
SHLC;1;4381;Certificat en analyse des médias;19971;hiver 1997;8
SHLC;1;4381;Certificat en analyse des médias;19972;été 1997;7
SHLC;1;4381;Certificat en analyse des médias;19973;automne 1997;16
SHLC;1;4381;Certificat en analyse des médias;19981;hiver 1998;22
SHLC;1;4381;Certificat en analyse des médias;19982;été 1998;17
SHLC;1;4381;Certificat en analyse des médias;19983;automne 1998;29
SHLC;1;4381;Certificat en analyse des médias;19991;hiver 1999;24
SHLC;1;4381;Certificat en analyse des médias;19992;été 1999;8
SHLC;1;4381;Certificat en analyse des médias;19993;automne 1999;42
SHLC;1;4381;Certificat en analyse des médias;20001;hiver 2000;20
SHLC;1;4381;Certificat en analyse des médias;20002;été 2000;7
SHLC;1;4381;Certificat en analyse des médias;20003;automne 2000;27
SHLC;1;4381;Certificat en analyse des médias;20011;hiver 2001;20
SHLC;1;4381;Certificat en analyse des médias;20012;été 2001;6
SHLC;1;4381;Certificat en analyse des médias;20013;automne 2001;40
SHLC;1;4381;Certificat en analyse des médias;20021;hiver 2002;50
SHLC;1;4381;Certificat en analyse des médias;20022;été 2002;18
SHLC;1;4381;Certificat en analyse des médias;20023;automne 2002;42
SHLC;1;4381;Certificat en analyse des médias;20031;hiver 2003;28
SHLC;1;4381;Certificat en analyse des médias;20032;été 2003;18
SHLC;1;4381;Certificat en analyse des médias;20033;automne 2003;45
SHLC;1;4381;Certificat en analyse des médias;20041;hiver 2004;38
SHLC;1;4381;Certificat en analyse des médias;20042;été 2004;22
SHLC;1;4381;Certificat en analyse des médias;20043;automne 2004;41
SHLC;1;4381;Certificat en analyse des médias;20051;hiver 2005;36
SHLC;1;4381;Certificat en analyse des médias;20052;été 2005;23
SHLC;1;4381;Certificat en analyse des médias;20053;automne 2005;52
SHLC;1;4381;Certificat en analyse des médias;20061;hiver 2006;29
SHLC;1;4381;Certificat en analyse des médias;20062;été 2006;18
SHLC;1;4381;Certificat en analyse des médias;20063;automne 2006;42
SHLC;1;4381;Certificat en analyse des médias;20071;hiver 2007;43
SHLC;1;4381;Certificat en analyse des médias;20072;été 2007;18
SHLC;1;4381;Certificat en analyse des médias;20073;automne 2007;37
SHLC;1;4381;Certificat en analyse des médias;20081;hiver 2008;23
SHLC;1;4381;Certificat en analyse des médias;20082;été 2008;34
SHLC;1;4381;Certificat en analyse des médias;20083;automne 2008;50
SHLC;1;4381;Certificat en analyse des médias;20091;hiver 2009;38
SHLC;1;4381;Certificat en analyse des médias;20092;été 2009;33
SHLC;1;4381;Certificat en analyse des médias;20093;automne 2009;35
SHLC;1;4381;Certificat en analyse des médias;20101;hiver 2010;35
SHLC;1;4381;Certificat en analyse des médias;20102;été 2010;27
SHLC;1;4381;Certificat en analyse des médias;20103;automne 2010;40
SHLC;1;4381;Certificat en analyse des médias;20111;hiver 2011;40
SHLC;1;4381;Certificat en analyse des médias;20112;été 2011;27
SHLC;1;4381;Certificat en analyse des médias;20113;automne 2011;28
SHLC;1;4381;Certificat en analyse des médias;20121;hiver 2012;18
SHLC;1;4381;Certificat en analyse des médias;20122;été 2012;24
SHLC;1;4381;Certificat en analyse des médias;20123;automne 2012;51
SHLC;1;4381;Certificat en analyse des médias;20131;hiver 2013;55
SHLC;1;4381;Certificat en analyse des médias;20132;été 2013;25
SHLC;1;4381;Certificat en analyse des médias;20133;automne 2013;28
SHLC;1;4381;Certificat en analyse des médias;20141;hiver 2014;40
SHLC;1;4381;Certificat en analyse des médias;20142;été 2014;30
SHLC;1;4381;Certificat en analyse des médias;20143;automne 2014;42
SHLC;1;4381;Certificat en analyse des médias;20151;hiver 2015;46
SHLC;1;4381;Certificat en analyse des médias;20152;été 2015;12
SHLC;1;4381;Certificat en analyse des médias;20153;automne 2015;39
SHLC;1;4381;Certificat en analyse des médias;20161;hiver 2016;24
SHLC;1;4381;Certificat en analyse des médias;20162;été 2016;12
SHLC;1;4381;Certificat en analyse des médias;20163;automne 2016;35
SHLC;1;4381;Certificat en analyse des médias;20171;hiver 2017;15
SHLC;1;4381;Certificat en analyse des médias;20172;été 2017;17
SHLC;1;4381;Certificat en analyse des médias;20173;automne 2017;21
SHLC;1;4381;Certificat en analyse des médias;20181;hiver 2018;28
SHLC;1;4381;Certificat en analyse des médias;20182;été 2018;23
SHLC;1;4381;Certificat en analyse des médias;20183;automne 2018;34
SHLC;1;4381;Certificat en analyse des médias;20191;hiver 2019;24
SHLC;1;4381;Certificat en analyse des médias;20192;été 2019;13
SHLC;1;4381;Certificat en analyse des médias;20193;automne 2019;32
SHLC;1;4381;Certificat en analyse des médias;20201;hiver 2020;26
SHLC;1;4381;Certificat en analyse des médias;20202;été 2020;9
SHLC;1;4381;Certificat en analyse des médias;20203;automne 2020;28
SHLC;1;4381;Certificat en analyse des médias;20211;hiver 2021;40
SHLC;1;4381;Certificat en analyse des médias;20212;été 2021;23
SHLC;1;4381;Certificat en analyse des médias;20213;automne 2021;19
SHLC;1;4381;Certificat en analyse des médias;20221;hiver 2022;29
SHLC;1;4381;Certificat en analyse des médias;20222;été 2022;13
SHLC;1;4381;Certificat en analyse des médias;20223;automne 2022;32
SHLC;1;4381;Certificat en analyse des médias;20231;hiver 2023;39
SHLC;1;4381;Certificat en analyse des médias;20232;été 2023;28
SHLC;1;4381;Certificat en analyse des médias;20233;automne 2023;45
SHLC;1;4381;Certificat en analyse des médias;20241;hiver 2024;39
SHLC;1;4381;Certificat en analyse des médias;20242;été 2024;25
SHLC;1;4381;Certificat en analyse des médias;20243;automne 2024;37
SHLC;1;4381;Certificat en analyse des médias;20251;hiver 2025;23
SHLC;1;4381;Certificat en analyse des médias;20252;été 2025;22
SHLC;1;4381;Certificat en analyse des médias;20253;automne 2025;34
SHLC;1;4381;Certificat en analyse des médias;20261;hiver 2026;33
SHLC;1;4381;Certificat en analyse des médias;20262;été 2026;22
ESA;1;4386;Certificat en gestion du travail de bureau;19781;hiver 1978;3
ESA;1;4386;Certificat en gestion du travail de bureau;19782;été 1978;2
ESA;1;4386;Certificat en gestion du travail de bureau;19783;automne 1978;3
ESA;1;4386;Certificat en gestion du travail de bureau;19791;hiver 1979;4
ESA;1;4386;Certificat en gestion du travail de bureau;19792;été 1979;1
ESA;1;4386;Certificat en gestion du travail de bureau;19793;automne 1979;5
ESA;1;4386;Certificat en gestion du travail de bureau;19801;hiver 1980;4
ESA;1;4386;Certificat en gestion du travail de bureau;19803;automne 1980;14
ESA;1;4386;Certificat en gestion du travail de bureau;19811;hiver 1981;7
ESA;1;4386;Certificat en gestion du travail de bureau;19812;été 1981;2
ESA;1;4386;Certificat en gestion du travail de bureau;19813;automne 1981;4
ESA;1;4386;Certificat en gestion du travail de bureau;19821;hiver 1982;2
ESA;1;4386;Certificat en gestion du travail de bureau;19822;été 1982;1
ESA;1;4386;Certificat en gestion du travail de bureau;19823;automne 1982;7
ESA;1;4386;Certificat en gestion du travail de bureau;19831;hiver 1983;9
ESA;1;4386;Certificat en gestion du travail de bureau;19832;été 1983;5
ESA;1;4386;Certificat en gestion du travail de bureau;19833;automne 1983;8
ESA;1;4386;Certificat en gestion du travail de bureau;19841;hiver 1984;4
ESA;1;4386;Certificat en gestion du travail de bureau;19881;hiver 1988;1
ESA;1;4386;Certificat en gestion du travail de bureau;19903;automne 1990;521
ESA;1;4386;Certificat en gestion du travail de bureau;19911;hiver 1991;544
ESA;1;4386;Certificat en gestion du travail de bureau;19912;été 1991;296
ESA;1;4386;Certificat en gestion du travail de bureau;19913;automne 1991;624
ESA;1;4386;Certificat en gestion du travail de bureau;19921;hiver 1992;404
ESA;1;4386;Certificat en gestion du travail de bureau;19922;été 1992;213
ESA;1;4386;Certificat en gestion du travail de bureau;19923;automne 1992;509
ESA;1;4386;Certificat en gestion du travail de bureau;19931;hiver 1993;347
ESA;1;4386;Certificat en gestion du travail de bureau;19932;été 1993;164
ESA;1;4386;Certificat en gestion du travail de bureau;19933;automne 1993;381
ESA;1;4386;Certificat en gestion du travail de bureau;19941;hiver 1994;255
ESA;1;4386;Certificat en gestion du travail de bureau;19942;été 1994;115
ESA;1;4386;Certificat en gestion du travail de bureau;19943;automne 1994;306
ESA;1;4386;Certificat en gestion du travail de bureau;19951;hiver 1995;254
ESA;1;4386;Certificat en gestion du travail de bureau;19952;été 1995;91
ESA;1;4386;Certificat en gestion du travail de bureau;19953;automne 1995;259
ESA;1;4386;Certificat en gestion du travail de bureau;19961;hiver 1996;204
ESA;1;4386;Certificat en gestion du travail de bureau;19962;été 1996;64
ESA;1;4386;Certificat en gestion du travail de bureau;19963;automne 1996;168
ESA;1;4386;Certificat en gestion du travail de bureau;19971;hiver 1997;174
ESA;1;4386;Certificat en gestion du travail de bureau;19972;été 1997;70
ESA;1;4386;Certificat en gestion du travail de bureau;19973;automne 1997;195
ESA;1;4386;Certificat en gestion du travail de bureau;19981;hiver 1998;153
ESA;1;4386;Certificat en gestion du travail de bureau;19982;été 1998;96
ESA;1;4386;Certificat en gestion du travail de bureau;19983;automne 1998;195
ESA;1;4386;Certificat en gestion du travail de bureau;19991;hiver 1999;102
ESA;1;4386;Certificat en gestion du travail de bureau;19992;été 1999;55
ESA;1;4386;Certificat en gestion du travail de bureau;19993;automne 1999;144
ESA;1;4386;Certificat en gestion du travail de bureau;20001;hiver 2000;130
ESA;1;4386;Certificat en gestion du travail de bureau;20002;été 2000;61
ESA;1;4386;Certificat en gestion du travail de bureau;20003;automne 2000;152
ESA;1;4386;Certificat en gestion du travail de bureau;20011;hiver 2001;124
ESA;1;4386;Certificat en gestion du travail de bureau;20012;été 2001;43
ESA;1;4386;Certificat en gestion du travail de bureau;20013;automne 2001;142
ESA;1;4386;Certificat en gestion du travail de bureau;20021;hiver 2002;125
ESA;1;4386;Certificat en gestion du travail de bureau;20022;été 2002;54
ESA;1;4386;Certificat en gestion du travail de bureau;20023;automne 2002;170
ESA;1;4386;Certificat en gestion du travail de bureau;20031;hiver 2003;141
ESA;1;4386;Certificat en gestion du travail de bureau;20032;été 2003;56
ESA;1;4386;Certificat en gestion du travail de bureau;20033;automne 2003;154
ESA;1;4386;Certificat en gestion du travail de bureau;20041;hiver 2004;131
ESA;1;4386;Certificat en gestion du travail de bureau;20042;été 2004;63
ESA;1;4386;Certificat en gestion du travail de bureau;20043;automne 2004;165
ESA;1;4386;Certificat en gestion du travail de bureau;20051;hiver 2005;151
ESA;1;4386;Certificat en gestion du travail de bureau;20052;été 2005;82
ESA;1;4386;Certificat en gestion du travail de bureau;20053;automne 2005;138
ESA;1;4386;Certificat en gestion du travail de bureau;20061;hiver 2006;138
ESA;1;4386;Certificat en gestion du travail de bureau;20062;été 2006;64
ESA;1;4386;Certificat en gestion du travail de bureau;20063;automne 2006;140
ESA;1;4386;Certificat en gestion du travail de bureau;20071;hiver 2007;116
ESA;1;4386;Certificat en gestion du travail de bureau;20072;été 2007;62
ESA;1;4386;Certificat en gestion du travail de bureau;20073;automne 2007;128
ESA;1;4386;Certificat en gestion du travail de bureau;20081;hiver 2008;84
ESA;1;4386;Certificat en gestion du travail de bureau;20082;été 2008;57
ESA;1;4386;Certificat en gestion du travail de bureau;20083;automne 2008;117
ESA;1;4386;Certificat en gestion du travail de bureau;20091;hiver 2009;111
ESA;1;4386;Certificat en gestion du travail de bureau;20092;été 2009;78
ESA;1;4386;Certificat en gestion du travail de bureau;20093;automne 2009;118
ESA;1;4386;Certificat en gestion du travail de bureau;20101;hiver 2010;95
ESA;1;4386;Certificat en gestion du travail de bureau;20102;été 2010;75
ESA;1;4386;Certificat en gestion du travail de bureau;20103;automne 2010;105
ESA;1;4386;Certificat en gestion du travail de bureau;20111;hiver 2011;86
ESA;1;4386;Certificat en gestion du travail de bureau;20112;été 2011;76
ESA;1;4386;Certificat en gestion du travail de bureau;20113;automne 2011;110
ESA;1;4386;Certificat en gestion du travail de bureau;20121;hiver 2012;98
ESA;1;4386;Certificat en gestion du travail de bureau;20122;été 2012;76
ESA;1;4386;Certificat en gestion du travail de bureau;20123;automne 2012;107
ESA;1;4386;Certificat en gestion du travail de bureau;20131;hiver 2013;129
ESA;1;4386;Certificat en gestion du travail de bureau;20132;été 2013;97
ESA;1;4386;Certificat en gestion du travail de bureau;20133;automne 2013;116
ESA;1;4386;Certificat en gestion du travail de bureau;20141;hiver 2014;114
ESA;1;4386;Certificat en gestion du travail de bureau;20142;été 2014;106
ESA;1;4386;Certificat en gestion du travail de bureau;20143;automne 2014;120
ESA;1;4386;Certificat en gestion du travail de bureau;20151;hiver 2015;153
ESA;1;4386;Certificat en gestion du travail de bureau;20152;été 2015;94
ESA;1;4386;Certificat en gestion du travail de bureau;20153;automne 2015;128
ESA;1;4386;Certificat en gestion du travail de bureau;20161;hiver 2016;134
ESA;1;4386;Certificat en gestion du travail de bureau;20162;été 2016;78
ESA;1;4386;Certificat en gestion du travail de bureau;20163;automne 2016;147
ESA;1;4386;Certificat en gestion du travail de bureau;20171;hiver 2017;162
ESA;1;4386;Certificat en gestion du travail de bureau;20172;été 2017;85
ESA;1;4386;Certificat en gestion du travail de bureau;20173;automne 2017;150
ESA;1;4386;Certificat en gestion du travail de bureau;20181;hiver 2018;133
ESA;1;4386;Certificat en gestion du travail de bureau;20182;été 2018;81
ESA;1;4386;Certificat en gestion du travail de bureau;20183;automne 2018;111
ESA;1;4386;Certificat en gestion du travail de bureau;20191;hiver 2019;112
ESA;1;4386;Certificat en gestion du travail de bureau;20192;été 2019;63
ESA;1;4386;Certificat en gestion du travail de bureau;20193;automne 2019;129
ESA;1;4386;Certificat en gestion du travail de bureau;20201;hiver 2020;118
ESA;1;4386;Certificat en gestion du travail de bureau;20202;été 2020;99
ESA;1;4386;Certificat en gestion du travail de bureau;20203;automne 2020;140
ESA;1;4386;Certificat en gestion du travail de bureau;20211;hiver 2021;158
ESA;1;4386;Certificat en gestion du travail de bureau;20212;été 2021;103
ESA;1;4386;Certificat en gestion du travail de bureau;20213;automne 2021;130
ESA;1;4386;Certificat en gestion du travail de bureau;20221;hiver 2022;131
ESA;1;4386;Certificat en gestion du travail de bureau;20222;été 2022;101
ESA;1;4386;Certificat en gestion du travail de bureau;20223;automne 2022;119
ESA;1;4386;Certificat en gestion du travail de bureau;20231;hiver 2023;148
ESA;1;4386;Certificat en gestion du travail de bureau;20232;été 2023;87
ESA;1;4386;Certificat en gestion du travail de bureau;20233;automne 2023;139
ESA;1;4386;Certificat en gestion du travail de bureau;20241;hiver 2024;175
ESA;1;4386;Certificat en gestion du travail de bureau;20242;été 2024;135
ESA;1;4386;Certificat en gestion du travail de bureau;20243;automne 2024;199
ESA;1;4386;Certificat en gestion du travail de bureau;20251;hiver 2025;180
ESA;1;4386;Certificat en gestion du travail de bureau;20252;été 2025;121
ESA;1;4386;Certificat en gestion du travail de bureau;20253;automne 2025;165
ESA;1;4386;Certificat en gestion du travail de bureau;20261;hiver 2026;159
ESA;1;4386;Certificat en gestion du travail de bureau;20262;été 2026;71
ST;1;4390;Certificat en sciences de l'environnement;19773;automne 1977;1
ST;1;4390;Certificat en sciences de l'environnement;19781;hiver 1978;1
ST;1;4390;Certificat en sciences de l'environnement;19791;hiver 1979;1
ST;1;4390;Certificat en sciences de l'environnement;19792;été 1979;1
ST;1;4390;Certificat en sciences de l'environnement;19793;automne 1979;1
ST;1;4390;Certificat en sciences de l'environnement;19801;hiver 1980;1
ST;1;4390;Certificat en sciences de l'environnement;19833;automne 1983;1
ST;1;4390;Certificat en sciences de l'environnement;19881;hiver 1988;1
ST;1;4390;Certificat en sciences de l'environnement;19943;automne 1994;53
ST;1;4390;Certificat en sciences de l'environnement;19951;hiver 1995;49
ST;1;4390;Certificat en sciences de l'environnement;19952;été 1995;35
ST;1;4390;Certificat en sciences de l'environnement;19953;automne 1995;80
ST;1;4390;Certificat en sciences de l'environnement;19961;hiver 1996;91
ST;1;4390;Certificat en sciences de l'environnement;19962;été 1996;41
ST;1;4390;Certificat en sciences de l'environnement;19963;automne 1996;98
ST;1;4390;Certificat en sciences de l'environnement;19971;hiver 1997;86
ST;1;4390;Certificat en sciences de l'environnement;19972;été 1997;28
ST;1;4390;Certificat en sciences de l'environnement;19973;automne 1997;94
ST;1;4390;Certificat en sciences de l'environnement;19981;hiver 1998;84
ST;1;4390;Certificat en sciences de l'environnement;19982;été 1998;45
ST;1;4390;Certificat en sciences de l'environnement;19983;automne 1998;121
ST;1;4390;Certificat en sciences de l'environnement;19991;hiver 1999;102
ST;1;4390;Certificat en sciences de l'environnement;19992;été 1999;25
ST;1;4390;Certificat en sciences de l'environnement;19993;automne 1999;125
ST;1;4390;Certificat en sciences de l'environnement;20001;hiver 2000;88
ST;1;4390;Certificat en sciences de l'environnement;20002;été 2000;24
ST;1;4390;Certificat en sciences de l'environnement;20003;automne 2000;85
ST;1;4390;Certificat en sciences de l'environnement;20011;hiver 2001;65
ST;1;4390;Certificat en sciences de l'environnement;20012;été 2001;32
ST;1;4390;Certificat en sciences de l'environnement;20013;automne 2001;91
ST;1;4390;Certificat en sciences de l'environnement;20021;hiver 2002;112
ST;1;4390;Certificat en sciences de l'environnement;20022;été 2002;49
ST;1;4390;Certificat en sciences de l'environnement;20023;automne 2002;100
ST;1;4390;Certificat en sciences de l'environnement;20031;hiver 2003;104
ST;1;4390;Certificat en sciences de l'environnement;20032;été 2003;71
ST;1;4390;Certificat en sciences de l'environnement;20033;automne 2003;151
ST;1;4390;Certificat en sciences de l'environnement;20041;hiver 2004;126
ST;1;4390;Certificat en sciences de l'environnement;20042;été 2004;73
ST;1;4390;Certificat en sciences de l'environnement;20043;automne 2004;176
ST;1;4390;Certificat en sciences de l'environnement;20051;hiver 2005;173
ST;1;4390;Certificat en sciences de l'environnement;20052;été 2005;84
ST;1;4390;Certificat en sciences de l'environnement;20053;automne 2005;183
ST;1;4390;Certificat en sciences de l'environnement;20061;hiver 2006;170
ST;1;4390;Certificat en sciences de l'environnement;20062;été 2006;83
ST;1;4390;Certificat en sciences de l'environnement;20063;automne 2006;171
ST;1;4390;Certificat en sciences de l'environnement;20071;hiver 2007;170
ST;1;4390;Certificat en sciences de l'environnement;20072;été 2007;116
ST;1;4390;Certificat en sciences de l'environnement;20073;automne 2007;178
ST;1;4390;Certificat en sciences de l'environnement;20081;hiver 2008;143
ST;1;4390;Certificat en sciences de l'environnement;20082;été 2008;118
ST;1;4390;Certificat en sciences de l'environnement;20083;automne 2008;230
ST;1;4390;Certificat en sciences de l'environnement;20091;hiver 2009;229
ST;1;4390;Certificat en sciences de l'environnement;20092;été 2009;135
ST;1;4390;Certificat en sciences de l'environnement;20093;automne 2009;227
ST;1;4390;Certificat en sciences de l'environnement;20101;hiver 2010;217
ST;1;4390;Certificat en sciences de l'environnement;20102;été 2010;135
ST;1;4390;Certificat en sciences de l'environnement;20103;automne 2010;234
ST;1;4390;Certificat en sciences de l'environnement;20111;hiver 2011;231
ST;1;4390;Certificat en sciences de l'environnement;20112;été 2011;130
ST;1;4390;Certificat en sciences de l'environnement;20113;automne 2011;187
ST;1;4390;Certificat en sciences de l'environnement;20121;hiver 2012;167
ST;1;4390;Certificat en sciences de l'environnement;20122;été 2012;115
ST;1;4390;Certificat en sciences de l'environnement;20123;automne 2012;198
ST;1;4390;Certificat en sciences de l'environnement;20131;hiver 2013;206
ST;1;4390;Certificat en sciences de l'environnement;20132;été 2013;116
ST;1;4390;Certificat en sciences de l'environnement;20133;automne 2013;206
ST;1;4390;Certificat en sciences de l'environnement;20141;hiver 2014;157
ST;1;4390;Certificat en sciences de l'environnement;20142;été 2014;89
ST;1;4390;Certificat en sciences de l'environnement;20143;automne 2014;146
ST;1;4390;Certificat en sciences de l'environnement;20151;hiver 2015;148
ST;1;4390;Certificat en sciences de l'environnement;20152;été 2015;74
ST;1;4390;Certificat en sciences de l'environnement;20153;automne 2015;162
ST;1;4390;Certificat en sciences de l'environnement;20161;hiver 2016;134
ST;1;4390;Certificat en sciences de l'environnement;20162;été 2016;53
ST;1;4390;Certificat en sciences de l'environnement;20163;automne 2016;117
ST;1;4390;Certificat en sciences de l'environnement;20171;hiver 2017;111
ST;1;4390;Certificat en sciences de l'environnement;20172;été 2017;68
ST;1;4390;Certificat en sciences de l'environnement;20173;automne 2017;121
ST;1;4390;Certificat en sciences de l'environnement;20181;hiver 2018;92
ST;1;4390;Certificat en sciences de l'environnement;20182;été 2018;72
ST;1;4390;Certificat en sciences de l'environnement;20183;automne 2018;97
ST;1;4390;Certificat en sciences de l'environnement;20191;hiver 2019;104
ST;1;4390;Certificat en sciences de l'environnement;20192;été 2019;44
ST;1;4390;Certificat en sciences de l'environnement;20193;automne 2019;146
ST;1;4390;Certificat en sciences de l'environnement;20201;hiver 2020;147
ST;1;4390;Certificat en sciences de l'environnement;20202;été 2020;64
ST;1;4390;Certificat en sciences de l'environnement;20203;automne 2020;131
ST;1;4390;Certificat en sciences de l'environnement;20211;hiver 2021;152
ST;1;4390;Certificat en sciences de l'environnement;20212;été 2021;65
ST;1;4390;Certificat en sciences de l'environnement;20213;automne 2021;112
ST;1;4390;Certificat en sciences de l'environnement;20221;hiver 2022;136
ST;1;4390;Certificat en sciences de l'environnement;20222;été 2022;63
ST;1;4390;Certificat en sciences de l'environnement;20223;automne 2022;112
ST;1;4390;Certificat en sciences de l'environnement;20231;hiver 2023;94
ST;1;4390;Certificat en sciences de l'environnement;20232;été 2023;61
ST;1;4390;Certificat en sciences de l'environnement;20233;automne 2023;110
ST;1;4390;Certificat en sciences de l'environnement;20241;hiver 2024;105
ST;1;4390;Certificat en sciences de l'environnement;20242;été 2024;73
ST;1;4390;Certificat en sciences de l'environnement;20243;automne 2024;107
ST;1;4390;Certificat en sciences de l'environnement;20251;hiver 2025;101
ST;1;4390;Certificat en sciences de l'environnement;20252;été 2025;74
ST;1;4390;Certificat en sciences de l'environnement;20253;automne 2025;126
ST;1;4390;Certificat en sciences de l'environnement;20261;hiver 2026;109
ST;1;4390;Certificat en sciences de l'environnement;20262;été 2026;53
ESA;1;4397;Certificat en administration;19771;hiver 1977;2
ESA;1;4397;Certificat en administration;19773;automne 1977;4
ESA;1;4397;Certificat en administration;19781;hiver 1978;8
ESA;1;4397;Certificat en administration;19782;été 1978;1
ESA;1;4397;Certificat en administration;19783;automne 1978;5
ESA;1;4397;Certificat en administration;19791;hiver 1979;8
ESA;1;4397;Certificat en administration;19792;été 1979;4
ESA;1;4397;Certificat en administration;19793;automne 1979;4
ESA;1;4397;Certificat en administration;19801;hiver 1980;13
ESA;1;4397;Certificat en administration;19802;été 1980;2
ESA;1;4397;Certificat en administration;19803;automne 1980;11
ESA;1;4397;Certificat en administration;19811;hiver 1981;15
ESA;1;4397;Certificat en administration;19812;été 1981;11
ESA;1;4397;Certificat en administration;19813;automne 1981;20
ESA;1;4397;Certificat en administration;19821;hiver 1982;10
ESA;1;4397;Certificat en administration;19822;été 1982;3
ESA;1;4397;Certificat en administration;19823;automne 1982;21
ESA;1;4397;Certificat en administration;19831;hiver 1983;13
ESA;1;4397;Certificat en administration;19832;été 1983;7
ESA;1;4397;Certificat en administration;19833;automne 1983;13
ESA;1;4397;Certificat en administration;19841;hiver 1984;11
ESA;1;4397;Certificat en administration;19871;hiver 1987;1
ESA;1;4397;Certificat en administration;19873;automne 1987;1
ESA;1;4397;Certificat en administration;19883;automne 1988;1
ESA;1;4397;Certificat en administration;19891;hiver 1989;1
ESA;1;4397;Certificat en administration;19892;été 1989;1
ESA;1;4397;Certificat en administration;19893;automne 1989;1
ESA;1;4397;Certificat en administration;19901;hiver 1990;4
ESA;1;4397;Certificat en administration;19902;été 1990;2
ESA;1;4397;Certificat en administration;19903;automne 1990;2
ESA;1;4397;Certificat en administration;19911;hiver 1991;1
ESA;1;4397;Certificat en administration;19912;été 1991;1
ESA;1;4397;Certificat en administration;19913;automne 1991;752
ESA;1;4397;Certificat en administration;19921;hiver 1992;986
ESA;1;4397;Certificat en administration;19922;été 1992;556
ESA;1;4397;Certificat en administration;19923;automne 1992;1506
ESA;1;4397;Certificat en administration;19931;hiver 1993;1306
ESA;1;4397;Certificat en administration;19932;été 1993;673
ESA;1;4397;Certificat en administration;19933;automne 1993;1539
ESA;1;4397;Certificat en administration;19941;hiver 1994;1202
ESA;1;4397;Certificat en administration;19942;été 1994;660
ESA;1;4397;Certificat en administration;19943;automne 1994;1658
ESA;1;4397;Certificat en administration;19951;hiver 1995;1408
ESA;1;4397;Certificat en administration;19952;été 1995;685
ESA;1;4397;Certificat en administration;19953;automne 1995;1568
ESA;1;4397;Certificat en administration;19961;hiver 1996;1367
ESA;1;4397;Certificat en administration;19962;été 1996;641
ESA;1;4397;Certificat en administration;19963;automne 1996;1438
ESA;1;4397;Certificat en administration;19971;hiver 1997;1217
ESA;1;4397;Certificat en administration;19972;été 1997;641
ESA;1;4397;Certificat en administration;19973;automne 1997;1431
ESA;1;4397;Certificat en administration;19981;hiver 1998;1088
ESA;1;4397;Certificat en administration;19982;été 1998;591
ESA;1;4397;Certificat en administration;19983;automne 1998;1297
ESA;1;4397;Certificat en administration;19991;hiver 1999;1151
ESA;1;4397;Certificat en administration;19992;été 1999;511
ESA;1;4397;Certificat en administration;19993;automne 1999;1342
ESA;1;4397;Certificat en administration;20001;hiver 2000;1085
ESA;1;4397;Certificat en administration;20002;été 2000;494
ESA;1;4397;Certificat en administration;20003;automne 2000;1329
ESA;1;4397;Certificat en administration;20011;hiver 2001;1000
ESA;1;4397;Certificat en administration;20012;été 2001;471
ESA;1;4397;Certificat en administration;20013;automne 2001;1216
ESA;1;4397;Certificat en administration;20021;hiver 2002;1099
ESA;1;4397;Certificat en administration;20022;été 2002;551
ESA;1;4397;Certificat en administration;20023;automne 2002;1282
ESA;1;4397;Certificat en administration;20031;hiver 2003;1045
ESA;1;4397;Certificat en administration;20032;été 2003;516
ESA;1;4397;Certificat en administration;20033;automne 2003;1241
ESA;1;4397;Certificat en administration;20041;hiver 2004;1010
ESA;1;4397;Certificat en administration;20042;été 2004;545
ESA;1;4397;Certificat en administration;20043;automne 2004;1164
ESA;1;4397;Certificat en administration;20051;hiver 2005;1109
ESA;1;4397;Certificat en administration;20052;été 2005;532
ESA;1;4397;Certificat en administration;20053;automne 2005;1194
ESA;1;4397;Certificat en administration;20061;hiver 2006;1068
ESA;1;4397;Certificat en administration;20062;été 2006;601
ESA;1;4397;Certificat en administration;20063;automne 2006;1192
ESA;1;4397;Certificat en administration;20071;hiver 2007;1098
ESA;1;4397;Certificat en administration;20072;été 2007;625
ESA;1;4397;Certificat en administration;20073;automne 2007;1042
ESA;1;4397;Certificat en administration;20081;hiver 2008;687
ESA;1;4397;Certificat en administration;20082;été 2008;510
ESA;1;4397;Certificat en administration;20083;automne 2008;1019
ESA;1;4397;Certificat en administration;20091;hiver 2009;958
ESA;1;4397;Certificat en administration;20092;été 2009;651
ESA;1;4397;Certificat en administration;20093;automne 2009;1114
ESA;1;4397;Certificat en administration;20101;hiver 2010;1015
ESA;1;4397;Certificat en administration;20102;été 2010;698
ESA;1;4397;Certificat en administration;20103;automne 2010;1124
ESA;1;4397;Certificat en administration;20111;hiver 2011;929
ESA;1;4397;Certificat en administration;20112;été 2011;628
ESA;1;4397;Certificat en administration;20113;automne 2011;1120
ESA;1;4397;Certificat en administration;20121;hiver 2012;1129
ESA;1;4397;Certificat en administration;20122;été 2012;758
ESA;1;4397;Certificat en administration;20123;automne 2012;1267
ESA;1;4397;Certificat en administration;20131;hiver 2013;1176
ESA;1;4397;Certificat en administration;20132;été 2013;736
ESA;1;4397;Certificat en administration;20133;automne 2013;1073
ESA;1;4397;Certificat en administration;20141;hiver 2014;1069
ESA;1;4397;Certificat en administration;20142;été 2014;716
ESA;1;4397;Certificat en administration;20143;automne 2014;1105
ESA;1;4397;Certificat en administration;20151;hiver 2015;1110
ESA;1;4397;Certificat en administration;20152;été 2015;713
ESA;1;4397;Certificat en administration;20153;automne 2015;1038
ESA;1;4397;Certificat en administration;20161;hiver 2016;991
ESA;1;4397;Certificat en administration;20162;été 2016;661
ESA;1;4397;Certificat en administration;20163;automne 2016;987
ESA;1;4397;Certificat en administration;20171;hiver 2017;938
ESA;1;4397;Certificat en administration;20172;été 2017;571
ESA;1;4397;Certificat en administration;20173;automne 2017;918
ESA;1;4397;Certificat en administration;20181;hiver 2018;880
ESA;1;4397;Certificat en administration;20182;été 2018;620
ESA;1;4397;Certificat en administration;20183;automne 2018;819
ESA;1;4397;Certificat en administration;20191;hiver 2019;687
ESA;1;4397;Certificat en administration;20192;été 2019;392
ESA;1;4397;Certificat en administration;20193;automne 2019;755
ESA;1;4397;Certificat en administration;20201;hiver 2020;759
ESA;1;4397;Certificat en administration;20202;été 2020;591
ESA;1;4397;Certificat en administration;20203;automne 2020;781
ESA;1;4397;Certificat en administration;20211;hiver 2021;847
ESA;1;4397;Certificat en administration;20212;été 2021;462
ESA;1;4397;Certificat en administration;20213;automne 2021;699
ESA;1;4397;Certificat en administration;20221;hiver 2022;682
ESA;1;4397;Certificat en administration;20222;été 2022;387
ESA;1;4397;Certificat en administration;20223;automne 2022;617
ESA;1;4397;Certificat en administration;20231;hiver 2023;639
ESA;1;4397;Certificat en administration;20232;été 2023;430
ESA;1;4397;Certificat en administration;20233;automne 2023;710
ESA;1;4397;Certificat en administration;20241;hiver 2024;774
ESA;1;4397;Certificat en administration;20242;été 2024;477
ESA;1;4397;Certificat en administration;20243;automne 2024;713
ESA;1;4397;Certificat en administration;20251;hiver 2025;748
ESA;1;4397;Certificat en administration;20252;été 2025;477
ESA;1;4397;Certificat en administration;20253;automne 2025;723
ESA;1;4397;Certificat en administration;20261;hiver 2026;699
ESA;1;4397;Certificat en administration;20262;été 2026;357
ESA;1;4399;Certificat en relations industrielles;19761;hiver 1976;1
ESA;1;4399;Certificat en relations industrielles;19773;automne 1977;4
ESA;1;4399;Certificat en relations industrielles;19781;hiver 1978;3
ESA;1;4399;Certificat en relations industrielles;19782;été 1978;1
ESA;1;4399;Certificat en relations industrielles;19791;hiver 1979;2
ESA;1;4399;Certificat en relations industrielles;19792;été 1979;1
ESA;1;4399;Certificat en relations industrielles;19793;automne 1979;2
ESA;1;4399;Certificat en relations industrielles;19801;hiver 1980;3
ESA;1;4399;Certificat en relations industrielles;19803;automne 1980;1
ESA;1;4399;Certificat en relations industrielles;19811;hiver 1981;2
ESA;1;4399;Certificat en relations industrielles;19812;été 1981;1
ESA;1;4399;Certificat en relations industrielles;19813;automne 1981;5
ESA;1;4399;Certificat en relations industrielles;19821;hiver 1982;4
ESA;1;4399;Certificat en relations industrielles;19822;été 1982;1
ESA;1;4399;Certificat en relations industrielles;19823;automne 1982;1
ESA;1;4399;Certificat en relations industrielles;19831;hiver 1983;6
ESA;1;4399;Certificat en relations industrielles;19832;été 1983;2
ESA;1;4399;Certificat en relations industrielles;19833;automne 1983;1
ESA;1;4399;Certificat en relations industrielles;19841;hiver 1984;1
ESA;1;4399;Certificat en relations industrielles;19891;hiver 1989;2
ESA;1;4399;Certificat en relations industrielles;19901;hiver 1990;1
ESA;1;4399;Certificat en relations industrielles;19903;automne 1990;4
ESA;1;4399;Certificat en relations industrielles;19913;automne 1991;367
ESA;1;4399;Certificat en relations industrielles;19921;hiver 1992;450
ESA;1;4399;Certificat en relations industrielles;19922;été 1992;342
ESA;1;4399;Certificat en relations industrielles;19923;automne 1992;644
ESA;1;4399;Certificat en relations industrielles;19931;hiver 1993;580
ESA;1;4399;Certificat en relations industrielles;19932;été 1993;347
ESA;1;4399;Certificat en relations industrielles;19933;automne 1993;586
ESA;1;4399;Certificat en relations industrielles;19941;hiver 1994;514
ESA;1;4399;Certificat en relations industrielles;19942;été 1994;246
ESA;1;4399;Certificat en relations industrielles;19943;automne 1994;483
ESA;1;4399;Certificat en relations industrielles;19951;hiver 1995;471
ESA;1;4399;Certificat en relations industrielles;19952;été 1995;234
ESA;1;4399;Certificat en relations industrielles;19953;automne 1995;495
ESA;1;4399;Certificat en relations industrielles;19961;hiver 1996;425
ESA;1;4399;Certificat en relations industrielles;19962;été 1996;223
ESA;1;4399;Certificat en relations industrielles;19963;automne 1996;374
ESA;1;4399;Certificat en relations industrielles;19971;hiver 1997;286
ESA;1;4399;Certificat en relations industrielles;19972;été 1997;113
ESA;1;4399;Certificat en relations industrielles;19973;automne 1997;265
ESA;1;4399;Certificat en relations industrielles;19981;hiver 1998;224
ESA;1;4399;Certificat en relations industrielles;19982;été 1998;121
ESA;1;4399;Certificat en relations industrielles;19983;automne 1998;232
ESA;1;4399;Certificat en relations industrielles;19991;hiver 1999;186
ESA;1;4399;Certificat en relations industrielles;19992;été 1999;114
ESA;1;4399;Certificat en relations industrielles;19993;automne 1999;77
ESA;1;4399;Certificat en relations industrielles;20001;hiver 2000;44
ESA;1;4399;Certificat en relations industrielles;20002;été 2000;17
ESA;1;4399;Certificat en relations industrielles;20003;automne 2000;34
ESA;1;4399;Certificat en relations industrielles;20011;hiver 2001;16
ESA;1;4399;Certificat en relations industrielles;20012;été 2001;14
ESA;1;4399;Certificat en relations industrielles;20013;automne 2001;5
ESA;1;4399;Certificat en relations industrielles;20021;hiver 2002;7
ESA;1;4399;Certificat en relations industrielles;20023;automne 2002;3
ESA;1;4399;Certificat en relations industrielles;20031;hiver 2003;5
ESA;1;4399;Certificat en relations industrielles;20032;été 2003;1
ESA;1;4399;Certificat en relations industrielles;20033;automne 2003;1
ESA;1;4399;Certificat en relations industrielles;20041;hiver 2004;1
ST;1;4401;Certificat en science et technologie;19781;hiver 1978;1
ST;1;4401;Certificat en science et technologie;19791;hiver 1979;3
ST;1;4401;Certificat en science et technologie;19792;été 1979;1
ST;1;4401;Certificat en science et technologie;19793;automne 1979;2
ST;1;4401;Certificat en science et technologie;19801;hiver 1980;6
ST;1;4401;Certificat en science et technologie;19802;été 1980;2
ST;1;4401;Certificat en science et technologie;19803;automne 1980;11
ST;1;4401;Certificat en science et technologie;19811;hiver 1981;21
ST;1;4401;Certificat en science et technologie;19812;été 1981;19
ST;1;4401;Certificat en science et technologie;19813;automne 1981;10
ST;1;4401;Certificat en science et technologie;19821;hiver 1982;9
ST;1;4401;Certificat en science et technologie;19822;été 1982;1
ST;1;4401;Certificat en science et technologie;19823;automne 1982;5
ST;1;4401;Certificat en science et technologie;19831;hiver 1983;3
ST;1;4401;Certificat en science et technologie;19832;été 1983;3
ST;1;4401;Certificat en science et technologie;19833;automne 1983;1
ST;1;4401;Certificat en science et technologie;19841;hiver 1984;2
ST;1;4401;Certificat en science et technologie;19883;automne 1988;2
ST;1;4401;Certificat en science et technologie;19891;hiver 1989;2
ST;1;4401;Certificat en science et technologie;19893;automne 1989;1
ST;1;4401;Certificat en science et technologie;19901;hiver 1990;1
ST;1;4401;Certificat en science et technologie;19911;hiver 1991;1
ST;1;4401;Certificat en science et technologie;19912;été 1991;1
ST;1;4401;Certificat en science et technologie;19913;automne 1991;126
ST;1;4401;Certificat en science et technologie;19921;hiver 1992;264
ST;1;4401;Certificat en science et technologie;19922;été 1992;217
ST;1;4401;Certificat en science et technologie;19923;automne 1992;279
ST;1;4401;Certificat en science et technologie;19931;hiver 1993;262
ST;1;4401;Certificat en science et technologie;19932;été 1993;172
ST;1;4401;Certificat en science et technologie;19933;automne 1993;262
ST;1;4401;Certificat en science et technologie;19941;hiver 1994;250
ST;1;4401;Certificat en science et technologie;19942;été 1994;190
ST;1;4401;Certificat en science et technologie;19943;automne 1994;253
ST;1;4401;Certificat en science et technologie;19951;hiver 1995;251
ST;1;4401;Certificat en science et technologie;19952;été 1995;200
ST;1;4401;Certificat en science et technologie;19953;automne 1995;271
ST;1;4401;Certificat en science et technologie;19961;hiver 1996;179
ST;1;4401;Certificat en science et technologie;19962;été 1996;155
ST;1;4401;Certificat en science et technologie;19963;automne 1996;206
ST;1;4401;Certificat en science et technologie;19971;hiver 1997;126
ST;1;4401;Certificat en science et technologie;19972;été 1997;108
ST;1;4401;Certificat en science et technologie;19973;automne 1997;159
ST;1;4401;Certificat en science et technologie;19981;hiver 1998;140
ST;1;4401;Certificat en science et technologie;19982;été 1998;97
ST;1;4401;Certificat en science et technologie;19983;automne 1998;135
ST;1;4401;Certificat en science et technologie;19991;hiver 1999;85
ST;1;4401;Certificat en science et technologie;19992;été 1999;62
ST;1;4401;Certificat en science et technologie;19993;automne 1999;103
ST;1;4401;Certificat en science et technologie;20001;hiver 2000;106
ST;1;4401;Certificat en science et technologie;20002;été 2000;63
ST;1;4401;Certificat en science et technologie;20003;automne 2000;107
ST;1;4401;Certificat en science et technologie;20011;hiver 2001;71
ST;1;4401;Certificat en science et technologie;20012;été 2001;71
ST;1;4401;Certificat en science et technologie;20013;automne 2001;95
ST;1;4401;Certificat en science et technologie;20021;hiver 2002;98
ST;1;4401;Certificat en science et technologie;20022;été 2002;82
ST;1;4401;Certificat en science et technologie;20023;automne 2002;84
ST;1;4401;Certificat en science et technologie;20031;hiver 2003;52
ST;1;4401;Certificat en science et technologie;20032;été 2003;53
ST;1;4401;Certificat en science et technologie;20033;automne 2003;89
ST;1;4401;Certificat en science et technologie;20041;hiver 2004;75
ST;1;4401;Certificat en science et technologie;20042;été 2004;60
ST;1;4401;Certificat en science et technologie;20043;automne 2004;69
ST;1;4401;Certificat en science et technologie;20051;hiver 2005;66
ST;1;4401;Certificat en science et technologie;20052;été 2005;61
ST;1;4401;Certificat en science et technologie;20053;automne 2005;71
ST;1;4401;Certificat en science et technologie;20061;hiver 2006;76
ST;1;4401;Certificat en science et technologie;20062;été 2006;66
ST;1;4401;Certificat en science et technologie;20063;automne 2006;73
ST;1;4401;Certificat en science et technologie;20071;hiver 2007;65
ST;1;4401;Certificat en science et technologie;20072;été 2007;71
ST;1;4401;Certificat en science et technologie;20073;automne 2007;62
ST;1;4401;Certificat en science et technologie;20081;hiver 2008;39
ST;1;4401;Certificat en science et technologie;20082;été 2008;55
ST;1;4401;Certificat en science et technologie;20083;automne 2008;83
ST;1;4401;Certificat en science et technologie;20091;hiver 2009;70
ST;1;4401;Certificat en science et technologie;20092;été 2009;45
ST;1;4401;Certificat en science et technologie;20093;automne 2009;82
ST;1;4401;Certificat en science et technologie;20101;hiver 2010;64
ST;1;4401;Certificat en science et technologie;20102;été 2010;62
ST;1;4401;Certificat en science et technologie;20103;automne 2010;55
ST;1;4401;Certificat en science et technologie;20111;hiver 2011;51
ST;1;4401;Certificat en science et technologie;20112;été 2011;61
ST;1;4401;Certificat en science et technologie;20113;automne 2011;71
ST;1;4401;Certificat en science et technologie;20121;hiver 2012;79
ST;1;4401;Certificat en science et technologie;20122;été 2012;43
ST;1;4401;Certificat en science et technologie;20123;automne 2012;55
ST;1;4401;Certificat en science et technologie;20131;hiver 2013;57
ST;1;4401;Certificat en science et technologie;20132;été 2013;38
ST;1;4401;Certificat en science et technologie;20133;automne 2013;48
ST;1;4401;Certificat en science et technologie;20141;hiver 2014;48
ST;1;4401;Certificat en science et technologie;20142;été 2014;38
ST;1;4401;Certificat en science et technologie;20143;automne 2014;43
ST;1;4401;Certificat en science et technologie;20151;hiver 2015;34
ST;1;4401;Certificat en science et technologie;20152;été 2015;27
ST;1;4401;Certificat en science et technologie;20153;automne 2015;43
ST;1;4401;Certificat en science et technologie;20161;hiver 2016;36
ST;1;4401;Certificat en science et technologie;20162;été 2016;32
ST;1;4401;Certificat en science et technologie;20163;automne 2016;52
ST;1;4401;Certificat en science et technologie;20171;hiver 2017;51
ST;1;4401;Certificat en science et technologie;20172;été 2017;35
ST;1;4401;Certificat en science et technologie;20173;automne 2017;51
ST;1;4401;Certificat en science et technologie;20181;hiver 2018;60
ST;1;4401;Certificat en science et technologie;20182;été 2018;38
ST;1;4401;Certificat en science et technologie;20183;automne 2018;45
ST;1;4401;Certificat en science et technologie;20191;hiver 2019;27
ST;1;4401;Certificat en science et technologie;20192;été 2019;20
ST;1;4401;Certificat en science et technologie;20193;automne 2019;41
ST;1;4401;Certificat en science et technologie;20201;hiver 2020;28
ST;1;4401;Certificat en science et technologie;20202;été 2020;34
ST;1;4401;Certificat en science et technologie;20203;automne 2020;53
ST;1;4401;Certificat en science et technologie;20211;hiver 2021;43
ST;1;4401;Certificat en science et technologie;20212;été 2021;30
ST;1;4401;Certificat en science et technologie;20213;automne 2021;35
ST;1;4401;Certificat en science et technologie;20221;hiver 2022;36
ST;1;4401;Certificat en science et technologie;20222;été 2022;24
ST;1;4401;Certificat en science et technologie;20223;automne 2022;25
ST;1;4401;Certificat en science et technologie;20231;hiver 2023;31
ST;1;4401;Certificat en science et technologie;20232;été 2023;28
ST;1;4401;Certificat en science et technologie;20233;automne 2023;45
ST;1;4401;Certificat en science et technologie;20241;hiver 2024;45
ST;1;4401;Certificat en science et technologie;20242;été 2024;25
ST;1;4401;Certificat en science et technologie;20243;automne 2024;45
ST;1;4401;Certificat en science et technologie;20251;hiver 2025;39
ST;1;4401;Certificat en science et technologie;20252;été 2025;33
ST;1;4401;Certificat en science et technologie;20253;automne 2025;34
ST;1;4401;Certificat en science et technologie;20261;hiver 2026;22
ST;1;4401;Certificat en science et technologie;20262;été 2026;27
ESA;1;4417;Certificat interuniversitaire de gestion en foresterie;19813;automne 1981;1
ESA;1;4417;Certificat interuniversitaire de gestion en foresterie;19942;été 1994;1
ESA;1;4417;Certificat interuniversitaire de gestion en foresterie;19943;automne 1994;4
ESA;1;4417;Certificat interuniversitaire de gestion en foresterie;19951;hiver 1995;2
ESA;1;4417;Certificat interuniversitaire de gestion en foresterie;19952;été 1995;2
ESA;1;4417;Certificat interuniversitaire de gestion en foresterie;19953;automne 1995;3
ESA;1;4417;Certificat interuniversitaire de gestion en foresterie;19961;hiver 1996;1
ESA;1;4417;Certificat interuniversitaire de gestion en foresterie;19962;été 1996;1
ESA;1;4417;Certificat interuniversitaire de gestion en foresterie;19963;automne 1996;6
ESA;1;4417;Certificat interuniversitaire de gestion en foresterie;19971;hiver 1997;2
ESA;1;4417;Certificat interuniversitaire de gestion en foresterie;19973;automne 1997;2
ESA;1;4417;Certificat interuniversitaire de gestion en foresterie;19981;hiver 1998;4
ESA;1;4417;Certificat interuniversitaire de gestion en foresterie;19982;été 1998;1
ESA;1;4417;Certificat interuniversitaire de gestion en foresterie;19983;automne 1998;2
ESA;1;4417;Certificat interuniversitaire de gestion en foresterie;19991;hiver 1999;3
ESA;1;4417;Certificat interuniversitaire de gestion en foresterie;19993;automne 1999;3
ESA;1;4417;Certificat interuniversitaire de gestion en foresterie;20001;hiver 2000;2
ESA;1;4417;Certificat interuniversitaire de gestion en foresterie;20003;automne 2000;2
ESA;1;4417;Certificat interuniversitaire de gestion en foresterie;20011;hiver 2001;1
ESA;1;4417;Certificat interuniversitaire de gestion en foresterie;20013;automne 2001;1
ESA;1;4417;Certificat interuniversitaire de gestion en foresterie;20021;hiver 2002;2
SHLC;1;4424;Certificat en pratiques rédactionnelles;19793;automne 1979;1
SHLC;1;4424;Certificat en pratiques rédactionnelles;19801;hiver 1980;1
SHLC;1;4424;Certificat en pratiques rédactionnelles;19812;été 1981;1
SHLC;1;4424;Certificat en pratiques rédactionnelles;19821;hiver 1982;1
SHLC;1;4424;Certificat en pratiques rédactionnelles;19823;automne 1982;1
SHLC;1;4424;Certificat en pratiques rédactionnelles;19952;été 1995;9
SHLC;1;4424;Certificat en pratiques rédactionnelles;19953;automne 1995;34
SHLC;1;4424;Certificat en pratiques rédactionnelles;19961;hiver 1996;37
SHLC;1;4424;Certificat en pratiques rédactionnelles;19962;été 1996;23
SHLC;1;4424;Certificat en pratiques rédactionnelles;19963;automne 1996;52
SHLC;1;4424;Certificat en pratiques rédactionnelles;19971;hiver 1997;64
SHLC;1;4424;Certificat en pratiques rédactionnelles;19972;été 1997;53
SHLC;1;4424;Certificat en pratiques rédactionnelles;19973;automne 1997;95
SHLC;1;4424;Certificat en pratiques rédactionnelles;19981;hiver 1998;63
SHLC;1;4424;Certificat en pratiques rédactionnelles;19982;été 1998;37
SHLC;1;4424;Certificat en pratiques rédactionnelles;19983;automne 1998;96
SHLC;1;4424;Certificat en pratiques rédactionnelles;19991;hiver 1999;89
SHLC;1;4424;Certificat en pratiques rédactionnelles;19992;été 1999;52
SHLC;1;4424;Certificat en pratiques rédactionnelles;19993;automne 1999;90
SHLC;1;4424;Certificat en pratiques rédactionnelles;20001;hiver 2000;66
SHLC;1;4424;Certificat en pratiques rédactionnelles;20002;été 2000;42
SHLC;1;4424;Certificat en pratiques rédactionnelles;20003;automne 2000;55
SHLC;1;4424;Certificat en pratiques rédactionnelles;20011;hiver 2001;68
SHLC;1;4424;Certificat en pratiques rédactionnelles;20012;été 2001;33
SHLC;1;4424;Certificat en pratiques rédactionnelles;20013;automne 2001;64
SHLC;1;4424;Certificat en pratiques rédactionnelles;20021;hiver 2002;58
SHLC;1;4424;Certificat en pratiques rédactionnelles;20022;été 2002;29
SHLC;1;4424;Certificat en pratiques rédactionnelles;20023;automne 2002;88
SHLC;1;4424;Certificat en pratiques rédactionnelles;20031;hiver 2003;71
SHLC;1;4424;Certificat en pratiques rédactionnelles;20032;été 2003;44
SHLC;1;4424;Certificat en pratiques rédactionnelles;20033;automne 2003;84
SHLC;1;4424;Certificat en pratiques rédactionnelles;20041;hiver 2004;101
SHLC;1;4424;Certificat en pratiques rédactionnelles;20042;été 2004;28
SHLC;1;4424;Certificat en pratiques rédactionnelles;20043;automne 2004;61
SHLC;1;4424;Certificat en pratiques rédactionnelles;20051;hiver 2005;55
SHLC;1;4424;Certificat en pratiques rédactionnelles;20052;été 2005;53
SHLC;1;4424;Certificat en pratiques rédactionnelles;20053;automne 2005;68
SHLC;1;4424;Certificat en pratiques rédactionnelles;20061;hiver 2006;73
SHLC;1;4424;Certificat en pratiques rédactionnelles;20062;été 2006;52
SHLC;1;4424;Certificat en pratiques rédactionnelles;20063;automne 2006;84
SHLC;1;4424;Certificat en pratiques rédactionnelles;20071;hiver 2007;94
SHLC;1;4424;Certificat en pratiques rédactionnelles;20072;été 2007;89
SHLC;1;4424;Certificat en pratiques rédactionnelles;20073;automne 2007;100
SHLC;1;4424;Certificat en pratiques rédactionnelles;20081;hiver 2008;76
SHLC;1;4424;Certificat en pratiques rédactionnelles;20082;été 2008;35
SHLC;1;4424;Certificat en pratiques rédactionnelles;20083;automne 2008;118
SHLC;1;4424;Certificat en pratiques rédactionnelles;20091;hiver 2009;106
SHLC;1;4424;Certificat en pratiques rédactionnelles;20092;été 2009;66
SHLC;1;4424;Certificat en pratiques rédactionnelles;20093;automne 2009;91
SHLC;1;4424;Certificat en pratiques rédactionnelles;20101;hiver 2010;67
SHLC;1;4424;Certificat en pratiques rédactionnelles;20102;été 2010;70
SHLC;1;4424;Certificat en pratiques rédactionnelles;20103;automne 2010;98
SHLC;1;4424;Certificat en pratiques rédactionnelles;20111;hiver 2011;68
SHLC;1;4424;Certificat en pratiques rédactionnelles;20112;été 2011;53
SHLC;1;4424;Certificat en pratiques rédactionnelles;20113;automne 2011;69
SHLC;1;4424;Certificat en pratiques rédactionnelles;20121;hiver 2012;85
SHLC;1;4424;Certificat en pratiques rédactionnelles;20122;été 2012;49
SHLC;1;4424;Certificat en pratiques rédactionnelles;20123;automne 2012;77
SHLC;1;4424;Certificat en pratiques rédactionnelles;20131;hiver 2013;78
SHLC;1;4424;Certificat en pratiques rédactionnelles;20132;été 2013;56
SHLC;1;4424;Certificat en pratiques rédactionnelles;20133;automne 2013;73
SHLC;1;4424;Certificat en pratiques rédactionnelles;20141;hiver 2014;73
SHLC;1;4424;Certificat en pratiques rédactionnelles;20142;été 2014;56
SHLC;1;4424;Certificat en pratiques rédactionnelles;20143;automne 2014;48
SHLC;1;4424;Certificat en pratiques rédactionnelles;20151;hiver 2015;65
SHLC;1;4424;Certificat en pratiques rédactionnelles;20152;été 2015;46
SHLC;1;4424;Certificat en pratiques rédactionnelles;20153;automne 2015;67
SHLC;1;4424;Certificat en pratiques rédactionnelles;20161;hiver 2016;72
SHLC;1;4424;Certificat en pratiques rédactionnelles;20162;été 2016;42
SHLC;1;4424;Certificat en pratiques rédactionnelles;20163;automne 2016;78
SHLC;1;4424;Certificat en pratiques rédactionnelles;20171;hiver 2017;83
SHLC;1;4424;Certificat en pratiques rédactionnelles;20172;été 2017;48
SHLC;1;4424;Certificat en pratiques rédactionnelles;20173;automne 2017;53
SHLC;1;4424;Certificat en pratiques rédactionnelles;20181;hiver 2018;39
SHLC;1;4424;Certificat en pratiques rédactionnelles;20182;été 2018;40
SHLC;1;4424;Certificat en pratiques rédactionnelles;20183;automne 2018;61
SHLC;1;4424;Certificat en pratiques rédactionnelles;20191;hiver 2019;76
SHLC;1;4424;Certificat en pratiques rédactionnelles;20192;été 2019;29
SHLC;1;4424;Certificat en pratiques rédactionnelles;20193;automne 2019;66
SHLC;1;4424;Certificat en pratiques rédactionnelles;20201;hiver 2020;72
SHLC;1;4424;Certificat en pratiques rédactionnelles;20202;été 2020;46
SHLC;1;4424;Certificat en pratiques rédactionnelles;20203;automne 2020;84
SHLC;1;4424;Certificat en pratiques rédactionnelles;20211;hiver 2021;73
SHLC;1;4424;Certificat en pratiques rédactionnelles;20212;été 2021;58
SHLC;1;4424;Certificat en pratiques rédactionnelles;20213;automne 2021;75
SHLC;1;4424;Certificat en pratiques rédactionnelles;20221;hiver 2022;74
SHLC;1;4424;Certificat en pratiques rédactionnelles;20222;été 2022;66
SHLC;1;4424;Certificat en pratiques rédactionnelles;20223;automne 2022;76
SHLC;1;4424;Certificat en pratiques rédactionnelles;20231;hiver 2023;84
SHLC;1;4424;Certificat en pratiques rédactionnelles;20232;été 2023;52
SHLC;1;4424;Certificat en pratiques rédactionnelles;20233;automne 2023;109
SHLC;1;4424;Certificat en pratiques rédactionnelles;20241;hiver 2024;108
SHLC;1;4424;Certificat en pratiques rédactionnelles;20242;été 2024;59
SHLC;1;4424;Certificat en pratiques rédactionnelles;20243;automne 2024;74
SHLC;1;4424;Certificat en pratiques rédactionnelles;20251;hiver 2025;68
SHLC;1;4424;Certificat en pratiques rédactionnelles;20252;été 2025;47
SHLC;1;4424;Certificat en pratiques rédactionnelles;20253;automne 2025;45
SHLC;1;4424;Certificat en pratiques rédactionnelles;20261;hiver 2026;42
SHLC;1;4424;Certificat en pratiques rédactionnelles;20262;été 2026;28
SHLC;1;4425;Certificat interuniversitaire en langue anglaise/Joint University Certificate in English Language Studies;19952;été 1995;16
SHLC;1;4425;Certificat interuniversitaire en langue anglaise/Joint University Certificate in English Language Studies;19953;automne 1995;22
SHLC;1;4425;Certificat interuniversitaire en langue anglaise/Joint University Certificate in English Language Studies;19961;hiver 1996;31
SHLC;1;4425;Certificat interuniversitaire en langue anglaise/Joint University Certificate in English Language Studies;19962;été 1996;23
SHLC;1;4425;Certificat interuniversitaire en langue anglaise/Joint University Certificate in English Language Studies;19963;automne 1996;25
SHLC;1;4425;Certificat interuniversitaire en langue anglaise/Joint University Certificate in English Language Studies;19971;hiver 1997;28
SHLC;1;4425;Certificat interuniversitaire en langue anglaise/Joint University Certificate in English Language Studies;19972;été 1997;28
SHLC;1;4425;Certificat interuniversitaire en langue anglaise/Joint University Certificate in English Language Studies;19973;automne 1997;42
SHLC;1;4425;Certificat interuniversitaire en langue anglaise/Joint University Certificate in English Language Studies;19981;hiver 1998;33
SHLC;1;4425;Certificat interuniversitaire en langue anglaise/Joint University Certificate in English Language Studies;19982;été 1998;17
SHLC;1;4425;Certificat interuniversitaire en langue anglaise/Joint University Certificate in English Language Studies;19983;automne 1998;42
SHLC;1;4425;Certificat interuniversitaire en langue anglaise/Joint University Certificate in English Language Studies;19991;hiver 1999;20
SHLC;1;4425;Certificat interuniversitaire en langue anglaise/Joint University Certificate in English Language Studies;19992;été 1999;30
SHLC;1;4425;Certificat interuniversitaire en langue anglaise/Joint University Certificate in English Language Studies;19993;automne 1999;41
SHLC;1;4425;Certificat interuniversitaire en langue anglaise/Joint University Certificate in English Language Studies;20001;hiver 2000;38
SHLC;1;4425;Certificat interuniversitaire en langue anglaise/Joint University Certificate in English Language Studies;20002;été 2000;19
SHLC;1;4425;Certificat interuniversitaire en langue anglaise/Joint University Certificate in English Language Studies;20003;automne 2000;45
SHLC;1;4425;Certificat interuniversitaire en langue anglaise/Joint University Certificate in English Language Studies;20011;hiver 2001;33
SHLC;1;4425;Certificat interuniversitaire en langue anglaise/Joint University Certificate in English Language Studies;20012;été 2001;30
SHLC;1;4425;Certificat interuniversitaire en langue anglaise/Joint University Certificate in English Language Studies;20013;automne 2001;38
SHLC;1;4425;Certificat interuniversitaire en langue anglaise/Joint University Certificate in English Language Studies;20021;hiver 2002;43
SHLC;1;4425;Certificat interuniversitaire en langue anglaise/Joint University Certificate in English Language Studies;20022;été 2002;33
SHLC;1;4425;Certificat interuniversitaire en langue anglaise/Joint University Certificate in English Language Studies;20023;automne 2002;52
SHLC;1;4425;Certificat interuniversitaire en langue anglaise/Joint University Certificate in English Language Studies;20031;hiver 2003;58
SHLC;1;4425;Certificat interuniversitaire en langue anglaise/Joint University Certificate in English Language Studies;20032;été 2003;46
SHLC;1;4425;Certificat interuniversitaire en langue anglaise/Joint University Certificate in English Language Studies;20033;automne 2003;69
SHLC;1;4425;Certificat interuniversitaire en langue anglaise/Joint University Certificate in English Language Studies;20041;hiver 2004;45
SHLC;1;4425;Certificat interuniversitaire en langue anglaise/Joint University Certificate in English Language Studies;20042;été 2004;43
SHLC;1;4425;Certificat interuniversitaire en langue anglaise/Joint University Certificate in English Language Studies;20043;automne 2004;60
SHLC;1;4425;Certificat interuniversitaire en langue anglaise/Joint University Certificate in English Language Studies;20051;hiver 2005;44
SHLC;1;4425;Certificat interuniversitaire en langue anglaise/Joint University Certificate in English Language Studies;20052;été 2005;31
SHLC;1;4425;Certificat interuniversitaire en langue anglaise/Joint University Certificate in English Language Studies;20053;automne 2005;42
SHLC;1;4425;Certificat interuniversitaire en langue anglaise/Joint University Certificate in English Language Studies;20061;hiver 2006;31
SHLC;1;4425;Certificat interuniversitaire en langue anglaise/Joint University Certificate in English Language Studies;20062;été 2006;39
SHLC;1;4425;Certificat interuniversitaire en langue anglaise/Joint University Certificate in English Language Studies;20063;automne 2006;43
SHLC;1;4425;Certificat interuniversitaire en langue anglaise/Joint University Certificate in English Language Studies;20071;hiver 2007;32
SHLC;1;4425;Certificat interuniversitaire en langue anglaise/Joint University Certificate in English Language Studies;20072;été 2007;41
SHLC;1;4425;Certificat interuniversitaire en langue anglaise/Joint University Certificate in English Language Studies;20073;automne 2007;42
SHLC;1;4425;Certificat interuniversitaire en langue anglaise/Joint University Certificate in English Language Studies;20081;hiver 2008;18
SHLC;1;4425;Certificat interuniversitaire en langue anglaise/Joint University Certificate in English Language Studies;20082;été 2008;34
SHLC;1;4425;Certificat interuniversitaire en langue anglaise/Joint University Certificate in English Language Studies;20083;automne 2008;31
SHLC;1;4425;Certificat interuniversitaire en langue anglaise/Joint University Certificate in English Language Studies;20091;hiver 2009;32
SHLC;1;4425;Certificat interuniversitaire en langue anglaise/Joint University Certificate in English Language Studies;20092;été 2009;21
SHLC;1;4425;Certificat interuniversitaire en langue anglaise/Joint University Certificate in English Language Studies;20093;automne 2009;48
SHLC;1;4425;Certificat interuniversitaire en langue anglaise/Joint University Certificate in English Language Studies;20101;hiver 2010;27
SHLC;1;4425;Certificat interuniversitaire en langue anglaise/Joint University Certificate in English Language Studies;20102;été 2010;30
SHLC;1;4425;Certificat interuniversitaire en langue anglaise/Joint University Certificate in English Language Studies;20103;automne 2010;38
SHLC;1;4425;Certificat interuniversitaire en langue anglaise/Joint University Certificate in English Language Studies;20111;hiver 2011;29
SHLC;1;4425;Certificat interuniversitaire en langue anglaise/Joint University Certificate in English Language Studies;20112;été 2011;28
SHLC;1;4425;Certificat interuniversitaire en langue anglaise/Joint University Certificate in English Language Studies;20113;automne 2011;32
SHLC;1;4425;Certificat interuniversitaire en langue anglaise/Joint University Certificate in English Language Studies;20121;hiver 2012;30
SHLC;1;4425;Certificat interuniversitaire en langue anglaise/Joint University Certificate in English Language Studies;20122;été 2012;31
SHLC;1;4425;Certificat interuniversitaire en langue anglaise/Joint University Certificate in English Language Studies;20123;automne 2012;30
SHLC;1;4425;Certificat interuniversitaire en langue anglaise/Joint University Certificate in English Language Studies;20131;hiver 2013;21
SHLC;1;4425;Certificat interuniversitaire en langue anglaise/Joint University Certificate in English Language Studies;20132;été 2013;10
SHLC;1;4425;Certificat interuniversitaire en langue anglaise/Joint University Certificate in English Language Studies;20133;automne 2013;22
SHLC;1;4425;Certificat interuniversitaire en langue anglaise/Joint University Certificate in English Language Studies;20141;hiver 2014;30
SHLC;1;4425;Certificat interuniversitaire en langue anglaise/Joint University Certificate in English Language Studies;20142;été 2014;12
SHLC;1;4425;Certificat interuniversitaire en langue anglaise/Joint University Certificate in English Language Studies;20143;automne 2014;14
SHLC;1;4425;Certificat interuniversitaire en langue anglaise/Joint University Certificate in English Language Studies;20151;hiver 2015;18
SHLC;1;4425;Certificat interuniversitaire en langue anglaise/Joint University Certificate in English Language Studies;20152;été 2015;18
SHLC;1;4425;Certificat interuniversitaire en langue anglaise/Joint University Certificate in English Language Studies;20153;automne 2015;42
SHLC;1;4425;Certificat interuniversitaire en langue anglaise/Joint University Certificate in English Language Studies;20161;hiver 2016;41
SHLC;1;4425;Certificat interuniversitaire en langue anglaise/Joint University Certificate in English Language Studies;20162;été 2016;35
SHLC;1;4425;Certificat interuniversitaire en langue anglaise/Joint University Certificate in English Language Studies;20163;automne 2016;41
SHLC;1;4425;Certificat interuniversitaire en langue anglaise/Joint University Certificate in English Language Studies;20171;hiver 2017;54
SHLC;1;4425;Certificat interuniversitaire en langue anglaise/Joint University Certificate in English Language Studies;20172;été 2017;29
SHLC;1;4425;Certificat interuniversitaire en langue anglaise/Joint University Certificate in English Language Studies;20173;automne 2017;92
SHLC;1;4425;Certificat interuniversitaire en langue anglaise/Joint University Certificate in English Language Studies;20181;hiver 2018;157
SHLC;1;4425;Certificat interuniversitaire en langue anglaise/Joint University Certificate in English Language Studies;20182;été 2018;122
SHLC;1;4425;Certificat interuniversitaire en langue anglaise/Joint University Certificate in English Language Studies;20183;automne 2018;24
SHLC;1;4425;Certificat interuniversitaire en langue anglaise/Joint University Certificate in English Language Studies;20191;hiver 2019;18
SHLC;1;4425;Certificat interuniversitaire en langue anglaise/Joint University Certificate in English Language Studies;20192;été 2019;5
SHLC;1;4425;Certificat interuniversitaire en langue anglaise/Joint University Certificate in English Language Studies;20193;automne 2019;14
SHLC;1;4425;Certificat interuniversitaire en langue anglaise/Joint University Certificate in English Language Studies;20201;hiver 2020;14
SHLC;1;4425;Certificat interuniversitaire en langue anglaise/Joint University Certificate in English Language Studies;20202;été 2020;11
SHLC;1;4425;Certificat interuniversitaire en langue anglaise/Joint University Certificate in English Language Studies;20203;automne 2020;14
SHLC;1;4425;Certificat interuniversitaire en langue anglaise/Joint University Certificate in English Language Studies;20211;hiver 2021;18
SHLC;1;4425;Certificat interuniversitaire en langue anglaise/Joint University Certificate in English Language Studies;20212;été 2021;6
SHLC;1;4425;Certificat interuniversitaire en langue anglaise/Joint University Certificate in English Language Studies;20213;automne 2021;4
SHLC;1;4425;Certificat interuniversitaire en langue anglaise/Joint University Certificate in English Language Studies;20221;hiver 2022;4
SHLC;1;4425;Certificat interuniversitaire en langue anglaise/Joint University Certificate in English Language Studies;20222;été 2022;2
SHLC;1;4425;Certificat interuniversitaire en langue anglaise/Joint University Certificate in English Language Studies;20223;automne 2022;3
SHLC;1;4425;Certificat interuniversitaire en langue anglaise/Joint University Certificate in English Language Studies;20232;été 2023;1
SHLC;1;4425;Certificat interuniversitaire en langue anglaise/Joint University Certificate in English Language Studies;20233;automne 2023;2
SHLC;1;4425;Certificat interuniversitaire en langue anglaise/Joint University Certificate in English Language Studies;20241;hiver 2024;2
SHLC;1;4425;Certificat interuniversitaire en langue anglaise/Joint University Certificate in English Language Studies;20252;été 2025;1
ED;1;4429;Certificat en intégration des technologies informatiques en éducation;19753;automne 1975;2
ED;1;4429;Certificat en intégration des technologies informatiques en éducation;19761;hiver 1976;1
ED;1;4429;Certificat en intégration des technologies informatiques en éducation;19763;automne 1976;1
ED;1;4429;Certificat en intégration des technologies informatiques en éducation;19771;hiver 1977;1
ED;1;4429;Certificat en intégration des technologies informatiques en éducation;19773;automne 1977;2
ED;1;4429;Certificat en intégration des technologies informatiques en éducation;19781;hiver 1978;4
ED;1;4429;Certificat en intégration des technologies informatiques en éducation;19783;automne 1978;1
ED;1;4429;Certificat en intégration des technologies informatiques en éducation;19791;hiver 1979;1
ED;1;4429;Certificat en intégration des technologies informatiques en éducation;19792;été 1979;4
ED;1;4429;Certificat en intégration des technologies informatiques en éducation;19801;hiver 1980;2
ED;1;4429;Certificat en intégration des technologies informatiques en éducation;19802;été 1980;9
ED;1;4429;Certificat en intégration des technologies informatiques en éducation;19803;automne 1980;7
ED;1;4429;Certificat en intégration des technologies informatiques en éducation;19811;hiver 1981;10
ED;1;4429;Certificat en intégration des technologies informatiques en éducation;19812;été 1981;5
ED;1;4429;Certificat en intégration des technologies informatiques en éducation;19813;automne 1981;9
ED;1;4429;Certificat en intégration des technologies informatiques en éducation;19821;hiver 1982;4
ED;1;4429;Certificat en intégration des technologies informatiques en éducation;19822;été 1982;6
ED;1;4429;Certificat en intégration des technologies informatiques en éducation;19823;automne 1982;2
ED;1;4429;Certificat en intégration des technologies informatiques en éducation;19831;hiver 1983;3
ED;1;4429;Certificat en intégration des technologies informatiques en éducation;19832;été 1983;2
ED;1;4429;Certificat en intégration des technologies informatiques en éducation;19833;automne 1983;1
ED;1;4429;Certificat en intégration des technologies informatiques en éducation;19841;hiver 1984;1
ED;1;4429;Certificat en intégration des technologies informatiques en éducation;19883;automne 1988;1
ED;1;4429;Certificat en intégration des technologies informatiques en éducation;19893;automne 1989;1
ED;1;4429;Certificat en intégration des technologies informatiques en éducation;19913;automne 1991;1
ED;1;4429;Certificat en intégration des technologies informatiques en éducation;19931;hiver 1993;1
ED;1;4429;Certificat en intégration des technologies informatiques en éducation;19941;hiver 1994;2
ED;1;4429;Certificat en intégration des technologies informatiques en éducation;19942;été 1994;2
ED;1;4429;Certificat en intégration des technologies informatiques en éducation;19943;automne 1994;2
ED;1;4429;Certificat en intégration des technologies informatiques en éducation;19951;hiver 1995;1
ED;1;4429;Certificat en intégration des technologies informatiques en éducation;19952;été 1995;1
ED;1;4429;Certificat en intégration des technologies informatiques en éducation;19953;automne 1995;118
ED;1;4429;Certificat en intégration des technologies informatiques en éducation;19961;hiver 1996;305
ED;1;4429;Certificat en intégration des technologies informatiques en éducation;19962;été 1996;196
ED;1;4429;Certificat en intégration des technologies informatiques en éducation;19963;automne 1996;377
ED;1;4429;Certificat en intégration des technologies informatiques en éducation;19971;hiver 1997;377
ED;1;4429;Certificat en intégration des technologies informatiques en éducation;19972;été 1997;298
ED;1;4429;Certificat en intégration des technologies informatiques en éducation;19973;automne 1997;395
ED;1;4429;Certificat en intégration des technologies informatiques en éducation;19981;hiver 1998;368
ED;1;4429;Certificat en intégration des technologies informatiques en éducation;19982;été 1998;292
ED;1;4429;Certificat en intégration des technologies informatiques en éducation;19983;automne 1998;361
ED;1;4429;Certificat en intégration des technologies informatiques en éducation;19991;hiver 1999;321
ED;1;4429;Certificat en intégration des technologies informatiques en éducation;19992;été 1999;320
ED;1;4429;Certificat en intégration des technologies informatiques en éducation;19993;automne 1999;366
ED;1;4429;Certificat en intégration des technologies informatiques en éducation;20001;hiver 2000;278
ED;1;4429;Certificat en intégration des technologies informatiques en éducation;20002;été 2000;191
ED;1;4429;Certificat en intégration des technologies informatiques en éducation;20003;automne 2000;323
ED;1;4429;Certificat en intégration des technologies informatiques en éducation;20011;hiver 2001;271
ED;1;4429;Certificat en intégration des technologies informatiques en éducation;20012;été 2001;209
ED;1;4429;Certificat en intégration des technologies informatiques en éducation;20013;automne 2001;314
ED;1;4429;Certificat en intégration des technologies informatiques en éducation;20021;hiver 2002;212
ED;1;4429;Certificat en intégration des technologies informatiques en éducation;20022;été 2002;198
ED;1;4429;Certificat en intégration des technologies informatiques en éducation;20023;automne 2002;210
ED;1;4429;Certificat en intégration des technologies informatiques en éducation;20031;hiver 2003;152
ED;1;4429;Certificat en intégration des technologies informatiques en éducation;20032;été 2003;177
ED;1;4429;Certificat en intégration des technologies informatiques en éducation;20033;automne 2003;172
ED;1;4429;Certificat en intégration des technologies informatiques en éducation;20041;hiver 2004;120
ED;1;4429;Certificat en intégration des technologies informatiques en éducation;20042;été 2004;107
ED;1;4429;Certificat en intégration des technologies informatiques en éducation;20043;automne 2004;120
ED;1;4429;Certificat en intégration des technologies informatiques en éducation;20051;hiver 2005;116
ED;1;4429;Certificat en intégration des technologies informatiques en éducation;20052;été 2005;108
ED;1;4429;Certificat en intégration des technologies informatiques en éducation;20053;automne 2005;123
ED;1;4429;Certificat en intégration des technologies informatiques en éducation;20061;hiver 2006;102
ED;1;4429;Certificat en intégration des technologies informatiques en éducation;20062;été 2006;101
ED;1;4429;Certificat en intégration des technologies informatiques en éducation;20063;automne 2006;112
ED;1;4429;Certificat en intégration des technologies informatiques en éducation;20071;hiver 2007;82
ED;1;4429;Certificat en intégration des technologies informatiques en éducation;20072;été 2007;74
ED;1;4429;Certificat en intégration des technologies informatiques en éducation;20073;automne 2007;76
ED;1;4429;Certificat en intégration des technologies informatiques en éducation;20081;hiver 2008;32
ED;1;4429;Certificat en intégration des technologies informatiques en éducation;20082;été 2008;47
ED;1;4429;Certificat en intégration des technologies informatiques en éducation;20083;automne 2008;62
ED;1;4429;Certificat en intégration des technologies informatiques en éducation;20091;hiver 2009;49
ED;1;4429;Certificat en intégration des technologies informatiques en éducation;20092;été 2009;41
ED;1;4429;Certificat en intégration des technologies informatiques en éducation;20093;automne 2009;31
ED;1;4429;Certificat en intégration des technologies informatiques en éducation;20101;hiver 2010;22
ED;1;4429;Certificat en intégration des technologies informatiques en éducation;20102;été 2010;4
ED;1;4429;Certificat en intégration des technologies informatiques en éducation;20103;automne 2010;10
ED;1;4429;Certificat en intégration des technologies informatiques en éducation;20111;hiver 2011;2
ED;1;4429;Certificat en intégration des technologies informatiques en éducation;20112;été 2011;2
ED;1;4429;Certificat en intégration des technologies informatiques en éducation;20113;automne 2011;2
ED;1;4429;Certificat en intégration des technologies informatiques en éducation;20122;été 2012;1
ED;1;4429;Certificat en intégration des technologies informatiques en éducation;20123;automne 2012;1
ED;1;4429;Certificat en intégration des technologies informatiques en éducation;20133;automne 2013;1
ESA;1;4431;Certificat en assurance et en intervention financière, Cheminement Planificateur financier, général;19822;été 1982;1
ESA;1;4431;Certificat en assurance et en intervention financière, Cheminement Planificateur financier, général;19882;été 1988;2
ESA;1;4431;Certificat en assurance et en intervention financière, Cheminement Planificateur financier, général;19973;automne 1997;70
ESA;1;4431;Certificat en assurance et en intervention financière, Cheminement Planificateur financier, général;19981;hiver 1998;71
ESA;1;4431;Certificat en assurance et en intervention financière, Cheminement Planificateur financier, général;19982;été 1998;59
ESA;1;4431;Certificat en assurance et en intervention financière, Cheminement Planificateur financier, général;19983;automne 1998;168
ESA;1;4431;Certificat en assurance et en intervention financière, Cheminement Planificateur financier, général;19991;hiver 1999;130
ESA;1;4431;Certificat en assurance et en intervention financière, Cheminement Planificateur financier, général;19992;été 1999;82
ESA;1;4431;Certificat en assurance et en intervention financière, Cheminement Planificateur financier, général;19993;automne 1999;74
ESA;1;4431;Certificat en assurance et en intervention financière, Cheminement Planificateur financier, général;20001;hiver 2000;15
ESA;1;4431;Certificat en assurance et en intervention financière, Cheminement Planificateur financier, général;20002;été 2000;2
ESA;1;4445;Certificat de préparation CPA;20181;hiver 2018;63
ESA;1;4445;Certificat de préparation CPA;20182;été 2018;76
ESA;1;4445;Certificat de préparation CPA;20183;automne 2018;115
ESA;1;4445;Certificat de préparation CPA;20191;hiver 2019;235
ESA;1;4445;Certificat de préparation CPA;20192;été 2019;150
ESA;1;4445;Certificat de préparation CPA;20193;automne 2019;213
ESA;1;4445;Certificat de préparation CPA;20201;hiver 2020;336
ESA;1;4445;Certificat de préparation CPA;20202;été 2020;235
ESA;1;4445;Certificat de préparation CPA;20203;automne 2020;275
ESA;1;4445;Certificat de préparation CPA;20211;hiver 2021;430
ESA;1;4445;Certificat de préparation CPA;20212;été 2021;212
ESA;1;4445;Certificat de préparation CPA;20213;automne 2021;243
ESA;1;4445;Certificat de préparation CPA;20221;hiver 2022;421
ESA;1;4445;Certificat de préparation CPA;20222;été 2022;183
ESA;1;4445;Certificat de préparation CPA;20223;automne 2022;231
ESA;1;4445;Certificat de préparation CPA;20231;hiver 2023;464
ESA;1;4445;Certificat de préparation CPA;20232;été 2023;263
ESA;1;4445;Certificat de préparation CPA;20233;automne 2023;317
ESA;1;4445;Certificat de préparation CPA;20241;hiver 2024;641
ESA;1;4445;Certificat de préparation CPA;20242;été 2024;371
ESA;1;4445;Certificat de préparation CPA;20243;automne 2024;421
ESA;1;4445;Certificat de préparation CPA;20251;hiver 2025;754
ESA;1;4445;Certificat de préparation CPA;20252;été 2025;427
ESA;1;4445;Certificat de préparation CPA;20253;automne 2025;541
ESA;1;4445;Certificat de préparation CPA;20261;hiver 2026;908
ESA;1;4445;Certificat de préparation CPA;20262;été 2026;271
ESA;1;4451;Certificat en assurance et en intervention financière, Cheminement Planificateur financier, Desjardins;19753;automne 1975;1
ESA;1;4451;Certificat en assurance et en intervention financière, Cheminement Planificateur financier, Desjardins;19761;hiver 1976;1
ESA;1;4451;Certificat en assurance et en intervention financière, Cheminement Planificateur financier, Desjardins;19773;automne 1977;1
ESA;1;4451;Certificat en assurance et en intervention financière, Cheminement Planificateur financier, Desjardins;19782;été 1978;1
ESA;1;4451;Certificat en assurance et en intervention financière, Cheminement Planificateur financier, Desjardins;19783;automne 1978;1
ESA;1;4451;Certificat en assurance et en intervention financière, Cheminement Planificateur financier, Desjardins;19831;hiver 1983;1
ESA;1;4451;Certificat en assurance et en intervention financière, Cheminement Planificateur financier, Desjardins;19951;hiver 1995;2
ESA;1;4451;Certificat en assurance et en intervention financière, Cheminement Planificateur financier, Desjardins;19953;automne 1995;2
ESA;1;4451;Certificat en assurance et en intervention financière, Cheminement Planificateur financier, Desjardins;19971;hiver 1997;36
ESA;1;4451;Certificat en assurance et en intervention financière, Cheminement Planificateur financier, Desjardins;19972;été 1997;44
ESA;1;4451;Certificat en assurance et en intervention financière, Cheminement Planificateur financier, Desjardins;19973;automne 1997;133
ESA;1;4451;Certificat en assurance et en intervention financière, Cheminement Planificateur financier, Desjardins;19981;hiver 1998;124
ESA;1;4451;Certificat en assurance et en intervention financière, Cheminement Planificateur financier, Desjardins;19982;été 1998;68
ESA;1;4451;Certificat en assurance et en intervention financière, Cheminement Planificateur financier, Desjardins;19983;automne 1998;247
ESA;1;4451;Certificat en assurance et en intervention financière, Cheminement Planificateur financier, Desjardins;19991;hiver 1999;207
ESA;1;4451;Certificat en assurance et en intervention financière, Cheminement Planificateur financier, Desjardins;19992;été 1999;53
ESA;1;4451;Certificat en assurance et en intervention financière, Cheminement Planificateur financier, Desjardins;19993;automne 1999;106
ESA;1;4451;Certificat en assurance et en intervention financière, Cheminement Planificateur financier, Desjardins;20001;hiver 2000;41
ESA;1;4451;Certificat en assurance et en intervention financière, Cheminement Planificateur financier, Desjardins;20002;été 2000;5
ESA;1;4459;Certificat en gestion des services de santé et des services sociaux;19781;hiver 1978;1
ESA;1;4459;Certificat en gestion des services de santé et des services sociaux;19783;automne 1978;1
ESA;1;4459;Certificat en gestion des services de santé et des services sociaux;19793;automne 1979;2
ESA;1;4459;Certificat en gestion des services de santé et des services sociaux;19801;hiver 1980;1
ESA;1;4459;Certificat en gestion des services de santé et des services sociaux;19803;automne 1980;1
ESA;1;4459;Certificat en gestion des services de santé et des services sociaux;19811;hiver 1981;1
ESA;1;4459;Certificat en gestion des services de santé et des services sociaux;19813;automne 1981;3
ESA;1;4459;Certificat en gestion des services de santé et des services sociaux;19821;hiver 1982;1
ESA;1;4459;Certificat en gestion des services de santé et des services sociaux;19832;été 1983;2
ESA;1;4459;Certificat en gestion des services de santé et des services sociaux;19833;automne 1983;4
ESA;1;4459;Certificat en gestion des services de santé et des services sociaux;19841;hiver 1984;2
ESA;1;4459;Certificat en gestion des services de santé et des services sociaux;19951;hiver 1995;3
ESA;1;4459;Certificat en gestion des services de santé et des services sociaux;19952;été 1995;43
ESA;1;4459;Certificat en gestion des services de santé et des services sociaux;19953;automne 1995;106
ESA;1;4459;Certificat en gestion des services de santé et des services sociaux;19961;hiver 1996;115
ESA;1;4459;Certificat en gestion des services de santé et des services sociaux;19962;été 1996;59
ESA;1;4459;Certificat en gestion des services de santé et des services sociaux;19963;automne 1996;140
ESA;1;4459;Certificat en gestion des services de santé et des services sociaux;19971;hiver 1997;105
ESA;1;4459;Certificat en gestion des services de santé et des services sociaux;19972;été 1997;74
ESA;1;4459;Certificat en gestion des services de santé et des services sociaux;19973;automne 1997;121
ESA;1;4459;Certificat en gestion des services de santé et des services sociaux;19981;hiver 1998;98
ESA;1;4459;Certificat en gestion des services de santé et des services sociaux;19982;été 1998;63
ESA;1;4459;Certificat en gestion des services de santé et des services sociaux;19983;automne 1998;115
ESA;1;4459;Certificat en gestion des services de santé et des services sociaux;19991;hiver 1999;92
ESA;1;4459;Certificat en gestion des services de santé et des services sociaux;19992;été 1999;44
ESA;1;4459;Certificat en gestion des services de santé et des services sociaux;19993;automne 1999;164
ESA;1;4459;Certificat en gestion des services de santé et des services sociaux;20001;hiver 2000;135
ESA;1;4459;Certificat en gestion des services de santé et des services sociaux;20002;été 2000;69
ESA;1;4459;Certificat en gestion des services de santé et des services sociaux;20003;automne 2000;164
ESA;1;4459;Certificat en gestion des services de santé et des services sociaux;20011;hiver 2001;163
ESA;1;4459;Certificat en gestion des services de santé et des services sociaux;20012;été 2001;97
ESA;1;4459;Certificat en gestion des services de santé et des services sociaux;20013;automne 2001;185
ESA;1;4459;Certificat en gestion des services de santé et des services sociaux;20021;hiver 2002;163
ESA;1;4459;Certificat en gestion des services de santé et des services sociaux;20022;été 2002;116
ESA;1;4459;Certificat en gestion des services de santé et des services sociaux;20023;automne 2002;247
ESA;1;4459;Certificat en gestion des services de santé et des services sociaux;20031;hiver 2003;213
ESA;1;4459;Certificat en gestion des services de santé et des services sociaux;20032;été 2003;129
ESA;1;4459;Certificat en gestion des services de santé et des services sociaux;20033;automne 2003;209
ESA;1;4459;Certificat en gestion des services de santé et des services sociaux;20041;hiver 2004;180
ESA;1;4459;Certificat en gestion des services de santé et des services sociaux;20042;été 2004;95
ESA;1;4459;Certificat en gestion des services de santé et des services sociaux;20043;automne 2004;240
ESA;1;4459;Certificat en gestion des services de santé et des services sociaux;20051;hiver 2005;208
ESA;1;4459;Certificat en gestion des services de santé et des services sociaux;20052;été 2005;121
ESA;1;4459;Certificat en gestion des services de santé et des services sociaux;20053;automne 2005;244
ESA;1;4459;Certificat en gestion des services de santé et des services sociaux;20061;hiver 2006;231
ESA;1;4459;Certificat en gestion des services de santé et des services sociaux;20062;été 2006;138
ESA;1;4459;Certificat en gestion des services de santé et des services sociaux;20063;automne 2006;256
ESA;1;4459;Certificat en gestion des services de santé et des services sociaux;20071;hiver 2007;229
ESA;1;4459;Certificat en gestion des services de santé et des services sociaux;20072;été 2007;184
ESA;1;4459;Certificat en gestion des services de santé et des services sociaux;20073;automne 2007;265
ESA;1;4459;Certificat en gestion des services de santé et des services sociaux;20081;hiver 2008;149
ESA;1;4459;Certificat en gestion des services de santé et des services sociaux;20082;été 2008;121
ESA;1;4459;Certificat en gestion des services de santé et des services sociaux;20083;automne 2008;255
ESA;1;4459;Certificat en gestion des services de santé et des services sociaux;20091;hiver 2009;214
ESA;1;4459;Certificat en gestion des services de santé et des services sociaux;20092;été 2009;146
ESA;1;4459;Certificat en gestion des services de santé et des services sociaux;20093;automne 2009;268
ESA;1;4459;Certificat en gestion des services de santé et des services sociaux;20101;hiver 2010;217
ESA;1;4459;Certificat en gestion des services de santé et des services sociaux;20102;été 2010;179
ESA;1;4459;Certificat en gestion des services de santé et des services sociaux;20103;automne 2010;280
ESA;1;4459;Certificat en gestion des services de santé et des services sociaux;20111;hiver 2011;290
ESA;1;4459;Certificat en gestion des services de santé et des services sociaux;20112;été 2011;180
ESA;1;4459;Certificat en gestion des services de santé et des services sociaux;20113;automne 2011;282
ESA;1;4459;Certificat en gestion des services de santé et des services sociaux;20121;hiver 2012;295
ESA;1;4459;Certificat en gestion des services de santé et des services sociaux;20122;été 2012;274
ESA;1;4459;Certificat en gestion des services de santé et des services sociaux;20123;automne 2012;310
ESA;1;4459;Certificat en gestion des services de santé et des services sociaux;20131;hiver 2013;315
ESA;1;4459;Certificat en gestion des services de santé et des services sociaux;20132;été 2013;209
ESA;1;4459;Certificat en gestion des services de santé et des services sociaux;20133;automne 2013;367
ESA;1;4459;Certificat en gestion des services de santé et des services sociaux;20141;hiver 2014;336
ESA;1;4459;Certificat en gestion des services de santé et des services sociaux;20142;été 2014;222
ESA;1;4459;Certificat en gestion des services de santé et des services sociaux;20143;automne 2014;313
ESA;1;4459;Certificat en gestion des services de santé et des services sociaux;20151;hiver 2015;296
ESA;1;4459;Certificat en gestion des services de santé et des services sociaux;20152;été 2015;170
ESA;1;4459;Certificat en gestion des services de santé et des services sociaux;20153;automne 2015;267
ESA;1;4459;Certificat en gestion des services de santé et des services sociaux;20161;hiver 2016;289
ESA;1;4459;Certificat en gestion des services de santé et des services sociaux;20162;été 2016;182
ESA;1;4459;Certificat en gestion des services de santé et des services sociaux;20163;automne 2016;321
ESA;1;4459;Certificat en gestion des services de santé et des services sociaux;20171;hiver 2017;297
ESA;1;4459;Certificat en gestion des services de santé et des services sociaux;20172;été 2017;177
ESA;1;4459;Certificat en gestion des services de santé et des services sociaux;20173;automne 2017;292
ESA;1;4459;Certificat en gestion des services de santé et des services sociaux;20181;hiver 2018;267
ESA;1;4459;Certificat en gestion des services de santé et des services sociaux;20182;été 2018;180
ESA;1;4459;Certificat en gestion des services de santé et des services sociaux;20183;automne 2018;256
ESA;1;4459;Certificat en gestion des services de santé et des services sociaux;20191;hiver 2019;235
ESA;1;4459;Certificat en gestion des services de santé et des services sociaux;20192;été 2019;121
ESA;1;4459;Certificat en gestion des services de santé et des services sociaux;20193;automne 2019;249
ESA;1;4459;Certificat en gestion des services de santé et des services sociaux;20201;hiver 2020;263
ESA;1;4459;Certificat en gestion des services de santé et des services sociaux;20202;été 2020;212
ESA;1;4459;Certificat en gestion des services de santé et des services sociaux;20203;automne 2020;264
ESA;1;4459;Certificat en gestion des services de santé et des services sociaux;20211;hiver 2021;342
ESA;1;4459;Certificat en gestion des services de santé et des services sociaux;20212;été 2021;192
ESA;1;4459;Certificat en gestion des services de santé et des services sociaux;20213;automne 2021;326
ESA;1;4459;Certificat en gestion des services de santé et des services sociaux;20221;hiver 2022;350
ESA;1;4459;Certificat en gestion des services de santé et des services sociaux;20222;été 2022;208
ESA;1;4459;Certificat en gestion des services de santé et des services sociaux;20223;automne 2022;308
ESA;1;4459;Certificat en gestion des services de santé et des services sociaux;20231;hiver 2023;352
ESA;1;4459;Certificat en gestion des services de santé et des services sociaux;20232;été 2023;240
ESA;1;4459;Certificat en gestion des services de santé et des services sociaux;20233;automne 2023;291
ESA;1;4459;Certificat en gestion des services de santé et des services sociaux;20241;hiver 2024;337
ESA;1;4459;Certificat en gestion des services de santé et des services sociaux;20242;été 2024;215
ESA;1;4459;Certificat en gestion des services de santé et des services sociaux;20243;automne 2024;304
ESA;1;4459;Certificat en gestion des services de santé et des services sociaux;20251;hiver 2025;345
ESA;1;4459;Certificat en gestion des services de santé et des services sociaux;20252;été 2025;225
ESA;1;4459;Certificat en gestion des services de santé et des services sociaux;20253;automne 2025;303
ESA;1;4459;Certificat en gestion des services de santé et des services sociaux;20261;hiver 2026;293
ESA;1;4459;Certificat en gestion des services de santé et des services sociaux;20262;été 2026;125
ESA;1;4480;Certificat en administration de services;20021;hiver 2002;5
ESA;1;4480;Certificat en administration de services;20022;été 2002;6
ESA;1;4480;Certificat en administration de services;20023;automne 2002;56
ESA;1;4480;Certificat en administration de services;20031;hiver 2003;61
ESA;1;4480;Certificat en administration de services;20032;été 2003;52
ESA;1;4480;Certificat en administration de services;20033;automne 2003;99
ESA;1;4480;Certificat en administration de services;20041;hiver 2004;72
ESA;1;4480;Certificat en administration de services;20042;été 2004;48
ESA;1;4480;Certificat en administration de services;20043;automne 2004;139
ESA;1;4480;Certificat en administration de services;20051;hiver 2005;108
ESA;1;4480;Certificat en administration de services;20052;été 2005;75
ESA;1;4480;Certificat en administration de services;20053;automne 2005;136
ESA;1;4480;Certificat en administration de services;20061;hiver 2006;132
ESA;1;4480;Certificat en administration de services;20062;été 2006;71
ESA;1;4480;Certificat en administration de services;20063;automne 2006;129
ESA;1;4480;Certificat en administration de services;20071;hiver 2007;117
ESA;1;4480;Certificat en administration de services;20072;été 2007;84
ESA;1;4480;Certificat en administration de services;20073;automne 2007;150
ESA;1;4480;Certificat en administration de services;20081;hiver 2008;83
ESA;1;4480;Certificat en administration de services;20082;été 2008;54
ESA;1;4480;Certificat en administration de services;20083;automne 2008;143
ESA;1;4480;Certificat en administration de services;20091;hiver 2009;118
ESA;1;4480;Certificat en administration de services;20092;été 2009;62
ESA;1;4480;Certificat en administration de services;20093;automne 2009;134
ESA;1;4480;Certificat en administration de services;20101;hiver 2010;124
ESA;1;4480;Certificat en administration de services;20102;été 2010;105
ESA;1;4480;Certificat en administration de services;20103;automne 2010;175
ESA;1;4480;Certificat en administration de services;20111;hiver 2011;132
ESA;1;4480;Certificat en administration de services;20112;été 2011;95
ESA;1;4480;Certificat en administration de services;20113;automne 2011;141
ESA;1;4480;Certificat en administration de services;20121;hiver 2012;141
ESA;1;4480;Certificat en administration de services;20122;été 2012;85
ESA;1;4480;Certificat en administration de services;20123;automne 2012;139
ESA;1;4480;Certificat en administration de services;20131;hiver 2013;153
ESA;1;4480;Certificat en administration de services;20132;été 2013;83
ESA;1;4480;Certificat en administration de services;20133;automne 2013;144
ESA;1;4480;Certificat en administration de services;20141;hiver 2014;144
ESA;1;4480;Certificat en administration de services;20142;été 2014;114
ESA;1;4480;Certificat en administration de services;20143;automne 2014;152
ESA;1;4480;Certificat en administration de services;20151;hiver 2015;165
ESA;1;4480;Certificat en administration de services;20152;été 2015;83
ESA;1;4480;Certificat en administration de services;20153;automne 2015;138
ESA;1;4480;Certificat en administration de services;20161;hiver 2016;103
ESA;1;4480;Certificat en administration de services;20162;été 2016;87
ESA;1;4480;Certificat en administration de services;20163;automne 2016;123
ESA;1;4480;Certificat en administration de services;20171;hiver 2017;98
ESA;1;4480;Certificat en administration de services;20172;été 2017;73
ESA;1;4480;Certificat en administration de services;20173;automne 2017;124
ESA;1;4480;Certificat en administration de services;20181;hiver 2018;112
ESA;1;4480;Certificat en administration de services;20182;été 2018;83
ESA;1;4480;Certificat en administration de services;20183;automne 2018;94
ESA;1;4480;Certificat en administration de services;20191;hiver 2019;88
ESA;1;4480;Certificat en administration de services;20192;été 2019;45
ESA;1;4480;Certificat en administration de services;20193;automne 2019;81
ESA;1;4480;Certificat en administration de services;20201;hiver 2020;78
ESA;1;4480;Certificat en administration de services;20202;été 2020;46
ESA;1;4480;Certificat en administration de services;20203;automne 2020;65
ESA;1;4480;Certificat en administration de services;20211;hiver 2021;62
ESA;1;4480;Certificat en administration de services;20212;été 2021;54
ESA;1;4480;Certificat en administration de services;20213;automne 2021;64
ESA;1;4480;Certificat en administration de services;20221;hiver 2022;47
ESA;1;4480;Certificat en administration de services;20222;été 2022;28
ESA;1;4480;Certificat en administration de services;20223;automne 2022;51
ESA;1;4480;Certificat en administration de services;20231;hiver 2023;37
ESA;1;4480;Certificat en administration de services;20232;été 2023;50
ESA;1;4480;Certificat en administration de services;20233;automne 2023;42
ESA;1;4480;Certificat en administration de services;20241;hiver 2024;57
ESA;1;4480;Certificat en administration de services;20242;été 2024;34
ESA;1;4480;Certificat en administration de services;20243;automne 2024;48
ESA;1;4480;Certificat en administration de services;20251;hiver 2025;46
ESA;1;4480;Certificat en administration de services;20252;été 2025;30
ESA;1;4480;Certificat en administration de services;20253;automne 2025;29
ESA;1;4480;Certificat en administration de services;20261;hiver 2026;37
ESA;1;4480;Certificat en administration de services;20262;été 2026;18
ESA;1;4507;Certificat sur mesure en crédit commercial;19791;hiver 1979;2
ESA;1;4507;Certificat sur mesure en crédit commercial;19801;hiver 1980;1
ESA;1;4507;Certificat sur mesure en crédit commercial;19831;hiver 1983;1
ESA;1;4507;Certificat sur mesure en crédit commercial;19923;automne 1992;1
ESA;1;4507;Certificat sur mesure en crédit commercial;19931;hiver 1993;1
ESA;1;4507;Certificat sur mesure en crédit commercial;19933;automne 1993;16
ESA;1;4507;Certificat sur mesure en crédit commercial;19941;hiver 1994;94
ESA;1;4507;Certificat sur mesure en crédit commercial;19942;été 1994;15
ESA;1;4507;Certificat sur mesure en crédit commercial;19943;automne 1994;92
ESA;1;4507;Certificat sur mesure en crédit commercial;19951;hiver 1995;97
ESA;1;4507;Certificat sur mesure en crédit commercial;19952;été 1995;43
ESA;1;4507;Certificat sur mesure en crédit commercial;19953;automne 1995;183
ESA;1;4507;Certificat sur mesure en crédit commercial;19961;hiver 1996;151
ESA;1;4507;Certificat sur mesure en crédit commercial;19962;été 1996;58
ESA;1;4507;Certificat sur mesure en crédit commercial;19963;automne 1996;240
ESA;1;4507;Certificat sur mesure en crédit commercial;19971;hiver 1997;188
ESA;1;4507;Certificat sur mesure en crédit commercial;19972;été 1997;48
ESA;1;4507;Certificat sur mesure en crédit commercial;19973;automne 1997;285
ESA;1;4507;Certificat sur mesure en crédit commercial;19981;hiver 1998;233
ESA;1;4507;Certificat sur mesure en crédit commercial;19982;été 1998;61
ESA;1;4507;Certificat sur mesure en crédit commercial;19983;automne 1998;240
ESA;1;4507;Certificat sur mesure en crédit commercial;19991;hiver 1999;14
ESA;1;4507;Certificat sur mesure en crédit commercial;19992;été 1999;4
ESA;1;4507;Certificat sur mesure en crédit commercial;19993;automne 1999;16
ESA;1;4507;Certificat sur mesure en crédit commercial;20001;hiver 2000;1
ESA;1;4507;Certificat sur mesure en crédit commercial;20002;été 2000;1
ESA;1;4557;Certificat en crédit commercial;19782;été 1978;1
ESA;1;4557;Certificat en crédit commercial;19801;hiver 1980;1
ESA;1;4557;Certificat en crédit commercial;19803;automne 1980;1
ESA;1;4557;Certificat en crédit commercial;19841;hiver 1984;1
ESA;1;4557;Certificat en crédit commercial;19923;automne 1992;1
ESA;1;4557;Certificat en crédit commercial;19953;automne 1995;1
ESA;1;4557;Certificat en crédit commercial;19961;hiver 1996;1
ESA;1;4557;Certificat en crédit commercial;19963;automne 1996;1
ESA;1;4557;Certificat en crédit commercial;19971;hiver 1997;2
ESA;1;4557;Certificat en crédit commercial;19973;automne 1997;1
ESA;1;4557;Certificat en crédit commercial;19981;hiver 1998;1
ESA;1;4557;Certificat en crédit commercial;19983;automne 1998;145
ESA;1;4557;Certificat en crédit commercial;19991;hiver 1999;279
ESA;1;4557;Certificat en crédit commercial;19992;été 1999;50
ESA;1;4557;Certificat en crédit commercial;19993;automne 1999;396
ESA;1;4557;Certificat en crédit commercial;20001;hiver 2000;238
ESA;1;4557;Certificat en crédit commercial;20002;été 2000;43
ESA;1;4557;Certificat en crédit commercial;20003;automne 2000;318
ESA;1;4557;Certificat en crédit commercial;20011;hiver 2001;194
ESA;1;4557;Certificat en crédit commercial;20012;été 2001;32
ESA;1;4557;Certificat en crédit commercial;20013;automne 2001;238
ESA;1;4557;Certificat en crédit commercial;20021;hiver 2002;146
ESA;1;4557;Certificat en crédit commercial;20022;été 2002;29
ESA;1;4557;Certificat en crédit commercial;20023;automne 2002;203
ESA;1;4557;Certificat en crédit commercial;20031;hiver 2003;139
ESA;1;4557;Certificat en crédit commercial;20032;été 2003;17
ESA;1;4557;Certificat en crédit commercial;20033;automne 2003;146
ESA;1;4557;Certificat en crédit commercial;20041;hiver 2004;76
ESA;1;4557;Certificat en crédit commercial;20042;été 2004;23
ESA;1;4557;Certificat en crédit commercial;20043;automne 2004;88
ESA;1;4557;Certificat en crédit commercial;20051;hiver 2005;63
ESA;1;4557;Certificat en crédit commercial;20052;été 2005;16
ESA;1;4557;Certificat en crédit commercial;20053;automne 2005;71
ESA;1;4557;Certificat en crédit commercial;20061;hiver 2006;43
ESA;1;4557;Certificat en crédit commercial;20062;été 2006;10
ESA;1;4557;Certificat en crédit commercial;20063;automne 2006;58
ESA;1;4557;Certificat en crédit commercial;20071;hiver 2007;45
ESA;1;4557;Certificat en crédit commercial;20072;été 2007;11
ESA;1;4557;Certificat en crédit commercial;20073;automne 2007;52
ESA;1;4557;Certificat en crédit commercial;20081;hiver 2008;16
ESA;1;4557;Certificat en crédit commercial;20082;été 2008;16
ESA;1;4557;Certificat en crédit commercial;20083;automne 2008;50
ESA;1;4557;Certificat en crédit commercial;20091;hiver 2009;35
ESA;1;4557;Certificat en crédit commercial;20092;été 2009;6
ESA;1;4557;Certificat en crédit commercial;20093;automne 2009;32
ESA;1;4557;Certificat en crédit commercial;20101;hiver 2010;22
ESA;1;4557;Certificat en crédit commercial;20102;été 2010;8
ESA;1;4557;Certificat en crédit commercial;20103;automne 2010;20
ESA;1;4557;Certificat en crédit commercial;20111;hiver 2011;12
ESA;1;4557;Certificat en crédit commercial;20112;été 2011;3
ESA;1;4557;Certificat en crédit commercial;20113;automne 2011;9
ESA;1;4557;Certificat en crédit commercial;20121;hiver 2012;5
ESA;1;4557;Certificat en crédit commercial;20122;été 2012;2
ESA;1;4557;Certificat en crédit commercial;20123;automne 2012;3
ESA;1;4557;Certificat en crédit commercial;20132;été 2013;1
ESA;1;4557;Certificat en crédit commercial;20141;hiver 2014;1
ESA;1;4557;Certificat en crédit commercial;20142;été 2014;1
ESA;1;4607;Certificat en finance;20241;hiver 2024;51
ESA;1;4607;Certificat en finance;20242;été 2024;65
ESA;1;4607;Certificat en finance;20243;automne 2024;148
ESA;1;4607;Certificat en finance;20251;hiver 2025;174
ESA;1;4607;Certificat en finance;20252;été 2025;110
ESA;1;4607;Certificat en finance;20253;automne 2025;188
ESA;1;4607;Certificat en finance;20261;hiver 2026;213
ESA;1;4607;Certificat en finance;20262;été 2026;91
ESA;1;4618;Certificat en gestion responsable et développement durable;20233;automne 2023;13
ESA;1;4618;Certificat en gestion responsable et développement durable;20241;hiver 2024;21
ESA;1;4618;Certificat en gestion responsable et développement durable;20242;été 2024;34
ESA;1;4618;Certificat en gestion responsable et développement durable;20243;automne 2024;35
ESA;1;4618;Certificat en gestion responsable et développement durable;20251;hiver 2025;37
ESA;1;4618;Certificat en gestion responsable et développement durable;20252;été 2025;20
ESA;1;4618;Certificat en gestion responsable et développement durable;20253;automne 2025;32
ESA;1;4618;Certificat en gestion responsable et développement durable;20261;hiver 2026;27
ESA;1;4618;Certificat en gestion responsable et développement durable;20262;été 2026;16
SHLC;1;4652;Certificat en langue et cultures hispaniques;20222;été 2022;5
SHLC;1;4652;Certificat en langue et cultures hispaniques;20223;automne 2022;14
SHLC;1;4652;Certificat en langue et cultures hispaniques;20231;hiver 2023;10
SHLC;1;4652;Certificat en langue et cultures hispaniques;20232;été 2023;11
SHLC;1;4652;Certificat en langue et cultures hispaniques;20233;automne 2023;14
SHLC;1;4652;Certificat en langue et cultures hispaniques;20241;hiver 2024;9
SHLC;1;4652;Certificat en langue et cultures hispaniques;20242;été 2024;10
SHLC;1;4652;Certificat en langue et cultures hispaniques;20243;automne 2024;15
SHLC;1;4652;Certificat en langue et cultures hispaniques;20251;hiver 2025;9
SHLC;1;4652;Certificat en langue et cultures hispaniques;20252;été 2025;13
SHLC;1;4652;Certificat en langue et cultures hispaniques;20253;automne 2025;8
SHLC;1;4652;Certificat en langue et cultures hispaniques;20261;hiver 2026;6
SHLC;1;4652;Certificat en langue et cultures hispaniques;20262;été 2026;3
ESA;1;4690;Certificat en administration de services (cheminement en assurance de dommages);20022;été 2002;6
ESA;1;4690;Certificat en administration de services (cheminement en assurance de dommages);20023;automne 2002;3
ESA;1;4690;Certificat en administration de services (cheminement en assurance de dommages);20031;hiver 2003;5
ESA;1;4690;Certificat en administration de services (cheminement en assurance de dommages);20032;été 2003;2
ESA;1;4690;Certificat en administration de services (cheminement en assurance de dommages);20033;automne 2003;20
ESA;1;4690;Certificat en administration de services (cheminement en assurance de dommages);20041;hiver 2004;14
ESA;1;4690;Certificat en administration de services (cheminement en assurance de dommages);20042;été 2004;5
ESA;1;4690;Certificat en administration de services (cheminement en assurance de dommages);20043;automne 2004;7
ESA;1;4690;Certificat en administration de services (cheminement en assurance de dommages);20051;hiver 2005;9
ESA;1;4690;Certificat en administration de services (cheminement en assurance de dommages);20052;été 2005;5
ESA;1;4690;Certificat en administration de services (cheminement en assurance de dommages);20053;automne 2005;12
ESA;1;4690;Certificat en administration de services (cheminement en assurance de dommages);20061;hiver 2006;17
ESA;1;4690;Certificat en administration de services (cheminement en assurance de dommages);20062;été 2006;14
ESA;1;4690;Certificat en administration de services (cheminement en assurance de dommages);20063;automne 2006;16
ESA;1;4690;Certificat en administration de services (cheminement en assurance de dommages);20071;hiver 2007;17
ESA;1;4690;Certificat en administration de services (cheminement en assurance de dommages);20072;été 2007;11
ESA;1;4690;Certificat en administration de services (cheminement en assurance de dommages);20073;automne 2007;7
ESA;1;4690;Certificat en administration de services (cheminement en assurance de dommages);20081;hiver 2008;12
ESA;1;4690;Certificat en administration de services (cheminement en assurance de dommages);20082;été 2008;9
ESA;1;4690;Certificat en administration de services (cheminement en assurance de dommages);20083;automne 2008;12
ESA;1;4690;Certificat en administration de services (cheminement en assurance de dommages);20091;hiver 2009;21
ESA;1;4690;Certificat en administration de services (cheminement en assurance de dommages);20092;été 2009;15
ESA;1;4690;Certificat en administration de services (cheminement en assurance de dommages);20093;automne 2009;17
ESA;1;4690;Certificat en administration de services (cheminement en assurance de dommages);20101;hiver 2010;2
ESA;1;4690;Certificat en administration de services (cheminement en assurance de dommages);20102;été 2010;14
ESA;1;4690;Certificat en administration de services (cheminement en assurance de dommages);20103;automne 2010;14
ESA;1;4690;Certificat en administration de services (cheminement en assurance de dommages);20111;hiver 2011;11
ESA;1;4690;Certificat en administration de services (cheminement en assurance de dommages);20112;été 2011;11
ESA;1;4690;Certificat en administration de services (cheminement en assurance de dommages);20113;automne 2011;13
ESA;1;4690;Certificat en administration de services (cheminement en assurance de dommages);20121;hiver 2012;17
ESA;1;4690;Certificat en administration de services (cheminement en assurance de dommages);20122;été 2012;7
ESA;1;4690;Certificat en administration de services (cheminement en assurance de dommages);20123;automne 2012;9
ESA;1;4690;Certificat en administration de services (cheminement en assurance de dommages);20131;hiver 2013;9
ESA;1;4690;Certificat en administration de services (cheminement en assurance de dommages);20132;été 2013;4
ESA;1;4690;Certificat en administration de services (cheminement en assurance de dommages);20133;automne 2013;8
ESA;1;4690;Certificat en administration de services (cheminement en assurance de dommages);20141;hiver 2014;3
ESA;1;4690;Certificat en administration de services (cheminement en assurance de dommages);20142;été 2014;9
ESA;1;4690;Certificat en administration de services (cheminement en assurance de dommages);20143;automne 2014;1
ESA;1;4690;Certificat en administration de services (cheminement en assurance de dommages);20151;hiver 2015;2
ESA;1;4690;Certificat en administration de services (cheminement en assurance de dommages);20152;été 2015;1
ESA;1;4691;Certificat en administration de services (cheminement en gestion du crédit);20023;automne 2002;7
ESA;1;4691;Certificat en administration de services (cheminement en gestion du crédit);20031;hiver 2003;5
ESA;1;4691;Certificat en administration de services (cheminement en gestion du crédit);20032;été 2003;16
ESA;1;4691;Certificat en administration de services (cheminement en gestion du crédit);20033;automne 2003;18
ESA;1;4691;Certificat en administration de services (cheminement en gestion du crédit);20041;hiver 2004;20
ESA;1;4691;Certificat en administration de services (cheminement en gestion du crédit);20042;été 2004;3
ESA;1;4691;Certificat en administration de services (cheminement en gestion du crédit);20043;automne 2004;11
ESA;1;4691;Certificat en administration de services (cheminement en gestion du crédit);20051;hiver 2005;10
ESA;1;4691;Certificat en administration de services (cheminement en gestion du crédit);20052;été 2005;6
ESA;1;4691;Certificat en administration de services (cheminement en gestion du crédit);20053;automne 2005;14
ESA;1;4691;Certificat en administration de services (cheminement en gestion du crédit);20061;hiver 2006;13
ESA;1;4691;Certificat en administration de services (cheminement en gestion du crédit);20062;été 2006;3
ESA;1;4691;Certificat en administration de services (cheminement en gestion du crédit);20063;automne 2006;21
ESA;1;4691;Certificat en administration de services (cheminement en gestion du crédit);20071;hiver 2007;26
ESA;1;4691;Certificat en administration de services (cheminement en gestion du crédit);20072;été 2007;22
ESA;1;4691;Certificat en administration de services (cheminement en gestion du crédit);20073;automne 2007;27
ESA;1;4691;Certificat en administration de services (cheminement en gestion du crédit);20081;hiver 2008;15
ESA;1;4691;Certificat en administration de services (cheminement en gestion du crédit);20082;été 2008;13
ESA;1;4691;Certificat en administration de services (cheminement en gestion du crédit);20083;automne 2008;15
ESA;1;4691;Certificat en administration de services (cheminement en gestion du crédit);20091;hiver 2009;15
ESA;1;4691;Certificat en administration de services (cheminement en gestion du crédit);20092;été 2009;8
ESA;1;4691;Certificat en administration de services (cheminement en gestion du crédit);20093;automne 2009;21
ESA;1;4691;Certificat en administration de services (cheminement en gestion du crédit);20101;hiver 2010;17
ESA;1;4691;Certificat en administration de services (cheminement en gestion du crédit);20102;été 2010;14
ESA;1;4691;Certificat en administration de services (cheminement en gestion du crédit);20103;automne 2010;20
ESA;1;4691;Certificat en administration de services (cheminement en gestion du crédit);20111;hiver 2011;26
ESA;1;4691;Certificat en administration de services (cheminement en gestion du crédit);20112;été 2011;14
ESA;1;4691;Certificat en administration de services (cheminement en gestion du crédit);20113;automne 2011;28
ESA;1;4691;Certificat en administration de services (cheminement en gestion du crédit);20121;hiver 2012;28
ESA;1;4691;Certificat en administration de services (cheminement en gestion du crédit);20122;été 2012;15
ESA;1;4691;Certificat en administration de services (cheminement en gestion du crédit);20123;automne 2012;30
ESA;1;4691;Certificat en administration de services (cheminement en gestion du crédit);20131;hiver 2013;31
ESA;1;4691;Certificat en administration de services (cheminement en gestion du crédit);20132;été 2013;18
ESA;1;4691;Certificat en administration de services (cheminement en gestion du crédit);20133;automne 2013;25
ESA;1;4691;Certificat en administration de services (cheminement en gestion du crédit);20141;hiver 2014;26
ESA;1;4691;Certificat en administration de services (cheminement en gestion du crédit);20142;été 2014;13
ESA;1;4691;Certificat en administration de services (cheminement en gestion du crédit);20143;automne 2014;11
ESA;1;4691;Certificat en administration de services (cheminement en gestion du crédit);20151;hiver 2015;8
ESA;1;4691;Certificat en administration de services (cheminement en gestion du crédit);20152;été 2015;1
ESA;1;4691;Certificat en administration de services (cheminement en gestion du crédit);20153;automne 2015;3
ESA;1;4691;Certificat en administration de services (cheminement en gestion du crédit);20162;été 2016;2
ED;1;4716;Certificat en éducation et formation des adultes;20242;été 2024;38
ED;1;4716;Certificat en éducation et formation des adultes;20243;automne 2024;93
ED;1;4716;Certificat en éducation et formation des adultes;20251;hiver 2025;120
ED;1;4716;Certificat en éducation et formation des adultes;20252;été 2025;91
ED;1;4716;Certificat en éducation et formation des adultes;20253;automne 2025;163
ED;1;4716;Certificat en éducation et formation des adultes;20261;hiver 2026;207
ED;1;4716;Certificat en éducation et formation des adultes;20262;été 2026;136
SHLC;1;4724;Certificat en littérature, culture et imaginaire (profil théorie et création);20241;hiver 2024;20
SHLC;1;4724;Certificat en littérature, culture et imaginaire (profil théorie et création);20242;été 2024;12
SHLC;1;4724;Certificat en littérature, culture et imaginaire (profil théorie et création);20243;automne 2024;47
SHLC;1;4724;Certificat en littérature, culture et imaginaire (profil théorie et création);20251;hiver 2025;43
SHLC;1;4724;Certificat en littérature, culture et imaginaire (profil théorie et création);20252;été 2025;37
SHLC;1;4724;Certificat en littérature, culture et imaginaire (profil théorie et création);20253;automne 2025;91
SHLC;1;4724;Certificat en littérature, culture et imaginaire (profil théorie et création);20261;hiver 2026;60
SHLC;1;4724;Certificat en littérature, culture et imaginaire (profil théorie et création);20262;été 2026;29
SHLC;1;4725;Certificat en littérature, culture et imaginaire (profil imaginaire et société);20241;hiver 2024;19
SHLC;1;4725;Certificat en littérature, culture et imaginaire (profil imaginaire et société);20242;été 2024;16
SHLC;1;4725;Certificat en littérature, culture et imaginaire (profil imaginaire et société);20243;automne 2024;39
SHLC;1;4725;Certificat en littérature, culture et imaginaire (profil imaginaire et société);20251;hiver 2025;60
SHLC;1;4725;Certificat en littérature, culture et imaginaire (profil imaginaire et société);20252;été 2025;30
SHLC;1;4725;Certificat en littérature, culture et imaginaire (profil imaginaire et société);20253;automne 2025;38
SHLC;1;4725;Certificat en littérature, culture et imaginaire (profil imaginaire et société);20261;hiver 2026;33
SHLC;1;4725;Certificat en littérature, culture et imaginaire (profil imaginaire et société);20262;été 2026;11
ESA;1;4731;Certificat en planification financière (cheminement général);19761;hiver 1976;2
ESA;1;4731;Certificat en planification financière (cheminement général);19803;automne 1980;1
ESA;1;4731;Certificat en planification financière (cheminement général);19831;hiver 1983;2
ESA;1;4731;Certificat en planification financière (cheminement général);19841;hiver 1984;1
ESA;1;4731;Certificat en planification financière (cheminement général);19983;automne 1998;1
ESA;1;4731;Certificat en planification financière (cheminement général);19993;automne 1999;188
ESA;1;4731;Certificat en planification financière (cheminement général);20001;hiver 2000;192
ESA;1;4731;Certificat en planification financière (cheminement général);20002;été 2000;138
ESA;1;4731;Certificat en planification financière (cheminement général);20003;automne 2000;325
ESA;1;4731;Certificat en planification financière (cheminement général);20011;hiver 2001;202
ESA;1;4731;Certificat en planification financière (cheminement général);20012;été 2001;87
ESA;1;4731;Certificat en planification financière (cheminement général);20013;automne 2001;224
ESA;1;4731;Certificat en planification financière (cheminement général);20021;hiver 2002;230
ESA;1;4731;Certificat en planification financière (cheminement général);20022;été 2002;96
ESA;1;4731;Certificat en planification financière (cheminement général);20023;automne 2002;248
ESA;1;4731;Certificat en planification financière (cheminement général);20031;hiver 2003;165
ESA;1;4731;Certificat en planification financière (cheminement général);20032;été 2003;111
ESA;1;4731;Certificat en planification financière (cheminement général);20033;automne 2003;187
ESA;1;4731;Certificat en planification financière (cheminement général);20041;hiver 2004;136
ESA;1;4731;Certificat en planification financière (cheminement général);20042;été 2004;131
ESA;1;4731;Certificat en planification financière (cheminement général);20043;automne 2004;165
ESA;1;4731;Certificat en planification financière (cheminement général);20051;hiver 2005;139
ESA;1;4731;Certificat en planification financière (cheminement général);20052;été 2005;56
ESA;1;4731;Certificat en planification financière (cheminement général);20053;automne 2005;148
ESA;1;4731;Certificat en planification financière (cheminement général);20061;hiver 2006;136
ESA;1;4731;Certificat en planification financière (cheminement général);20062;été 2006;99
ESA;1;4731;Certificat en planification financière (cheminement général);20063;automne 2006;189
ESA;1;4731;Certificat en planification financière (cheminement général);20071;hiver 2007;239
ESA;1;4731;Certificat en planification financière (cheminement général);20072;été 2007;139
ESA;1;4731;Certificat en planification financière (cheminement général);20073;automne 2007;245
ESA;1;4731;Certificat en planification financière (cheminement général);20081;hiver 2008;174
ESA;1;4731;Certificat en planification financière (cheminement général);20082;été 2008;161
ESA;1;4731;Certificat en planification financière (cheminement général);20083;automne 2008;235
ESA;1;4731;Certificat en planification financière (cheminement général);20091;hiver 2009;233
ESA;1;4731;Certificat en planification financière (cheminement général);20092;été 2009;156
ESA;1;4731;Certificat en planification financière (cheminement général);20093;automne 2009;232
ESA;1;4731;Certificat en planification financière (cheminement général);20101;hiver 2010;223
ESA;1;4731;Certificat en planification financière (cheminement général);20102;été 2010;168
ESA;1;4731;Certificat en planification financière (cheminement général);20103;automne 2010;247
ESA;1;4731;Certificat en planification financière (cheminement général);20111;hiver 2011;242
ESA;1;4731;Certificat en planification financière (cheminement général);20112;été 2011;183
ESA;1;4731;Certificat en planification financière (cheminement général);20113;automne 2011;257
ESA;1;4731;Certificat en planification financière (cheminement général);20121;hiver 2012;211
ESA;1;4731;Certificat en planification financière (cheminement général);20122;été 2012;175
ESA;1;4731;Certificat en planification financière (cheminement général);20123;automne 2012;259
ESA;1;4731;Certificat en planification financière (cheminement général);20131;hiver 2013;254
ESA;1;4731;Certificat en planification financière (cheminement général);20132;été 2013;180
ESA;1;4731;Certificat en planification financière (cheminement général);20133;automne 2013;241
ESA;1;4731;Certificat en planification financière (cheminement général);20141;hiver 2014;256
ESA;1;4731;Certificat en planification financière (cheminement général);20142;été 2014;185
ESA;1;4731;Certificat en planification financière (cheminement général);20143;automne 2014;267
ESA;1;4731;Certificat en planification financière (cheminement général);20151;hiver 2015;259
ESA;1;4731;Certificat en planification financière (cheminement général);20152;été 2015;264
ESA;1;4731;Certificat en planification financière (cheminement général);20153;automne 2015;353
ESA;1;4731;Certificat en planification financière (cheminement général);20161;hiver 2016;332
ESA;1;4731;Certificat en planification financière (cheminement général);20162;été 2016;243
ESA;1;4731;Certificat en planification financière (cheminement général);20163;automne 2016;305
ESA;1;4731;Certificat en planification financière (cheminement général);20171;hiver 2017;289
ESA;1;4731;Certificat en planification financière (cheminement général);20172;été 2017;216
ESA;1;4731;Certificat en planification financière (cheminement général);20173;automne 2017;303
ESA;1;4731;Certificat en planification financière (cheminement général);20181;hiver 2018;292
ESA;1;4731;Certificat en planification financière (cheminement général);20182;été 2018;241
ESA;1;4731;Certificat en planification financière (cheminement général);20183;automne 2018;290
ESA;1;4731;Certificat en planification financière (cheminement général);20191;hiver 2019;225
ESA;1;4731;Certificat en planification financière (cheminement général);20192;été 2019;119
ESA;1;4731;Certificat en planification financière (cheminement général);20193;automne 2019;240
ESA;1;4731;Certificat en planification financière (cheminement général);20201;hiver 2020;238
ESA;1;4731;Certificat en planification financière (cheminement général);20202;été 2020;192
ESA;1;4731;Certificat en planification financière (cheminement général);20203;automne 2020;254
ESA;1;4731;Certificat en planification financière (cheminement général);20211;hiver 2021;242
ESA;1;4731;Certificat en planification financière (cheminement général);20212;été 2021;135
ESA;1;4731;Certificat en planification financière (cheminement général);20213;automne 2021;208
ESA;1;4731;Certificat en planification financière (cheminement général);20221;hiver 2022;231
ESA;1;4731;Certificat en planification financière (cheminement général);20222;été 2022;120
ESA;1;4731;Certificat en planification financière (cheminement général);20223;automne 2022;189
ESA;1;4731;Certificat en planification financière (cheminement général);20231;hiver 2023;189
ESA;1;4731;Certificat en planification financière (cheminement général);20232;été 2023;142
ESA;1;4731;Certificat en planification financière (cheminement général);20233;automne 2023;258
ESA;1;4731;Certificat en planification financière (cheminement général);20241;hiver 2024;217
ESA;1;4731;Certificat en planification financière (cheminement général);20242;été 2024;173
ESA;1;4731;Certificat en planification financière (cheminement général);20243;automne 2024;256
ESA;1;4731;Certificat en planification financière (cheminement général);20251;hiver 2025;303
ESA;1;4731;Certificat en planification financière (cheminement général);20252;été 2025;229
ESA;1;4731;Certificat en planification financière (cheminement général);20253;automne 2025;317
ESA;1;4731;Certificat en planification financière (cheminement général);20261;hiver 2026;266
ESA;1;4731;Certificat en planification financière (cheminement général);20262;été 2026;166
ESA;1;4734;Certificat en gestion du tourisme;20063;automne 2006;29
ESA;1;4734;Certificat en gestion du tourisme;20071;hiver 2007;43
ESA;1;4734;Certificat en gestion du tourisme;20072;été 2007;31
ESA;1;4734;Certificat en gestion du tourisme;20073;automne 2007;71
ESA;1;4734;Certificat en gestion du tourisme;20081;hiver 2008;52
ESA;1;4734;Certificat en gestion du tourisme;20082;été 2008;56
ESA;1;4734;Certificat en gestion du tourisme;20083;automne 2008;83
ESA;1;4734;Certificat en gestion du tourisme;20091;hiver 2009;52
ESA;1;4734;Certificat en gestion du tourisme;20092;été 2009;38
ESA;1;4734;Certificat en gestion du tourisme;20093;automne 2009;85
ESA;1;4734;Certificat en gestion du tourisme;20101;hiver 2010;80
ESA;1;4734;Certificat en gestion du tourisme;20102;été 2010;45
ESA;1;4734;Certificat en gestion du tourisme;20103;automne 2010;129
ESA;1;4734;Certificat en gestion du tourisme;20111;hiver 2011;122
ESA;1;4734;Certificat en gestion du tourisme;20112;été 2011;54
ESA;1;4734;Certificat en gestion du tourisme;20113;automne 2011;130
ESA;1;4734;Certificat en gestion du tourisme;20121;hiver 2012;107
ESA;1;4734;Certificat en gestion du tourisme;20122;été 2012;79
ESA;1;4734;Certificat en gestion du tourisme;20123;automne 2012;108
ESA;1;4734;Certificat en gestion du tourisme;20131;hiver 2013;118
ESA;1;4734;Certificat en gestion du tourisme;20132;été 2013;51
ESA;1;4734;Certificat en gestion du tourisme;20133;automne 2013;109
ESA;1;4734;Certificat en gestion du tourisme;20141;hiver 2014;106
ESA;1;4734;Certificat en gestion du tourisme;20142;été 2014;70
ESA;1;4734;Certificat en gestion du tourisme;20143;automne 2014;120
ESA;1;4734;Certificat en gestion du tourisme;20151;hiver 2015;113
ESA;1;4734;Certificat en gestion du tourisme;20152;été 2015;60
ESA;1;4734;Certificat en gestion du tourisme;20153;automne 2015;122
ESA;1;4734;Certificat en gestion du tourisme;20161;hiver 2016;118
ESA;1;4734;Certificat en gestion du tourisme;20162;été 2016;62
ESA;1;4734;Certificat en gestion du tourisme;20163;automne 2016;127
ESA;1;4734;Certificat en gestion du tourisme;20171;hiver 2017;109
ESA;1;4734;Certificat en gestion du tourisme;20172;été 2017;41
ESA;1;4734;Certificat en gestion du tourisme;20173;automne 2017;110
ESA;1;4734;Certificat en gestion du tourisme;20181;hiver 2018;120
ESA;1;4734;Certificat en gestion du tourisme;20182;été 2018;54
ESA;1;4734;Certificat en gestion du tourisme;20183;automne 2018;110
ESA;1;4734;Certificat en gestion du tourisme;20191;hiver 2019;76
ESA;1;4734;Certificat en gestion du tourisme;20192;été 2019;17
ESA;1;4734;Certificat en gestion du tourisme;20193;automne 2019;105
ESA;1;4734;Certificat en gestion du tourisme;20201;hiver 2020;103
ESA;1;4734;Certificat en gestion du tourisme;20202;été 2020;83
ESA;1;4734;Certificat en gestion du tourisme;20203;automne 2020;122
ESA;1;4734;Certificat en gestion du tourisme;20211;hiver 2021;115
ESA;1;4734;Certificat en gestion du tourisme;20212;été 2021;61
ESA;1;4734;Certificat en gestion du tourisme;20213;automne 2021;75
ESA;1;4734;Certificat en gestion du tourisme;20221;hiver 2022;78
ESA;1;4734;Certificat en gestion du tourisme;20222;été 2022;32
ESA;1;4734;Certificat en gestion du tourisme;20223;automne 2022;73
ESA;1;4734;Certificat en gestion du tourisme;20231;hiver 2023;39
ESA;1;4734;Certificat en gestion du tourisme;20232;été 2023;31
ESA;1;4734;Certificat en gestion du tourisme;20233;automne 2023;42
ESA;1;4734;Certificat en gestion du tourisme;20241;hiver 2024;48
ESA;1;4734;Certificat en gestion du tourisme;20242;été 2024;30
ESA;1;4734;Certificat en gestion du tourisme;20243;automne 2024;32
ESA;1;4734;Certificat en gestion du tourisme;20251;hiver 2025;23
ESA;1;4734;Certificat en gestion du tourisme;20252;été 2025;25
ESA;1;4734;Certificat en gestion du tourisme;20253;automne 2025;39
ESA;1;4734;Certificat en gestion du tourisme;20261;hiver 2026;45
ESA;1;4734;Certificat en gestion du tourisme;20262;été 2026;24
ED;1;4750;Certificat en accompagnement à l'enseignement secondaire;20231;hiver 2023;7
ED;1;4750;Certificat en accompagnement à l'enseignement secondaire;20232;été 2023;13
ED;1;4750;Certificat en accompagnement à l'enseignement secondaire;20233;automne 2023;13
ED;1;4750;Certificat en accompagnement à l'enseignement secondaire;20241;hiver 2024;22
ED;1;4750;Certificat en accompagnement à l'enseignement secondaire;20242;été 2024;20
ED;1;4750;Certificat en accompagnement à l'enseignement secondaire;20243;automne 2024;33
ED;1;4750;Certificat en accompagnement à l'enseignement secondaire;20251;hiver 2025;35
ED;1;4750;Certificat en accompagnement à l'enseignement secondaire;20252;été 2025;39
ED;1;4750;Certificat en accompagnement à l'enseignement secondaire;20253;automne 2025;36
ED;1;4750;Certificat en accompagnement à l'enseignement secondaire;20261;hiver 2026;55
ED;1;4750;Certificat en accompagnement à l'enseignement secondaire;20262;été 2026;22
ESA;1;4751;Certificat en planification financière (cheminement Mouvement Desjardins);19821;hiver 1982;1
ESA;1;4751;Certificat en planification financière (cheminement Mouvement Desjardins);19823;automne 1982;1
ESA;1;4751;Certificat en planification financière (cheminement Mouvement Desjardins);19993;automne 1999;162
ESA;1;4751;Certificat en planification financière (cheminement Mouvement Desjardins);20001;hiver 2000;173
ESA;1;4751;Certificat en planification financière (cheminement Mouvement Desjardins);20002;été 2000;77
ESA;1;4751;Certificat en planification financière (cheminement Mouvement Desjardins);20003;automne 2000;273
ESA;1;4751;Certificat en planification financière (cheminement Mouvement Desjardins);20011;hiver 2001;193
ESA;1;4751;Certificat en planification financière (cheminement Mouvement Desjardins);20012;été 2001;53
ESA;1;4751;Certificat en planification financière (cheminement Mouvement Desjardins);20013;automne 2001;276
ESA;1;4751;Certificat en planification financière (cheminement Mouvement Desjardins);20021;hiver 2002;200
ESA;1;4751;Certificat en planification financière (cheminement Mouvement Desjardins);20022;été 2002;62
ESA;1;4751;Certificat en planification financière (cheminement Mouvement Desjardins);20023;automne 2002;282
ESA;1;4751;Certificat en planification financière (cheminement Mouvement Desjardins);20031;hiver 2003;186
ESA;1;4751;Certificat en planification financière (cheminement Mouvement Desjardins);20032;été 2003;73
ESA;1;4751;Certificat en planification financière (cheminement Mouvement Desjardins);20033;automne 2003;243
ESA;1;4751;Certificat en planification financière (cheminement Mouvement Desjardins);20041;hiver 2004;203
ESA;1;4751;Certificat en planification financière (cheminement Mouvement Desjardins);20042;été 2004;82
ESA;1;4751;Certificat en planification financière (cheminement Mouvement Desjardins);20043;automne 2004;285
ESA;1;4751;Certificat en planification financière (cheminement Mouvement Desjardins);20051;hiver 2005;232
ESA;1;4751;Certificat en planification financière (cheminement Mouvement Desjardins);20052;été 2005;111
ESA;1;4751;Certificat en planification financière (cheminement Mouvement Desjardins);20053;automne 2005;276
ESA;1;4751;Certificat en planification financière (cheminement Mouvement Desjardins);20061;hiver 2006;228
ESA;1;4751;Certificat en planification financière (cheminement Mouvement Desjardins);20062;été 2006;86
ESA;1;4751;Certificat en planification financière (cheminement Mouvement Desjardins);20063;automne 2006;357
ESA;1;4751;Certificat en planification financière (cheminement Mouvement Desjardins);20071;hiver 2007;276
ESA;1;4751;Certificat en planification financière (cheminement Mouvement Desjardins);20072;été 2007;130
ESA;1;4751;Certificat en planification financière (cheminement Mouvement Desjardins);20073;automne 2007;398
ESA;1;4751;Certificat en planification financière (cheminement Mouvement Desjardins);20081;hiver 2008;229
ESA;1;4751;Certificat en planification financière (cheminement Mouvement Desjardins);20082;été 2008;151
ESA;1;4751;Certificat en planification financière (cheminement Mouvement Desjardins);20083;automne 2008;318
ESA;1;4751;Certificat en planification financière (cheminement Mouvement Desjardins);20091;hiver 2009;269
ESA;1;4751;Certificat en planification financière (cheminement Mouvement Desjardins);20092;été 2009;132
ESA;1;4751;Certificat en planification financière (cheminement Mouvement Desjardins);20093;automne 2009;297
ESA;1;4751;Certificat en planification financière (cheminement Mouvement Desjardins);20101;hiver 2010;257
ESA;1;4751;Certificat en planification financière (cheminement Mouvement Desjardins);20102;été 2010;154
ESA;1;4751;Certificat en planification financière (cheminement Mouvement Desjardins);20103;automne 2010;321
ESA;1;4751;Certificat en planification financière (cheminement Mouvement Desjardins);20111;hiver 2011;274
ESA;1;4751;Certificat en planification financière (cheminement Mouvement Desjardins);20112;été 2011;149
ESA;1;4751;Certificat en planification financière (cheminement Mouvement Desjardins);20113;automne 2011;277
ESA;1;4751;Certificat en planification financière (cheminement Mouvement Desjardins);20121;hiver 2012;258
ESA;1;4751;Certificat en planification financière (cheminement Mouvement Desjardins);20122;été 2012;160
ESA;1;4751;Certificat en planification financière (cheminement Mouvement Desjardins);20123;automne 2012;272
ESA;1;4751;Certificat en planification financière (cheminement Mouvement Desjardins);20131;hiver 2013;252
ESA;1;4751;Certificat en planification financière (cheminement Mouvement Desjardins);20132;été 2013;124
ESA;1;4751;Certificat en planification financière (cheminement Mouvement Desjardins);20133;automne 2013;259
ESA;1;4751;Certificat en planification financière (cheminement Mouvement Desjardins);20141;hiver 2014;193
ESA;1;4751;Certificat en planification financière (cheminement Mouvement Desjardins);20142;été 2014;129
ESA;1;4751;Certificat en planification financière (cheminement Mouvement Desjardins);20143;automne 2014;204
ESA;1;4751;Certificat en planification financière (cheminement Mouvement Desjardins);20151;hiver 2015;188
ESA;1;4751;Certificat en planification financière (cheminement Mouvement Desjardins);20152;été 2015;105
ESA;1;4751;Certificat en planification financière (cheminement Mouvement Desjardins);20153;automne 2015;186
ESA;1;4751;Certificat en planification financière (cheminement Mouvement Desjardins);20161;hiver 2016;187
ESA;1;4751;Certificat en planification financière (cheminement Mouvement Desjardins);20162;été 2016;90
ESA;1;4751;Certificat en planification financière (cheminement Mouvement Desjardins);20163;automne 2016;178
ESA;1;4751;Certificat en planification financière (cheminement Mouvement Desjardins);20171;hiver 2017;187
ESA;1;4751;Certificat en planification financière (cheminement Mouvement Desjardins);20172;été 2017;103
ESA;1;4751;Certificat en planification financière (cheminement Mouvement Desjardins);20173;automne 2017;167
ESA;1;4751;Certificat en planification financière (cheminement Mouvement Desjardins);20181;hiver 2018;175
ESA;1;4751;Certificat en planification financière (cheminement Mouvement Desjardins);20182;été 2018;103
ESA;1;4751;Certificat en planification financière (cheminement Mouvement Desjardins);20183;automne 2018;160
ESA;1;4751;Certificat en planification financière (cheminement Mouvement Desjardins);20191;hiver 2019;109
ESA;1;4751;Certificat en planification financière (cheminement Mouvement Desjardins);20192;été 2019;68
ESA;1;4751;Certificat en planification financière (cheminement Mouvement Desjardins);20193;automne 2019;124
ESA;1;4751;Certificat en planification financière (cheminement Mouvement Desjardins);20201;hiver 2020;117
ESA;1;4751;Certificat en planification financière (cheminement Mouvement Desjardins);20202;été 2020;110
ESA;1;4751;Certificat en planification financière (cheminement Mouvement Desjardins);20203;automne 2020;133
ESA;1;4751;Certificat en planification financière (cheminement Mouvement Desjardins);20211;hiver 2021;142
ESA;1;4751;Certificat en planification financière (cheminement Mouvement Desjardins);20212;été 2021;93
ESA;1;4751;Certificat en planification financière (cheminement Mouvement Desjardins);20213;automne 2021;137
ESA;1;4751;Certificat en planification financière (cheminement Mouvement Desjardins);20221;hiver 2022;134
ESA;1;4751;Certificat en planification financière (cheminement Mouvement Desjardins);20222;été 2022;68
ESA;1;4751;Certificat en planification financière (cheminement Mouvement Desjardins);20223;automne 2022;145
ESA;1;4751;Certificat en planification financière (cheminement Mouvement Desjardins);20231;hiver 2023;133
ESA;1;4751;Certificat en planification financière (cheminement Mouvement Desjardins);20232;été 2023;83
ESA;1;4751;Certificat en planification financière (cheminement Mouvement Desjardins);20233;automne 2023;139
ESA;1;4751;Certificat en planification financière (cheminement Mouvement Desjardins);20241;hiver 2024;133
ESA;1;4751;Certificat en planification financière (cheminement Mouvement Desjardins);20242;été 2024;93
ESA;1;4751;Certificat en planification financière (cheminement Mouvement Desjardins);20243;automne 2024;143
ESA;1;4751;Certificat en planification financière (cheminement Mouvement Desjardins);20251;hiver 2025;140
ESA;1;4751;Certificat en planification financière (cheminement Mouvement Desjardins);20252;été 2025;90
ESA;1;4751;Certificat en planification financière (cheminement Mouvement Desjardins);20253;automne 2025;166
ESA;1;4751;Certificat en planification financière (cheminement Mouvement Desjardins);20261;hiver 2026;135
ESA;1;4751;Certificat en planification financière (cheminement Mouvement Desjardins);20262;été 2026;63
ED;2;4781;Diplôme d'études supérieures spécialisées en adaptation scolaire et sociale;20253;automne 2025;192
ED;2;4781;Diplôme d'études supérieures spécialisées en adaptation scolaire et sociale;20261;hiver 2026;174
ED;2;4781;Diplôme d'études supérieures spécialisées en adaptation scolaire et sociale;20262;été 2026;103
ED;2;4782;Diplôme d'études supérieures spécialisées en enseignement de la science et de la technologie au secondaire;20253;automne 2025;82
ED;2;4782;Diplôme d'études supérieures spécialisées en enseignement de la science et de la technologie au secondaire;20261;hiver 2026;83
ED;2;4782;Diplôme d'études supérieures spécialisées en enseignement de la science et de la technologie au secondaire;20262;été 2026;65
ED;2;4783;Diplôme d'études supérieures spécialisées en enseignement des arts;20253;automne 2025;118
ED;2;4783;Diplôme d'études supérieures spécialisées en enseignement des arts;20261;hiver 2026;109
ED;2;4783;Diplôme d'études supérieures spécialisées en enseignement des arts;20262;été 2026;41
ST;1;4865;Certificat en science des données;20222;été 2022;12
ST;1;4865;Certificat en science des données;20223;automne 2022;133
ST;1;4865;Certificat en science des données;20231;hiver 2023;220
ST;1;4865;Certificat en science des données;20232;été 2023;124
ST;1;4865;Certificat en science des données;20233;automne 2023;136
ST;1;4865;Certificat en science des données;20241;hiver 2024;141
ST;1;4865;Certificat en science des données;20242;été 2024;127
ST;1;4865;Certificat en science des données;20243;automne 2024;186
ST;1;4865;Certificat en science des données;20251;hiver 2025;225
ST;1;4865;Certificat en science des données;20252;été 2025;176
ST;1;4865;Certificat en science des données;20253;automne 2025;229
ST;1;4865;Certificat en science des données;20261;hiver 2026;196
ST;1;4865;Certificat en science des données;20262;été 2026;110
SHLC;1;4924;Certificat en langue anglaise;20223;automne 2022;7
SHLC;1;4924;Certificat en langue anglaise;20231;hiver 2023;30
SHLC;1;4924;Certificat en langue anglaise;20232;été 2023;25
SHLC;1;4924;Certificat en langue anglaise;20233;automne 2023;25
SHLC;1;4924;Certificat en langue anglaise;20241;hiver 2024;36
SHLC;1;4924;Certificat en langue anglaise;20242;été 2024;21
SHLC;1;4924;Certificat en langue anglaise;20243;automne 2024;41
SHLC;1;4924;Certificat en langue anglaise;20251;hiver 2025;41
SHLC;1;4924;Certificat en langue anglaise;20252;été 2025;21
SHLC;1;4924;Certificat en langue anglaise;20253;automne 2025;41
SHLC;1;4924;Certificat en langue anglaise;20261;hiver 2026;36
SHLC;1;4924;Certificat en langue anglaise;20262;été 2026;15
ESA;1;5046;Propédeutique (DESS en finance d'entreprise);20012;été 2001;4
ESA;1;5046;Propédeutique (DESS en finance d'entreprise);20013;automne 2001;2
ESA;1;5046;Propédeutique (DESS en finance d'entreprise);20021;hiver 2002;1
ESA;1;5046;Propédeutique (DESS en finance d'entreprise);20022;été 2002;1
ESA;1;5046;Propédeutique (DESS en finance d'entreprise);20031;hiver 2003;3
ESA;1;5046;Propédeutique (DESS en finance d'entreprise);20041;hiver 2004;3
ESA;1;5046;Propédeutique (DESS en finance d'entreprise);20042;été 2004;3
ESA;1;5046;Propédeutique (DESS en finance d'entreprise);20043;automne 2004;4
ESA;1;5046;Propédeutique (DESS en finance d'entreprise);20051;hiver 2005;2
ESA;1;5046;Propédeutique (DESS en finance d'entreprise);20052;été 2005;3
ESA;1;5046;Propédeutique (DESS en finance d'entreprise);20061;hiver 2006;4
ESA;1;5046;Propédeutique (DESS en finance d'entreprise);20132;été 2013;1
ED;1;5051;Propédeutique (DESS en technologies de l'information et environnements d'apprentissage);20033;automne 2003;1
ED;1;5051;Propédeutique (DESS en technologies de l'information et environnements d'apprentissage);20041;hiver 2004;1
ED;1;5051;Propédeutique (DESS en technologies de l'information et environnements d'apprentissage);20042;été 2004;1
ED;1;5051;Propédeutique (DESS en technologies de l'information et environnements d'apprentissage);20051;hiver 2005;1
ED;1;5051;Propédeutique (DESS en technologies de l'information et environnements d'apprentissage);20061;hiver 2006;1
ED;1;5051;Propédeutique (DESS en technologies de l'information et environnements d'apprentissage);20073;automne 2007;1
ST;2;5060;Propédeutique (Doctorat en informatique cognitive);20031;hiver 2003;1
ST;2;5060;Propédeutique (Doctorat en informatique cognitive);20032;été 2003;1
ST;2;5060;Propédeutique (Doctorat en informatique cognitive);20033;automne 2003;2
ST;2;5060;Propédeutique (Doctorat en informatique cognitive);20041;hiver 2004;2
ST;2;5060;Propédeutique (Doctorat en informatique cognitive);20053;automne 2005;1
ED;1;5107;Propédeutique (DESS en formation à distance);20051;hiver 2005;1
ED;1;5107;Propédeutique (DESS en formation à distance);20052;été 2005;1
ED;1;5107;Propédeutique (DESS en formation à distance);20053;automne 2005;2
ED;1;5107;Propédeutique (DESS en formation à distance);20061;hiver 2006;2
ED;1;5107;Propédeutique (DESS en formation à distance);20071;hiver 2007;6
ED;1;5107;Propédeutique (DESS en formation à distance);20073;automne 2007;6
ED;1;5108;Propédeutique (Maîtrise en formation à distance);20033;automne 2003;8
ED;1;5176;Propédeutique (DESS en technologie éducative);20113;automne 2011;4
ED;1;5176;Propédeutique (DESS en technologie éducative);20241;hiver 2024;3
SHLC;1;5178;Propédeutique (DESS en santé mentale);20021;hiver 2002;3
SHLC;1;5178;Propédeutique (DESS en santé mentale);20022;été 2002;3
SHLC;1;5178;Propédeutique (DESS en santé mentale);20023;automne 2002;4
SHLC;1;5178;Propédeutique (DESS en santé mentale);20031;hiver 2003;3
SHLC;1;5178;Propédeutique (DESS en santé mentale);20032;été 2003;1
SHLC;1;5178;Propédeutique (DESS en santé mentale);20033;automne 2003;1
SHLC;1;5178;Propédeutique (DESS en santé mentale);20053;automne 2005;1
SHLC;1;5178;Propédeutique (DESS en santé mentale);20062;été 2006;2
SHLC;1;5178;Propédeutique (DESS en santé mentale);20071;hiver 2007;2
SHLC;1;5178;Propédeutique (DESS en santé mentale);20072;été 2007;1
SHLC;1;5178;Propédeutique (DESS en santé mentale);20073;automne 2007;8
SHLC;1;5178;Propédeutique (DESS en santé mentale);20081;hiver 2008;7
SHLC;1;5178;Propédeutique (DESS en santé mentale);20082;été 2008;2
SHLC;1;5178;Propédeutique (DESS en santé mentale);20083;automne 2008;2
SHLC;1;5178;Propédeutique (DESS en santé mentale);20091;hiver 2009;6
SHLC;1;5178;Propédeutique (DESS en santé mentale);20092;été 2009;4
SHLC;1;5178;Propédeutique (DESS en santé mentale);20093;automne 2009;2
SHLC;1;5178;Propédeutique (DESS en santé mentale);20101;hiver 2010;2
SHLC;1;5178;Propédeutique (DESS en santé mentale);20103;automne 2010;3
SHLC;1;5178;Propédeutique (DESS en santé mentale);20111;hiver 2011;2
SHLC;1;5178;Propédeutique (DESS en santé mentale);20121;hiver 2012;2
SHLC;1;5178;Propédeutique (DESS en santé mentale);20122;été 2012;1
SHLC;1;5178;Propédeutique (DESS en santé mentale);20123;automne 2012;1
SHLC;1;5178;Propédeutique (DESS en santé mentale);20142;été 2014;4
SHLC;1;5178;Propédeutique (DESS en santé mentale);20143;automne 2014;5
SHLC;1;5178;Propédeutique (DESS en santé mentale);20152;été 2015;2
SHLC;1;5178;Propédeutique (DESS en santé mentale);20161;hiver 2016;1
SHLC;1;5178;Propédeutique (DESS en santé mentale);20171;hiver 2017;5
SHLC;1;5178;Propédeutique (DESS en santé mentale);20182;été 2018;1
SHLC;1;5178;Propédeutique (DESS en santé mentale);20202;été 2020;1
SHLC;1;5178;Propédeutique (DESS en santé mentale);20211;hiver 2021;1
SHLC;1;5178;Propédeutique (DESS en santé mentale);20251;hiver 2025;9
SHLC;1;5178;Propédeutique (DESS en santé mentale);20252;été 2025;3
SHLC;1;5178;Propédeutique (DESS en santé mentale);20253;automne 2025;13
SHLC;1;5178;Propédeutique (DESS en santé mentale);20261;hiver 2026;21
SHLC;1;5178;Propédeutique (DESS en santé mentale);20262;été 2026;17
ST;1;5210;Propédeutique (DESS en technologie de l'information);20112;été 2011;1
SHLC;1;5683;Certificat en études québécoises;20152;été 2015;5
SHLC;1;5683;Certificat en études québécoises;20153;automne 2015;13
SHLC;1;5683;Certificat en études québécoises;20161;hiver 2016;11
SHLC;1;5683;Certificat en études québécoises;20162;été 2016;8
SHLC;1;5683;Certificat en études québécoises;20163;automne 2016;31
SHLC;1;5683;Certificat en études québécoises;20171;hiver 2017;44
SHLC;1;5683;Certificat en études québécoises;20172;été 2017;10
SHLC;1;5683;Certificat en études québécoises;20173;automne 2017;15
SHLC;1;5683;Certificat en études québécoises;20181;hiver 2018;16
SHLC;1;5683;Certificat en études québécoises;20182;été 2018;15
SHLC;1;5683;Certificat en études québécoises;20183;automne 2018;25
SHLC;1;5683;Certificat en études québécoises;20191;hiver 2019;17
SHLC;1;5683;Certificat en études québécoises;20192;été 2019;24
SHLC;1;5683;Certificat en études québécoises;20193;automne 2019;26
SHLC;1;5683;Certificat en études québécoises;20201;hiver 2020;26
SHLC;1;5683;Certificat en études québécoises;20202;été 2020;25
SHLC;1;5683;Certificat en études québécoises;20203;automne 2020;29
SHLC;1;5683;Certificat en études québécoises;20211;hiver 2021;38
SHLC;1;5683;Certificat en études québécoises;20212;été 2021;22
SHLC;1;5683;Certificat en études québécoises;20213;automne 2021;32
SHLC;1;5683;Certificat en études québécoises;20221;hiver 2022;37
SHLC;1;5683;Certificat en études québécoises;20222;été 2022;13
SHLC;1;5683;Certificat en études québécoises;20223;automne 2022;36
SHLC;1;5683;Certificat en études québécoises;20231;hiver 2023;38
SHLC;1;5683;Certificat en études québécoises;20232;été 2023;18
SHLC;1;5683;Certificat en études québécoises;20233;automne 2023;32
SHLC;1;5683;Certificat en études québécoises;20241;hiver 2024;20
SHLC;1;5683;Certificat en études québécoises;20242;été 2024;22
SHLC;1;5683;Certificat en études québécoises;20243;automne 2024;48
SHLC;1;5683;Certificat en études québécoises;20251;hiver 2025;45
SHLC;1;5683;Certificat en études québécoises;20252;été 2025;38
SHLC;1;5683;Certificat en études québécoises;20253;automne 2025;32
SHLC;1;5683;Certificat en études québécoises;20261;hiver 2026;48
SHLC;1;5683;Certificat en études québécoises;20262;été 2026;23
ED;1;5782;Propédeutique - DESS enseignement de l'univers social au secondaire;20251;hiver 2025;9
ED;1;5782;Propédeutique - DESS enseignement de l'univers social au secondaire;20252;été 2025;5
ED;1;5782;Propédeutique - DESS enseignement de l'univers social au secondaire;20253;automne 2025;7
ED;1;5782;Propédeutique - DESS enseignement de l'univers social au secondaire;20261;hiver 2026;6
ED;1;5782;Propédeutique - DESS enseignement de l'univers social au secondaire;20262;été 2026;10
SHLC;1;5784;Propédeutique - DESS en enseignement du français langue seconde;20241;hiver 2024;53
SHLC;1;5784;Propédeutique - DESS en enseignement du français langue seconde;20242;été 2024;47
SHLC;1;5784;Propédeutique - DESS en enseignement du français langue seconde;20243;automne 2024;78
SHLC;1;5784;Propédeutique - DESS en enseignement du français langue seconde;20251;hiver 2025;79
SHLC;1;5784;Propédeutique - DESS en enseignement du français langue seconde;20252;été 2025;35
SHLC;1;5784;Propédeutique - DESS en enseignement du français langue seconde;20253;automne 2025;23
SHLC;1;5784;Propédeutique - DESS en enseignement du français langue seconde;20261;hiver 2026;18
SHLC;1;5784;Propédeutique - DESS en enseignement du français langue seconde;20262;été 2026;10
SHLC;1;5785;Propédeutique - DESS enseignement de l'anglais langue seconde;20241;hiver 2024;14
SHLC;1;5785;Propédeutique - DESS enseignement de l'anglais langue seconde;20242;été 2024;14
SHLC;1;5785;Propédeutique - DESS enseignement de l'anglais langue seconde;20243;automne 2024;29
SHLC;1;5785;Propédeutique - DESS enseignement de l'anglais langue seconde;20251;hiver 2025;28
SHLC;1;5785;Propédeutique - DESS enseignement de l'anglais langue seconde;20252;été 2025;22
SHLC;1;5785;Propédeutique - DESS enseignement de l'anglais langue seconde;20253;automne 2025;40
SHLC;1;5785;Propédeutique - DESS enseignement de l'anglais langue seconde;20261;hiver 2026;69
SHLC;1;5785;Propédeutique - DESS enseignement de l'anglais langue seconde;20262;été 2026;27
ST;1;5810;Propédeutique (Maîtrise ès sciences (technologie de l'information - profil professionnel);20142;été 2014;2
ST;1;5810;Propédeutique (Maîtrise ès sciences (technologie de l'information - profil professionnel);20151;hiver 2015;2
ST;1;5810;Propédeutique (Maîtrise ès sciences (technologie de l'information - profil professionnel);20201;hiver 2020;1
ST;1;6004;Majeure en sciences de l'environnement;20181;hiver 2018;3
ST;1;6004;Majeure en sciences de l'environnement;20182;été 2018;4
ST;1;6004;Majeure en sciences de l'environnement;20183;automne 2018;13
ST;1;6004;Majeure en sciences de l'environnement;20191;hiver 2019;11
ST;1;6004;Majeure en sciences de l'environnement;20192;été 2019;14
ST;1;6004;Majeure en sciences de l'environnement;20193;automne 2019;29
ST;1;6004;Majeure en sciences de l'environnement;20201;hiver 2020;30
ST;1;6004;Majeure en sciences de l'environnement;20202;été 2020;23
ST;1;6004;Majeure en sciences de l'environnement;20203;automne 2020;46
ST;1;6004;Majeure en sciences de l'environnement;20211;hiver 2021;44
ST;1;6004;Majeure en sciences de l'environnement;20212;été 2021;17
ST;1;6004;Majeure en sciences de l'environnement;20213;automne 2021;53
ST;1;6004;Majeure en sciences de l'environnement;20221;hiver 2022;40
ST;1;6004;Majeure en sciences de l'environnement;20222;été 2022;20
ST;1;6004;Majeure en sciences de l'environnement;20223;automne 2022;43
ST;1;6004;Majeure en sciences de l'environnement;20231;hiver 2023;32
ST;1;6004;Majeure en sciences de l'environnement;20232;été 2023;28
ST;1;6004;Majeure en sciences de l'environnement;20233;automne 2023;52
ST;1;6004;Majeure en sciences de l'environnement;20241;hiver 2024;38
ST;1;6004;Majeure en sciences de l'environnement;20242;été 2024;29
ST;1;6004;Majeure en sciences de l'environnement;20243;automne 2024;33
ST;1;6004;Majeure en sciences de l'environnement;20251;hiver 2025;37
ST;1;6004;Majeure en sciences de l'environnement;20252;été 2025;17
ST;1;6004;Majeure en sciences de l'environnement;20253;automne 2025;34
ST;1;6004;Majeure en sciences de l'environnement;20261;hiver 2026;23
ST;1;6004;Majeure en sciences de l'environnement;20262;été 2026;33
ST;1;6010;Majeure en informatique;20183;automne 2018;6
ST;1;6010;Majeure en informatique;20191;hiver 2019;46
ST;1;6010;Majeure en informatique;20192;été 2019;51
ST;1;6010;Majeure en informatique;20193;automne 2019;84
ST;1;6010;Majeure en informatique;20201;hiver 2020;127
ST;1;6010;Majeure en informatique;20202;été 2020;115
ST;1;6010;Majeure en informatique;20203;automne 2020;145
ST;1;6010;Majeure en informatique;20211;hiver 2021;145
ST;1;6010;Majeure en informatique;20212;été 2021;102
ST;1;6010;Majeure en informatique;20213;automne 2021;129
ST;1;6010;Majeure en informatique;20221;hiver 2022;167
ST;1;6010;Majeure en informatique;20222;été 2022;94
ST;1;6010;Majeure en informatique;20223;automne 2022;191
ST;1;6010;Majeure en informatique;20231;hiver 2023;228
ST;1;6010;Majeure en informatique;20232;été 2023;229
ST;1;6010;Majeure en informatique;20233;automne 2023;320
ST;1;6010;Majeure en informatique;20241;hiver 2024;339
ST;1;6010;Majeure en informatique;20242;été 2024;243
ST;1;6010;Majeure en informatique;20243;automne 2024;370
ST;1;6010;Majeure en informatique;20251;hiver 2025;375
ST;1;6010;Majeure en informatique;20252;été 2025;222
ST;1;6010;Majeure en informatique;20253;automne 2025;317
ST;1;6010;Majeure en informatique;20261;hiver 2026;278
ST;1;6010;Majeure en informatique;20262;été 2026;155
SHLC;1;6014;Majeure en psychologie (profil général);20232;été 2023;18
SHLC;1;6014;Majeure en psychologie (profil général);20233;automne 2023;71
SHLC;1;6014;Majeure en psychologie (profil général);20241;hiver 2024;72
SHLC;1;6014;Majeure en psychologie (profil général);20242;été 2024;70
SHLC;1;6014;Majeure en psychologie (profil général);20243;automne 2024;128
SHLC;1;6014;Majeure en psychologie (profil général);20251;hiver 2025;125
SHLC;1;6014;Majeure en psychologie (profil général);20252;été 2025;112
SHLC;1;6014;Majeure en psychologie (profil général);20253;automne 2025;175
SHLC;1;6014;Majeure en psychologie (profil général);20261;hiver 2026;202
SHLC;1;6014;Majeure en psychologie (profil général);20262;été 2026;124
SHLC;1;6015;Majeure en psychologie (profil personnalisé);20232;été 2023;39
SHLC;1;6015;Majeure en psychologie (profil personnalisé);20233;automne 2023;86
SHLC;1;6015;Majeure en psychologie (profil personnalisé);20241;hiver 2024;105
SHLC;1;6015;Majeure en psychologie (profil personnalisé);20242;été 2024;112
SHLC;1;6015;Majeure en psychologie (profil personnalisé);20243;automne 2024;158
SHLC;1;6015;Majeure en psychologie (profil personnalisé);20251;hiver 2025;180
SHLC;1;6015;Majeure en psychologie (profil personnalisé);20252;été 2025;138
SHLC;1;6015;Majeure en psychologie (profil personnalisé);20253;automne 2025;182
SHLC;1;6015;Majeure en psychologie (profil personnalisé);20261;hiver 2026;183
SHLC;1;6015;Majeure en psychologie (profil personnalisé);20262;été 2026;116
BR;1;6220;Étudiant libre de deuxième cycle;19921;hiver 1992;111
BR;1;6220;Étudiant libre de deuxième cycle;19931;hiver 1993;8
SHLC;1;6295;Certificat en traduction;20133;automne 2013;23
SHLC;1;6295;Certificat en traduction;20141;hiver 2014;59
SHLC;1;6295;Certificat en traduction;20142;été 2014;53
SHLC;1;6295;Certificat en traduction;20143;automne 2014;90
SHLC;1;6295;Certificat en traduction;20151;hiver 2015;107
SHLC;1;6295;Certificat en traduction;20152;été 2015;53
SHLC;1;6295;Certificat en traduction;20153;automne 2015;101
SHLC;1;6295;Certificat en traduction;20161;hiver 2016;117
SHLC;1;6295;Certificat en traduction;20162;été 2016;68
SHLC;1;6295;Certificat en traduction;20163;automne 2016;115
SHLC;1;6295;Certificat en traduction;20171;hiver 2017;142
SHLC;1;6295;Certificat en traduction;20172;été 2017;97
SHLC;1;6295;Certificat en traduction;20173;automne 2017;110
SHLC;1;6295;Certificat en traduction;20181;hiver 2018;137
SHLC;1;6295;Certificat en traduction;20182;été 2018;103
SHLC;1;6295;Certificat en traduction;20183;automne 2018;141
SHLC;1;6295;Certificat en traduction;20191;hiver 2019;114
SHLC;1;6295;Certificat en traduction;20192;été 2019;18
SHLC;1;6295;Certificat en traduction;20193;automne 2019;108
SHLC;1;6295;Certificat en traduction;20201;hiver 2020;131
SHLC;1;6295;Certificat en traduction;20202;été 2020;110
SHLC;1;6295;Certificat en traduction;20203;automne 2020;147
SHLC;1;6295;Certificat en traduction;20211;hiver 2021;96
SHLC;1;6295;Certificat en traduction;20212;été 2021;33
SHLC;1;6295;Certificat en traduction;20213;automne 2021;28
SHLC;1;6295;Certificat en traduction;20221;hiver 2022;25
SHLC;1;6295;Certificat en traduction;20222;été 2022;9
SHLC;1;6295;Certificat en traduction;20223;automne 2022;7
SHLC;1;6295;Certificat en traduction;20231;hiver 2023;8
SHLC;1;6295;Certificat en traduction;20232;été 2023;2
SHLC;1;6295;Certificat en traduction;20233;automne 2023;2
SHLC;1;6295;Certificat en traduction;20241;hiver 2024;4
SHLC;1;6295;Certificat en traduction;20243;automne 2024;3
SHLC;1;6295;Certificat en traduction;20251;hiver 2025;3
SHLC;1;6378;Majeure en culture et expression écrites;20182;été 2018;12
SHLC;1;6378;Majeure en culture et expression écrites;20183;automne 2018;25
SHLC;1;6378;Majeure en culture et expression écrites;20191;hiver 2019;32
SHLC;1;6378;Majeure en culture et expression écrites;20192;été 2019;21
SHLC;1;6378;Majeure en culture et expression écrites;20193;automne 2019;26
SHLC;1;6378;Majeure en culture et expression écrites;20201;hiver 2020;41
SHLC;1;6378;Majeure en culture et expression écrites;20202;été 2020;51
SHLC;1;6378;Majeure en culture et expression écrites;20203;automne 2020;49
SHLC;1;6378;Majeure en culture et expression écrites;20211;hiver 2021;56
SHLC;1;6378;Majeure en culture et expression écrites;20212;été 2021;18
SHLC;1;6378;Majeure en culture et expression écrites;20213;automne 2021;61
SHLC;1;6378;Majeure en culture et expression écrites;20221;hiver 2022;63
SHLC;1;6378;Majeure en culture et expression écrites;20222;été 2022;28
SHLC;1;6378;Majeure en culture et expression écrites;20223;automne 2022;68
SHLC;1;6378;Majeure en culture et expression écrites;20231;hiver 2023;48
SHLC;1;6378;Majeure en culture et expression écrites;20232;été 2023;32
SHLC;1;6378;Majeure en culture et expression écrites;20233;automne 2023;56
SHLC;1;6378;Majeure en culture et expression écrites;20241;hiver 2024;68
SHLC;1;6378;Majeure en culture et expression écrites;20242;été 2024;20
SHLC;1;6378;Majeure en culture et expression écrites;20243;automne 2024;56
SHLC;1;6378;Majeure en culture et expression écrites;20251;hiver 2025;60
SHLC;1;6378;Majeure en culture et expression écrites;20252;été 2025;42
SHLC;1;6378;Majeure en culture et expression écrites;20253;automne 2025;51
SHLC;1;6378;Majeure en culture et expression écrites;20261;hiver 2026;49
SHLC;1;6378;Majeure en culture et expression écrites;20262;été 2026;35
ED;1;6394;Majeure en éducation des adultes;20113;automne 2011;89
ED;1;6394;Majeure en éducation des adultes;20121;hiver 2012;135
ED;1;6394;Majeure en éducation des adultes;20122;été 2012;106
ED;1;6394;Majeure en éducation des adultes;20123;automne 2012;143
ED;1;6394;Majeure en éducation des adultes;20131;hiver 2013;120
ED;1;6394;Majeure en éducation des adultes;20132;été 2013;96
ED;1;6394;Majeure en éducation des adultes;20133;automne 2013;122
ED;1;6394;Majeure en éducation des adultes;20141;hiver 2014;115
ED;1;6394;Majeure en éducation des adultes;20142;été 2014;83
ED;1;6394;Majeure en éducation des adultes;20143;automne 2014;108
ED;1;6394;Majeure en éducation des adultes;20151;hiver 2015;126
ED;1;6394;Majeure en éducation des adultes;20152;été 2015;80
ED;1;6394;Majeure en éducation des adultes;20153;automne 2015;88
ED;1;6394;Majeure en éducation des adultes;20161;hiver 2016;71
ED;1;6394;Majeure en éducation des adultes;20162;été 2016;54
ED;1;6394;Majeure en éducation des adultes;20163;automne 2016;82
ED;1;6394;Majeure en éducation des adultes;20171;hiver 2017;73
ED;1;6394;Majeure en éducation des adultes;20172;été 2017;59
ED;1;6394;Majeure en éducation des adultes;20173;automne 2017;75
ED;1;6394;Majeure en éducation des adultes;20181;hiver 2018;79
ED;1;6394;Majeure en éducation des adultes;20182;été 2018;71
ED;1;6394;Majeure en éducation des adultes;20183;automne 2018;98
ED;1;6394;Majeure en éducation des adultes;20191;hiver 2019;81
ED;1;6394;Majeure en éducation des adultes;20192;été 2019;66
ED;1;6394;Majeure en éducation des adultes;20193;automne 2019;94
ED;1;6394;Majeure en éducation des adultes;20201;hiver 2020;110
ED;1;6394;Majeure en éducation des adultes;20202;été 2020;86
ED;1;6394;Majeure en éducation des adultes;20203;automne 2020;118
ED;1;6394;Majeure en éducation des adultes;20211;hiver 2021;130
ED;1;6394;Majeure en éducation des adultes;20212;été 2021;115
ED;1;6394;Majeure en éducation des adultes;20213;automne 2021;131
ED;1;6394;Majeure en éducation des adultes;20221;hiver 2022;145
ED;1;6394;Majeure en éducation des adultes;20222;été 2022;97
ED;1;6394;Majeure en éducation des adultes;20223;automne 2022;130
ED;1;6394;Majeure en éducation des adultes;20231;hiver 2023;102
ED;1;6394;Majeure en éducation des adultes;20232;été 2023;95
ED;1;6394;Majeure en éducation des adultes;20233;automne 2023;119
ED;1;6394;Majeure en éducation des adultes;20241;hiver 2024;123
ED;1;6394;Majeure en éducation des adultes;20242;été 2024;102
ED;1;6394;Majeure en éducation des adultes;20243;automne 2024;115
ED;1;6394;Majeure en éducation des adultes;20251;hiver 2025;112
ED;1;6394;Majeure en éducation des adultes;20252;été 2025;84
ED;1;6394;Majeure en éducation des adultes;20253;automne 2025;102
ED;1;6394;Majeure en éducation des adultes;20261;hiver 2026;74
ED;1;6394;Majeure en éducation des adultes;20262;été 2026;49
ED;1;6494;Majeure en éducation des adultes;20053;automne 2005;23
ED;1;6494;Majeure en éducation des adultes;20061;hiver 2006;59
ED;1;6494;Majeure en éducation des adultes;20062;été 2006;30
ED;1;6494;Majeure en éducation des adultes;20063;automne 2006;63
ED;1;6494;Majeure en éducation des adultes;20071;hiver 2007;79
ED;1;6494;Majeure en éducation des adultes;20072;été 2007;68
ED;1;6494;Majeure en éducation des adultes;20073;automne 2007;91
ED;1;6494;Majeure en éducation des adultes;20081;hiver 2008;82
ED;1;6494;Majeure en éducation des adultes;20082;été 2008;56
ED;1;6494;Majeure en éducation des adultes;20083;automne 2008;86
ED;1;6494;Majeure en éducation des adultes;20091;hiver 2009;121
ED;1;6494;Majeure en éducation des adultes;20092;été 2009;88
ED;1;6494;Majeure en éducation des adultes;20093;automne 2009;144
ED;1;6494;Majeure en éducation des adultes;20101;hiver 2010;176
ED;1;6494;Majeure en éducation des adultes;20102;été 2010;100
ED;1;6494;Majeure en éducation des adultes;20103;automne 2010;167
ED;1;6494;Majeure en éducation des adultes;20111;hiver 2011;159
ED;1;6494;Majeure en éducation des adultes;20112;été 2011;98
ED;1;6494;Majeure en éducation des adultes;20113;automne 2011;72
SHLC;1;6632;Majeure en langue et linguistique;20152;été 2015;11
SHLC;1;6632;Majeure en langue et linguistique;20153;automne 2015;38
SHLC;1;6632;Majeure en langue et linguistique;20161;hiver 2016;41
SHLC;1;6632;Majeure en langue et linguistique;20162;été 2016;53
SHLC;1;6632;Majeure en langue et linguistique;20163;automne 2016;53
SHLC;1;6632;Majeure en langue et linguistique;20171;hiver 2017;38
SHLC;1;6632;Majeure en langue et linguistique;20172;été 2017;34
SHLC;1;6632;Majeure en langue et linguistique;20173;automne 2017;43
SHLC;1;6632;Majeure en langue et linguistique;20181;hiver 2018;63
SHLC;1;6632;Majeure en langue et linguistique;20182;été 2018;41
SHLC;1;6632;Majeure en langue et linguistique;20183;automne 2018;48
SHLC;1;6632;Majeure en langue et linguistique;20191;hiver 2019;32
SHLC;1;6632;Majeure en langue et linguistique;20192;été 2019;21
SHLC;1;6632;Majeure en langue et linguistique;20193;automne 2019;47
SHLC;1;6632;Majeure en langue et linguistique;20201;hiver 2020;54
SHLC;1;6632;Majeure en langue et linguistique;20202;été 2020;45
SHLC;1;6632;Majeure en langue et linguistique;20203;automne 2020;46
SHLC;1;6632;Majeure en langue et linguistique;20211;hiver 2021;78
SHLC;1;6632;Majeure en langue et linguistique;20212;été 2021;51
SHLC;1;6632;Majeure en langue et linguistique;20213;automne 2021;91
SHLC;1;6632;Majeure en langue et linguistique;20221;hiver 2022;70
SHLC;1;6632;Majeure en langue et linguistique;20222;été 2022;33
SHLC;1;6632;Majeure en langue et linguistique;20223;automne 2022;45
SHLC;1;6632;Majeure en langue et linguistique;20231;hiver 2023;39
SHLC;1;6632;Majeure en langue et linguistique;20232;été 2023;26
SHLC;1;6632;Majeure en langue et linguistique;20233;automne 2023;49
SHLC;1;6632;Majeure en langue et linguistique;20241;hiver 2024;55
SHLC;1;6632;Majeure en langue et linguistique;20242;été 2024;33
SHLC;1;6632;Majeure en langue et linguistique;20243;automne 2024;44
SHLC;1;6632;Majeure en langue et linguistique;20251;hiver 2025;53
SHLC;1;6632;Majeure en langue et linguistique;20252;été 2025;28
SHLC;1;6632;Majeure en langue et linguistique;20253;automne 2025;49
SHLC;1;6632;Majeure en langue et linguistique;20261;hiver 2026;37
SHLC;1;6632;Majeure en langue et linguistique;20262;été 2026;31
ESA;1;6768;Baccalauréat en administration (concentration en management);20183;automne 2018;30
ESA;1;6768;Baccalauréat en administration (concentration en management);20191;hiver 2019;47
ESA;1;6768;Baccalauréat en administration (concentration en management);20192;été 2019;19
ESA;1;6768;Baccalauréat en administration (concentration en management);20193;automne 2019;58
ESA;1;6768;Baccalauréat en administration (concentration en management);20201;hiver 2020;77
ESA;1;6768;Baccalauréat en administration (concentration en management);20202;été 2020;65
ESA;1;6768;Baccalauréat en administration (concentration en management);20203;automne 2020;134
ESA;1;6768;Baccalauréat en administration (concentration en management);20211;hiver 2021;114
ESA;1;6768;Baccalauréat en administration (concentration en management);20212;été 2021;64
ESA;1;6768;Baccalauréat en administration (concentration en management);20213;automne 2021;116
ESA;1;6768;Baccalauréat en administration (concentration en management);20221;hiver 2022;118
ESA;1;6768;Baccalauréat en administration (concentration en management);20222;été 2022;81
ESA;1;6768;Baccalauréat en administration (concentration en management);20223;automne 2022;134
ESA;1;6768;Baccalauréat en administration (concentration en management);20231;hiver 2023;133
ESA;1;6768;Baccalauréat en administration (concentration en management);20232;été 2023;103
ESA;1;6768;Baccalauréat en administration (concentration en management);20233;automne 2023;156
ESA;1;6768;Baccalauréat en administration (concentration en management);20241;hiver 2024;187
ESA;1;6768;Baccalauréat en administration (concentration en management);20242;été 2024;126
ESA;1;6768;Baccalauréat en administration (concentration en management);20243;automne 2024;205
ESA;1;6768;Baccalauréat en administration (concentration en management);20251;hiver 2025;196
ESA;1;6768;Baccalauréat en administration (concentration en management);20252;été 2025;161
ESA;1;6768;Baccalauréat en administration (concentration en management);20253;automne 2025;234
ESA;1;6768;Baccalauréat en administration (concentration en management);20261;hiver 2026;217
ESA;1;6768;Baccalauréat en administration (concentration en management);20262;été 2026;105
ESA;1;6769;Baccalauréat en administration (concentration en marketing);20183;automne 2018;11
ESA;1;6769;Baccalauréat en administration (concentration en marketing);20191;hiver 2019;48
ESA;1;6769;Baccalauréat en administration (concentration en marketing);20192;été 2019;18
ESA;1;6769;Baccalauréat en administration (concentration en marketing);20193;automne 2019;61
ESA;1;6769;Baccalauréat en administration (concentration en marketing);20201;hiver 2020;97
ESA;1;6769;Baccalauréat en administration (concentration en marketing);20202;été 2020;86
ESA;1;6769;Baccalauréat en administration (concentration en marketing);20203;automne 2020;136
ESA;1;6769;Baccalauréat en administration (concentration en marketing);20211;hiver 2021;149
ESA;1;6769;Baccalauréat en administration (concentration en marketing);20212;été 2021;46
ESA;1;6769;Baccalauréat en administration (concentration en marketing);20213;automne 2021;174
ESA;1;6769;Baccalauréat en administration (concentration en marketing);20221;hiver 2022;163
ESA;1;6769;Baccalauréat en administration (concentration en marketing);20222;été 2022;71
ESA;1;6769;Baccalauréat en administration (concentration en marketing);20223;automne 2022;197
ESA;1;6769;Baccalauréat en administration (concentration en marketing);20231;hiver 2023;158
ESA;1;6769;Baccalauréat en administration (concentration en marketing);20232;été 2023;89
ESA;1;6769;Baccalauréat en administration (concentration en marketing);20233;automne 2023;204
ESA;1;6769;Baccalauréat en administration (concentration en marketing);20241;hiver 2024;187
ESA;1;6769;Baccalauréat en administration (concentration en marketing);20242;été 2024;91
ESA;1;6769;Baccalauréat en administration (concentration en marketing);20243;automne 2024;257
ESA;1;6769;Baccalauréat en administration (concentration en marketing);20251;hiver 2025;236
ESA;1;6769;Baccalauréat en administration (concentration en marketing);20252;été 2025;148
ESA;1;6769;Baccalauréat en administration (concentration en marketing);20253;automne 2025;280
ESA;1;6769;Baccalauréat en administration (concentration en marketing);20261;hiver 2026;269
ESA;1;6769;Baccalauréat en administration (concentration en marketing);20262;été 2026;109
ESA;1;6770;Baccalauréat en administration (concentration en planification financière);20183;automne 2018;36
ESA;1;6770;Baccalauréat en administration (concentration en planification financière);20191;hiver 2019;46
ESA;1;6770;Baccalauréat en administration (concentration en planification financière);20192;été 2019;28
ESA;1;6770;Baccalauréat en administration (concentration en planification financière);20193;automne 2019;88
ESA;1;6770;Baccalauréat en administration (concentration en planification financière);20201;hiver 2020;111
ESA;1;6770;Baccalauréat en administration (concentration en planification financière);20202;été 2020;118
ESA;1;6770;Baccalauréat en administration (concentration en planification financière);20203;automne 2020;138
ESA;1;6770;Baccalauréat en administration (concentration en planification financière);20211;hiver 2021;144
ESA;1;6770;Baccalauréat en administration (concentration en planification financière);20212;été 2021;86
ESA;1;6770;Baccalauréat en administration (concentration en planification financière);20213;automne 2021;124
ESA;1;6770;Baccalauréat en administration (concentration en planification financière);20221;hiver 2022;166
ESA;1;6770;Baccalauréat en administration (concentration en planification financière);20222;été 2022;71
ESA;1;6770;Baccalauréat en administration (concentration en planification financière);20223;automne 2022;126
ESA;1;6770;Baccalauréat en administration (concentration en planification financière);20231;hiver 2023;132
ESA;1;6770;Baccalauréat en administration (concentration en planification financière);20232;été 2023;83
ESA;1;6770;Baccalauréat en administration (concentration en planification financière);20233;automne 2023;119
ESA;1;6770;Baccalauréat en administration (concentration en planification financière);20241;hiver 2024;129
ESA;1;6770;Baccalauréat en administration (concentration en planification financière);20242;été 2024;91
ESA;1;6770;Baccalauréat en administration (concentration en planification financière);20243;automne 2024;167
ESA;1;6770;Baccalauréat en administration (concentration en planification financière);20251;hiver 2025;199
ESA;1;6770;Baccalauréat en administration (concentration en planification financière);20252;été 2025;126
ESA;1;6770;Baccalauréat en administration (concentration en planification financière);20253;automne 2025;216
ESA;1;6770;Baccalauréat en administration (concentration en planification financière);20261;hiver 2026;204
ESA;1;6770;Baccalauréat en administration (concentration en planification financière);20262;été 2026;72
ESA;1;6771;Baccalauréat en administration (concentration en développement local et économie sociale);20183;automne 2018;2
ESA;1;6771;Baccalauréat en administration (concentration en développement local et économie sociale);20191;hiver 2019;5
ESA;1;6771;Baccalauréat en administration (concentration en développement local et économie sociale);20193;automne 2019;16
ESA;1;6771;Baccalauréat en administration (concentration en développement local et économie sociale);20201;hiver 2020;20
ESA;1;6771;Baccalauréat en administration (concentration en développement local et économie sociale);20202;été 2020;11
ESA;1;6771;Baccalauréat en administration (concentration en développement local et économie sociale);20203;automne 2020;23
ESA;1;6771;Baccalauréat en administration (concentration en développement local et économie sociale);20211;hiver 2021;21
ESA;1;6771;Baccalauréat en administration (concentration en développement local et économie sociale);20212;été 2021;9
ESA;1;6771;Baccalauréat en administration (concentration en développement local et économie sociale);20213;automne 2021;22
ESA;1;6771;Baccalauréat en administration (concentration en développement local et économie sociale);20221;hiver 2022;16
ESA;1;6771;Baccalauréat en administration (concentration en développement local et économie sociale);20222;été 2022;12
ESA;1;6771;Baccalauréat en administration (concentration en développement local et économie sociale);20223;automne 2022;13
ESA;1;6771;Baccalauréat en administration (concentration en développement local et économie sociale);20231;hiver 2023;9
ESA;1;6771;Baccalauréat en administration (concentration en développement local et économie sociale);20232;été 2023;8
ESA;1;6771;Baccalauréat en administration (concentration en développement local et économie sociale);20233;automne 2023;21
ESA;1;6771;Baccalauréat en administration (concentration en développement local et économie sociale);20241;hiver 2024;21
ESA;1;6771;Baccalauréat en administration (concentration en développement local et économie sociale);20242;été 2024;19
ESA;1;6771;Baccalauréat en administration (concentration en développement local et économie sociale);20243;automne 2024;32
ESA;1;6771;Baccalauréat en administration (concentration en développement local et économie sociale);20251;hiver 2025;24
ESA;1;6771;Baccalauréat en administration (concentration en développement local et économie sociale);20252;été 2025;24
ESA;1;6771;Baccalauréat en administration (concentration en développement local et économie sociale);20253;automne 2025;33
ESA;1;6771;Baccalauréat en administration (concentration en développement local et économie sociale);20261;hiver 2026;32
ESA;1;6771;Baccalauréat en administration (concentration en développement local et économie sociale);20262;été 2026;6
ESA;1;6772;Baccalauréat en administration (concentration en entrepreneuriat);20183;automne 2018;24
ESA;1;6772;Baccalauréat en administration (concentration en entrepreneuriat);20191;hiver 2019;18
ESA;1;6772;Baccalauréat en administration (concentration en entrepreneuriat);20192;été 2019;16
ESA;1;6772;Baccalauréat en administration (concentration en entrepreneuriat);20193;automne 2019;28
ESA;1;6772;Baccalauréat en administration (concentration en entrepreneuriat);20201;hiver 2020;41
ESA;1;6772;Baccalauréat en administration (concentration en entrepreneuriat);20202;été 2020;36
ESA;1;6772;Baccalauréat en administration (concentration en entrepreneuriat);20203;automne 2020;39
ESA;1;6772;Baccalauréat en administration (concentration en entrepreneuriat);20211;hiver 2021;57
ESA;1;6772;Baccalauréat en administration (concentration en entrepreneuriat);20212;été 2021;20
ESA;1;6772;Baccalauréat en administration (concentration en entrepreneuriat);20213;automne 2021;55
ESA;1;6772;Baccalauréat en administration (concentration en entrepreneuriat);20221;hiver 2022;52
ESA;1;6772;Baccalauréat en administration (concentration en entrepreneuriat);20222;été 2022;20
ESA;1;6772;Baccalauréat en administration (concentration en entrepreneuriat);20223;automne 2022;42
ESA;1;6772;Baccalauréat en administration (concentration en entrepreneuriat);20231;hiver 2023;62
ESA;1;6772;Baccalauréat en administration (concentration en entrepreneuriat);20232;été 2023;41
ESA;1;6772;Baccalauréat en administration (concentration en entrepreneuriat);20233;automne 2023;49
ESA;1;6772;Baccalauréat en administration (concentration en entrepreneuriat);20241;hiver 2024;59
ESA;1;6772;Baccalauréat en administration (concentration en entrepreneuriat);20242;été 2024;41
ESA;1;6772;Baccalauréat en administration (concentration en entrepreneuriat);20243;automne 2024;82
ESA;1;6772;Baccalauréat en administration (concentration en entrepreneuriat);20251;hiver 2025;80
ESA;1;6772;Baccalauréat en administration (concentration en entrepreneuriat);20252;été 2025;61
ESA;1;6772;Baccalauréat en administration (concentration en entrepreneuriat);20253;automne 2025;109
ESA;1;6772;Baccalauréat en administration (concentration en entrepreneuriat);20261;hiver 2026;106
ESA;1;6772;Baccalauréat en administration (concentration en entrepreneuriat);20262;été 2026;46
ESA;1;6773;Baccalauréat en administration (concentration en gestion des services de santé et des services sociaux);20183;automne 2018;43
ESA;1;6773;Baccalauréat en administration (concentration en gestion des services de santé et des services sociaux);20191;hiver 2019;48
ESA;1;6773;Baccalauréat en administration (concentration en gestion des services de santé et des services sociaux);20192;été 2019;24
ESA;1;6773;Baccalauréat en administration (concentration en gestion des services de santé et des services sociaux);20193;automne 2019;104
ESA;1;6773;Baccalauréat en administration (concentration en gestion des services de santé et des services sociaux);20201;hiver 2020;73
ESA;1;6773;Baccalauréat en administration (concentration en gestion des services de santé et des services sociaux);20202;été 2020;55
ESA;1;6773;Baccalauréat en administration (concentration en gestion des services de santé et des services sociaux);20203;automne 2020;109
ESA;1;6773;Baccalauréat en administration (concentration en gestion des services de santé et des services sociaux);20211;hiver 2021;125
ESA;1;6773;Baccalauréat en administration (concentration en gestion des services de santé et des services sociaux);20212;été 2021;88
ESA;1;6773;Baccalauréat en administration (concentration en gestion des services de santé et des services sociaux);20213;automne 2021;137
ESA;1;6773;Baccalauréat en administration (concentration en gestion des services de santé et des services sociaux);20221;hiver 2022;106
ESA;1;6773;Baccalauréat en administration (concentration en gestion des services de santé et des services sociaux);20222;été 2022;96
ESA;1;6773;Baccalauréat en administration (concentration en gestion des services de santé et des services sociaux);20223;automne 2022;125
ESA;1;6773;Baccalauréat en administration (concentration en gestion des services de santé et des services sociaux);20231;hiver 2023;126
ESA;1;6773;Baccalauréat en administration (concentration en gestion des services de santé et des services sociaux);20232;été 2023;91
ESA;1;6773;Baccalauréat en administration (concentration en gestion des services de santé et des services sociaux);20233;automne 2023;128
ESA;1;6773;Baccalauréat en administration (concentration en gestion des services de santé et des services sociaux);20241;hiver 2024;98
ESA;1;6773;Baccalauréat en administration (concentration en gestion des services de santé et des services sociaux);20242;été 2024;96
ESA;1;6773;Baccalauréat en administration (concentration en gestion des services de santé et des services sociaux);20243;automne 2024;154
ESA;1;6773;Baccalauréat en administration (concentration en gestion des services de santé et des services sociaux);20251;hiver 2025;121
ESA;1;6773;Baccalauréat en administration (concentration en gestion des services de santé et des services sociaux);20252;été 2025;114
ESA;1;6773;Baccalauréat en administration (concentration en gestion des services de santé et des services sociaux);20253;automne 2025;178
ESA;1;6773;Baccalauréat en administration (concentration en gestion des services de santé et des services sociaux);20261;hiver 2026;177
ESA;1;6773;Baccalauréat en administration (concentration en gestion des services de santé et des services sociaux);20262;été 2026;108
ESA;1;6774;Baccalauréat en administration (concentration en comptabilité et finance);20183;automne 2018;45
ESA;1;6774;Baccalauréat en administration (concentration en comptabilité et finance);20191;hiver 2019;108
ESA;1;6774;Baccalauréat en administration (concentration en comptabilité et finance);20192;été 2019;92
ESA;1;6774;Baccalauréat en administration (concentration en comptabilité et finance);20193;automne 2019;218
ESA;1;6774;Baccalauréat en administration (concentration en comptabilité et finance);20201;hiver 2020;229
ESA;1;6774;Baccalauréat en administration (concentration en comptabilité et finance);20202;été 2020;253
ESA;1;6774;Baccalauréat en administration (concentration en comptabilité et finance);20203;automne 2020;382
ESA;1;6774;Baccalauréat en administration (concentration en comptabilité et finance);20211;hiver 2021;362
ESA;1;6774;Baccalauréat en administration (concentration en comptabilité et finance);20212;été 2021;244
ESA;1;6774;Baccalauréat en administration (concentration en comptabilité et finance);20213;automne 2021;366
ESA;1;6774;Baccalauréat en administration (concentration en comptabilité et finance);20221;hiver 2022;385
ESA;1;6774;Baccalauréat en administration (concentration en comptabilité et finance);20222;été 2022;228
ESA;1;6774;Baccalauréat en administration (concentration en comptabilité et finance);20223;automne 2022;375
ESA;1;6774;Baccalauréat en administration (concentration en comptabilité et finance);20231;hiver 2023;394
ESA;1;6774;Baccalauréat en administration (concentration en comptabilité et finance);20232;été 2023;277
ESA;1;6774;Baccalauréat en administration (concentration en comptabilité et finance);20233;automne 2023;481
ESA;1;6774;Baccalauréat en administration (concentration en comptabilité et finance);20241;hiver 2024;487
ESA;1;6774;Baccalauréat en administration (concentration en comptabilité et finance);20242;été 2024;347
ESA;1;6774;Baccalauréat en administration (concentration en comptabilité et finance);20243;automne 2024;560
ESA;1;6774;Baccalauréat en administration (concentration en comptabilité et finance);20251;hiver 2025;578
ESA;1;6774;Baccalauréat en administration (concentration en comptabilité et finance);20252;été 2025;376
ESA;1;6774;Baccalauréat en administration (concentration en comptabilité et finance);20253;automne 2025;569
ESA;1;6774;Baccalauréat en administration (concentration en comptabilité et finance);20261;hiver 2026;601
ESA;1;6774;Baccalauréat en administration (concentration en comptabilité et finance);20262;été 2026;299
ESA;1;6775;Baccalauréat en administration (concentration en économie);20211;hiver 2021;6
ESA;1;6775;Baccalauréat en administration (concentration en économie);20212;été 2021;11
ESA;1;6775;Baccalauréat en administration (concentration en économie);20213;automne 2021;9
ESA;1;6775;Baccalauréat en administration (concentration en économie);20221;hiver 2022;20
ESA;1;6775;Baccalauréat en administration (concentration en économie);20222;été 2022;9
ESA;1;6775;Baccalauréat en administration (concentration en économie);20223;automne 2022;22
ESA;1;6775;Baccalauréat en administration (concentration en économie);20231;hiver 2023;27
ESA;1;6775;Baccalauréat en administration (concentration en économie);20232;été 2023;19
ESA;1;6775;Baccalauréat en administration (concentration en économie);20233;automne 2023;33
ESA;1;6775;Baccalauréat en administration (concentration en économie);20241;hiver 2024;30
ESA;1;6775;Baccalauréat en administration (concentration en économie);20242;été 2024;26
ESA;1;6775;Baccalauréat en administration (concentration en économie);20243;automne 2024;44
ESA;1;6775;Baccalauréat en administration (concentration en économie);20251;hiver 2025;51
ESA;1;6775;Baccalauréat en administration (concentration en économie);20252;été 2025;22
ESA;1;6775;Baccalauréat en administration (concentration en économie);20253;automne 2025;49
ESA;1;6775;Baccalauréat en administration (concentration en économie);20261;hiver 2026;44
ESA;1;6775;Baccalauréat en administration (concentration en économie);20262;été 2026;17
ESA;1;7364;Baccalauréat en administration (cheminement général bilingue - français/anglais);20003;automne 2000;1
ESA;1;7364;Baccalauréat en administration (cheminement général bilingue - français/anglais);20011;hiver 2001;3
ESA;1;7364;Baccalauréat en administration (cheminement général bilingue - français/anglais);20013;automne 2001;12
ESA;1;7364;Baccalauréat en administration (cheminement général bilingue - français/anglais);20021;hiver 2002;22
ESA;1;7364;Baccalauréat en administration (cheminement général bilingue - français/anglais);20022;été 2002;7
ESA;1;7364;Baccalauréat en administration (cheminement général bilingue - français/anglais);20023;automne 2002;29
ESA;1;7364;Baccalauréat en administration (cheminement général bilingue - français/anglais);20031;hiver 2003;25
ESA;1;7364;Baccalauréat en administration (cheminement général bilingue - français/anglais);20032;été 2003;18
ESA;1;7364;Baccalauréat en administration (cheminement général bilingue - français/anglais);20033;automne 2003;28
ESA;1;7364;Baccalauréat en administration (cheminement général bilingue - français/anglais);20041;hiver 2004;30
ESA;1;7364;Baccalauréat en administration (cheminement général bilingue - français/anglais);20042;été 2004;25
ESA;1;7364;Baccalauréat en administration (cheminement général bilingue - français/anglais);20043;automne 2004;27
ESA;1;7364;Baccalauréat en administration (cheminement général bilingue - français/anglais);20051;hiver 2005;38
ESA;1;7364;Baccalauréat en administration (cheminement général bilingue - français/anglais);20052;été 2005;21
ESA;1;7364;Baccalauréat en administration (cheminement général bilingue - français/anglais);20053;automne 2005;15
ESA;1;7364;Baccalauréat en administration (cheminement général bilingue - français/anglais);20061;hiver 2006;26
ESA;1;7364;Baccalauréat en administration (cheminement général bilingue - français/anglais);20062;été 2006;21
ESA;1;7364;Baccalauréat en administration (cheminement général bilingue - français/anglais);20063;automne 2006;42
ESA;1;7364;Baccalauréat en administration (cheminement général bilingue - français/anglais);20071;hiver 2007;32
ESA;1;7364;Baccalauréat en administration (cheminement général bilingue - français/anglais);20072;été 2007;28
ESA;1;7364;Baccalauréat en administration (cheminement général bilingue - français/anglais);20073;automne 2007;26
ESA;1;7364;Baccalauréat en administration (cheminement général bilingue - français/anglais);20081;hiver 2008;29
ESA;1;7364;Baccalauréat en administration (cheminement général bilingue - français/anglais);20082;été 2008;22
ESA;1;7364;Baccalauréat en administration (cheminement général bilingue - français/anglais);20083;automne 2008;39
ESA;1;7364;Baccalauréat en administration (cheminement général bilingue - français/anglais);20091;hiver 2009;38
ESA;1;7364;Baccalauréat en administration (cheminement général bilingue - français/anglais);20092;été 2009;33
ESA;1;7364;Baccalauréat en administration (cheminement général bilingue - français/anglais);20093;automne 2009;62
ESA;1;7364;Baccalauréat en administration (cheminement général bilingue - français/anglais);20101;hiver 2010;73
ESA;1;7364;Baccalauréat en administration (cheminement général bilingue - français/anglais);20102;été 2010;42
ESA;1;7364;Baccalauréat en administration (cheminement général bilingue - français/anglais);20103;automne 2010;68
ESA;1;7364;Baccalauréat en administration (cheminement général bilingue - français/anglais);20111;hiver 2011;54
ESA;1;7364;Baccalauréat en administration (cheminement général bilingue - français/anglais);20112;été 2011;50
ESA;1;7364;Baccalauréat en administration (cheminement général bilingue - français/anglais);20113;automne 2011;60
ESA;1;7364;Baccalauréat en administration (cheminement général bilingue - français/anglais);20121;hiver 2012;57
ESA;1;7364;Baccalauréat en administration (cheminement général bilingue - français/anglais);20122;été 2012;37
ESA;1;7364;Baccalauréat en administration (cheminement général bilingue - français/anglais);20123;automne 2012;73
ESA;1;7364;Baccalauréat en administration (cheminement général bilingue - français/anglais);20131;hiver 2013;58
ESA;1;7364;Baccalauréat en administration (cheminement général bilingue - français/anglais);20132;été 2013;41
ESA;1;7364;Baccalauréat en administration (cheminement général bilingue - français/anglais);20133;automne 2013;78
ESA;1;7364;Baccalauréat en administration (cheminement général bilingue - français/anglais);20141;hiver 2014;64
ESA;1;7364;Baccalauréat en administration (cheminement général bilingue - français/anglais);20142;été 2014;48
ESA;1;7364;Baccalauréat en administration (cheminement général bilingue - français/anglais);20143;automne 2014;86
ESA;1;7364;Baccalauréat en administration (cheminement général bilingue - français/anglais);20151;hiver 2015;51
ESA;1;7364;Baccalauréat en administration (cheminement général bilingue - français/anglais);20152;été 2015;39
ESA;1;7364;Baccalauréat en administration (cheminement général bilingue - français/anglais);20153;automne 2015;60
ESA;1;7364;Baccalauréat en administration (cheminement général bilingue - français/anglais);20161;hiver 2016;61
ESA;1;7364;Baccalauréat en administration (cheminement général bilingue - français/anglais);20162;été 2016;38
ESA;1;7364;Baccalauréat en administration (cheminement général bilingue - français/anglais);20163;automne 2016;72
ESA;1;7364;Baccalauréat en administration (cheminement général bilingue - français/anglais);20171;hiver 2017;61
ESA;1;7364;Baccalauréat en administration (cheminement général bilingue - français/anglais);20172;été 2017;45
ESA;1;7364;Baccalauréat en administration (cheminement général bilingue - français/anglais);20173;automne 2017;65
ESA;1;7364;Baccalauréat en administration (cheminement général bilingue - français/anglais);20181;hiver 2018;55
ESA;1;7364;Baccalauréat en administration (cheminement général bilingue - français/anglais);20182;été 2018;39
ESA;1;7364;Baccalauréat en administration (cheminement général bilingue - français/anglais);20183;automne 2018;66
ESA;1;7364;Baccalauréat en administration (cheminement général bilingue - français/anglais);20191;hiver 2019;48
ESA;1;7364;Baccalauréat en administration (cheminement général bilingue - français/anglais);20192;été 2019;16
ESA;1;7364;Baccalauréat en administration (cheminement général bilingue - français/anglais);20193;automne 2019;26
ESA;1;7364;Baccalauréat en administration (cheminement général bilingue - français/anglais);20201;hiver 2020;29
ESA;1;7364;Baccalauréat en administration (cheminement général bilingue - français/anglais);20202;été 2020;23
ESA;1;7364;Baccalauréat en administration (cheminement général bilingue - français/anglais);20203;automne 2020;34
ESA;1;7364;Baccalauréat en administration (cheminement général bilingue - français/anglais);20211;hiver 2021;51
ESA;1;7364;Baccalauréat en administration (cheminement général bilingue - français/anglais);20212;été 2021;11
ESA;1;7364;Baccalauréat en administration (cheminement général bilingue - français/anglais);20213;automne 2021;19
ESA;1;7364;Baccalauréat en administration (cheminement général bilingue - français/anglais);20221;hiver 2022;15
ESA;1;7364;Baccalauréat en administration (cheminement général bilingue - français/anglais);20222;été 2022;7
ESA;1;7364;Baccalauréat en administration (cheminement général bilingue - français/anglais);20223;automne 2022;23
ESA;1;7364;Baccalauréat en administration (cheminement général bilingue - français/anglais);20231;hiver 2023;25
ESA;1;7364;Baccalauréat en administration (cheminement général bilingue - français/anglais);20232;été 2023;12
ESA;1;7364;Baccalauréat en administration (cheminement général bilingue - français/anglais);20233;automne 2023;22
ESA;1;7364;Baccalauréat en administration (cheminement général bilingue - français/anglais);20241;hiver 2024;13
ESA;1;7364;Baccalauréat en administration (cheminement général bilingue - français/anglais);20242;été 2024;20
ESA;1;7364;Baccalauréat en administration (cheminement général bilingue - français/anglais);20243;automne 2024;29
ESA;1;7364;Baccalauréat en administration (cheminement général bilingue - français/anglais);20251;hiver 2025;20
ESA;1;7364;Baccalauréat en administration (cheminement général bilingue - français/anglais);20252;été 2025;11
ESA;1;7364;Baccalauréat en administration (cheminement général bilingue - français/anglais);20253;automne 2025;41
ESA;1;7364;Baccalauréat en administration (cheminement général bilingue - français/anglais);20261;hiver 2026;30
ESA;1;7364;Baccalauréat en administration (cheminement général bilingue - français/anglais);20262;été 2026;22
DET;1;7475;Baccalauréat individualisé (arts);20143;automne 2014;1
DET;1;7475;Baccalauréat individualisé (arts);20153;automne 2015;2
DET;1;7475;Baccalauréat individualisé (arts);20161;hiver 2016;1
DET;1;7475;Baccalauréat individualisé (arts);20172;été 2017;1
DET;1;7475;Baccalauréat individualisé (arts);20173;automne 2017;1
DET;1;7476;Baccalauréat individualisé (administration des affaires);20142;été 2014;2
DET;1;7476;Baccalauréat individualisé (administration des affaires);20143;automne 2014;4
DET;1;7476;Baccalauréat individualisé (administration des affaires);20151;hiver 2015;3
DET;1;7476;Baccalauréat individualisé (administration des affaires);20152;été 2015;4
DET;1;7477;Baccalauréat individualisé (sciences);20142;été 2014;1
DET;1;7477;Baccalauréat individualisé (sciences);20151;hiver 2015;1
ESA;1;7564;Baccalauréat en administration (concentration en gestion des ressources humaines);19993;automne 1999;19
ESA;1;7564;Baccalauréat en administration (concentration en gestion des ressources humaines);20001;hiver 2000;35
ESA;1;7564;Baccalauréat en administration (concentration en gestion des ressources humaines);20002;été 2000;37
ESA;1;7564;Baccalauréat en administration (concentration en gestion des ressources humaines);20003;automne 2000;65
ESA;1;7564;Baccalauréat en administration (concentration en gestion des ressources humaines);20011;hiver 2001;61
ESA;1;7564;Baccalauréat en administration (concentration en gestion des ressources humaines);20012;été 2001;40
ESA;1;7564;Baccalauréat en administration (concentration en gestion des ressources humaines);20013;automne 2001;78
ESA;1;7564;Baccalauréat en administration (concentration en gestion des ressources humaines);20021;hiver 2002;87
ESA;1;7564;Baccalauréat en administration (concentration en gestion des ressources humaines);20022;été 2002;60
ESA;1;7564;Baccalauréat en administration (concentration en gestion des ressources humaines);20023;automne 2002;156
ESA;1;7564;Baccalauréat en administration (concentration en gestion des ressources humaines);20031;hiver 2003;173
ESA;1;7564;Baccalauréat en administration (concentration en gestion des ressources humaines);20032;été 2003;88
ESA;1;7564;Baccalauréat en administration (concentration en gestion des ressources humaines);20033;automne 2003;214
ESA;1;7564;Baccalauréat en administration (concentration en gestion des ressources humaines);20041;hiver 2004;171
ESA;1;7564;Baccalauréat en administration (concentration en gestion des ressources humaines);20042;été 2004;110
ESA;1;7564;Baccalauréat en administration (concentration en gestion des ressources humaines);20043;automne 2004;233
ESA;1;7564;Baccalauréat en administration (concentration en gestion des ressources humaines);20051;hiver 2005;227
ESA;1;7564;Baccalauréat en administration (concentration en gestion des ressources humaines);20052;été 2005;145
ESA;1;7564;Baccalauréat en administration (concentration en gestion des ressources humaines);20053;automne 2005;235
ESA;1;7564;Baccalauréat en administration (concentration en gestion des ressources humaines);20061;hiver 2006;216
ESA;1;7564;Baccalauréat en administration (concentration en gestion des ressources humaines);20062;été 2006;135
ESA;1;7564;Baccalauréat en administration (concentration en gestion des ressources humaines);20063;automne 2006;275
ESA;1;7564;Baccalauréat en administration (concentration en gestion des ressources humaines);20071;hiver 2007;288
ESA;1;7564;Baccalauréat en administration (concentration en gestion des ressources humaines);20072;été 2007;177
ESA;1;7564;Baccalauréat en administration (concentration en gestion des ressources humaines);20073;automne 2007;308
ESA;1;7564;Baccalauréat en administration (concentration en gestion des ressources humaines);20081;hiver 2008;211
ESA;1;7564;Baccalauréat en administration (concentration en gestion des ressources humaines);20082;été 2008;177
ESA;1;7564;Baccalauréat en administration (concentration en gestion des ressources humaines);20083;automne 2008;325
ESA;1;7564;Baccalauréat en administration (concentration en gestion des ressources humaines);20091;hiver 2009;316
ESA;1;7564;Baccalauréat en administration (concentration en gestion des ressources humaines);20092;été 2009;232
ESA;1;7564;Baccalauréat en administration (concentration en gestion des ressources humaines);20093;automne 2009;423
ESA;1;7564;Baccalauréat en administration (concentration en gestion des ressources humaines);20101;hiver 2010;377
ESA;1;7564;Baccalauréat en administration (concentration en gestion des ressources humaines);20102;été 2010;339
ESA;1;7564;Baccalauréat en administration (concentration en gestion des ressources humaines);20103;automne 2010;508
ESA;1;7564;Baccalauréat en administration (concentration en gestion des ressources humaines);20111;hiver 2011;434
ESA;1;7564;Baccalauréat en administration (concentration en gestion des ressources humaines);20112;été 2011;300
ESA;1;7564;Baccalauréat en administration (concentration en gestion des ressources humaines);20113;automne 2011;491
ESA;1;7564;Baccalauréat en administration (concentration en gestion des ressources humaines);20121;hiver 2012;455
ESA;1;7564;Baccalauréat en administration (concentration en gestion des ressources humaines);20122;été 2012;336
ESA;1;7564;Baccalauréat en administration (concentration en gestion des ressources humaines);20123;automne 2012;537
ESA;1;7564;Baccalauréat en administration (concentration en gestion des ressources humaines);20131;hiver 2013;517
ESA;1;7564;Baccalauréat en administration (concentration en gestion des ressources humaines);20132;été 2013;288
ESA;1;7564;Baccalauréat en administration (concentration en gestion des ressources humaines);20133;automne 2013;500
ESA;1;7564;Baccalauréat en administration (concentration en gestion des ressources humaines);20141;hiver 2014;455
ESA;1;7564;Baccalauréat en administration (concentration en gestion des ressources humaines);20142;été 2014;362
ESA;1;7564;Baccalauréat en administration (concentration en gestion des ressources humaines);20143;automne 2014;501
ESA;1;7564;Baccalauréat en administration (concentration en gestion des ressources humaines);20151;hiver 2015;451
ESA;1;7564;Baccalauréat en administration (concentration en gestion des ressources humaines);20152;été 2015;330
ESA;1;7564;Baccalauréat en administration (concentration en gestion des ressources humaines);20153;automne 2015;479
ESA;1;7564;Baccalauréat en administration (concentration en gestion des ressources humaines);20161;hiver 2016;402
ESA;1;7564;Baccalauréat en administration (concentration en gestion des ressources humaines);20162;été 2016;300
ESA;1;7564;Baccalauréat en administration (concentration en gestion des ressources humaines);20163;automne 2016;432
ESA;1;7564;Baccalauréat en administration (concentration en gestion des ressources humaines);20171;hiver 2017;404
ESA;1;7564;Baccalauréat en administration (concentration en gestion des ressources humaines);20172;été 2017;321
ESA;1;7564;Baccalauréat en administration (concentration en gestion des ressources humaines);20173;automne 2017;446
ESA;1;7564;Baccalauréat en administration (concentration en gestion des ressources humaines);20181;hiver 2018;418
ESA;1;7564;Baccalauréat en administration (concentration en gestion des ressources humaines);20182;été 2018;295
ESA;1;7564;Baccalauréat en administration (concentration en gestion des ressources humaines);20183;automne 2018;386
ESA;1;7564;Baccalauréat en administration (concentration en gestion des ressources humaines);20191;hiver 2019;417
ESA;1;7564;Baccalauréat en administration (concentration en gestion des ressources humaines);20192;été 2019;208
ESA;1;7564;Baccalauréat en administration (concentration en gestion des ressources humaines);20193;automne 2019;444
ESA;1;7564;Baccalauréat en administration (concentration en gestion des ressources humaines);20201;hiver 2020;413
ESA;1;7564;Baccalauréat en administration (concentration en gestion des ressources humaines);20202;été 2020;342
ESA;1;7564;Baccalauréat en administration (concentration en gestion des ressources humaines);20203;automne 2020;486
ESA;1;7564;Baccalauréat en administration (concentration en gestion des ressources humaines);20211;hiver 2021;559
ESA;1;7564;Baccalauréat en administration (concentration en gestion des ressources humaines);20212;été 2021;352
ESA;1;7564;Baccalauréat en administration (concentration en gestion des ressources humaines);20213;automne 2021;482
ESA;1;7564;Baccalauréat en administration (concentration en gestion des ressources humaines);20221;hiver 2022;514
ESA;1;7564;Baccalauréat en administration (concentration en gestion des ressources humaines);20222;été 2022;337
ESA;1;7564;Baccalauréat en administration (concentration en gestion des ressources humaines);20223;automne 2022;513
ESA;1;7564;Baccalauréat en administration (concentration en gestion des ressources humaines);20231;hiver 2023;505
ESA;1;7564;Baccalauréat en administration (concentration en gestion des ressources humaines);20232;été 2023;380
ESA;1;7564;Baccalauréat en administration (concentration en gestion des ressources humaines);20233;automne 2023;558
ESA;1;7564;Baccalauréat en administration (concentration en gestion des ressources humaines);20241;hiver 2024;523
ESA;1;7564;Baccalauréat en administration (concentration en gestion des ressources humaines);20242;été 2024;362
ESA;1;7564;Baccalauréat en administration (concentration en gestion des ressources humaines);20243;automne 2024;585
ESA;1;7564;Baccalauréat en administration (concentration en gestion des ressources humaines);20251;hiver 2025;550
ESA;1;7564;Baccalauréat en administration (concentration en gestion des ressources humaines);20252;été 2025;427
ESA;1;7564;Baccalauréat en administration (concentration en gestion des ressources humaines);20253;automne 2025;602
ESA;1;7564;Baccalauréat en administration (concentration en gestion des ressources humaines);20261;hiver 2026;630
ESA;1;7564;Baccalauréat en administration (concentration en gestion des ressources humaines);20262;été 2026;288
DET;1;7595;Baccalauréat ès arts avec majeure(s);20103;automne 2010;1
DET;1;7595;Baccalauréat ès arts avec majeure(s);20111;hiver 2011;2
DET;1;7595;Baccalauréat ès arts avec majeure(s);20112;été 2011;3
DET;1;7595;Baccalauréat ès arts avec majeure(s);20122;été 2012;1
DET;1;7595;Baccalauréat ès arts avec majeure(s);20131;hiver 2013;2
DET;1;7595;Baccalauréat ès arts avec majeure(s);20133;automne 2013;1
DET;1;7595;Baccalauréat ès arts avec majeure(s);20141;hiver 2014;7
DET;1;7595;Baccalauréat ès arts avec majeure(s);20142;été 2014;3
DET;1;7595;Baccalauréat ès arts avec majeure(s);20143;automne 2014;2
DET;1;7595;Baccalauréat ès arts avec majeure(s);20151;hiver 2015;1
DET;1;7595;Baccalauréat ès arts avec majeure(s);20152;été 2015;1
DET;1;7595;Baccalauréat ès arts avec majeure(s);20163;automne 2016;2
DET;1;7595;Baccalauréat ès arts avec majeure(s);20171;hiver 2017;5
DET;1;7595;Baccalauréat ès arts avec majeure(s);20173;automne 2017;2
DET;1;7595;Baccalauréat ès arts avec majeure(s);20181;hiver 2018;4
DET;1;7595;Baccalauréat ès arts avec majeure(s);20182;été 2018;7
DET;1;7595;Baccalauréat ès arts avec majeure(s);20183;automne 2018;8
DET;1;7595;Baccalauréat ès arts avec majeure(s);20191;hiver 2019;9
DET;1;7595;Baccalauréat ès arts avec majeure(s);20192;été 2019;2
DET;1;7595;Baccalauréat ès arts avec majeure(s);20193;automne 2019;1
DET;1;7595;Baccalauréat ès arts avec majeure(s);20201;hiver 2020;2
DET;1;7595;Baccalauréat ès arts avec majeure(s);20202;été 2020;3
DET;1;7595;Baccalauréat ès arts avec majeure(s);20203;automne 2020;4
DET;1;7595;Baccalauréat ès arts avec majeure(s);20211;hiver 2021;13
DET;1;7595;Baccalauréat ès arts avec majeure(s);20212;été 2021;12
DET;1;7595;Baccalauréat ès arts avec majeure(s);20213;automne 2021;2
DET;1;7595;Baccalauréat ès arts avec majeure(s);20221;hiver 2022;6
DET;1;7595;Baccalauréat ès arts avec majeure(s);20222;été 2022;7
DET;1;7595;Baccalauréat ès arts avec majeure(s);20223;automne 2022;6
DET;1;7595;Baccalauréat ès arts avec majeure(s);20231;hiver 2023;1
DET;1;7595;Baccalauréat ès arts avec majeure(s);20232;été 2023;5
DET;1;7595;Baccalauréat ès arts avec majeure(s);20233;automne 2023;4
DET;1;7595;Baccalauréat ès arts avec majeure(s);20241;hiver 2024;11
DET;1;7595;Baccalauréat ès arts avec majeure(s);20242;été 2024;8
DET;1;7595;Baccalauréat ès arts avec majeure(s);20243;automne 2024;18
DET;1;7595;Baccalauréat ès arts avec majeure(s);20251;hiver 2025;17
DET;1;7595;Baccalauréat ès arts avec majeure(s);20252;été 2025;24
DET;1;7595;Baccalauréat ès arts avec majeure(s);20253;automne 2025;31
DET;1;7595;Baccalauréat ès arts avec majeure(s);20261;hiver 2026;37
DET;1;7595;Baccalauréat ès arts avec majeure(s);20262;été 2026;26
DET;1;7596;Baccalauréat ès sciences avec majeure(s);20192;été 2019;2
DET;1;7596;Baccalauréat ès sciences avec majeure(s);20201;hiver 2020;4
DET;1;7596;Baccalauréat ès sciences avec majeure(s);20202;été 2020;2
DET;1;7596;Baccalauréat ès sciences avec majeure(s);20203;automne 2020;7
DET;1;7596;Baccalauréat ès sciences avec majeure(s);20211;hiver 2021;8
DET;1;7596;Baccalauréat ès sciences avec majeure(s);20212;été 2021;6
DET;1;7596;Baccalauréat ès sciences avec majeure(s);20213;automne 2021;3
DET;1;7596;Baccalauréat ès sciences avec majeure(s);20221;hiver 2022;1
DET;1;7596;Baccalauréat ès sciences avec majeure(s);20222;été 2022;6
DET;1;7596;Baccalauréat ès sciences avec majeure(s);20223;automne 2022;5
DET;1;7596;Baccalauréat ès sciences avec majeure(s);20231;hiver 2023;9
DET;1;7596;Baccalauréat ès sciences avec majeure(s);20232;été 2023;9
DET;1;7596;Baccalauréat ès sciences avec majeure(s);20233;automne 2023;17
DET;1;7596;Baccalauréat ès sciences avec majeure(s);20241;hiver 2024;17
DET;1;7596;Baccalauréat ès sciences avec majeure(s);20242;été 2024;17
DET;1;7596;Baccalauréat ès sciences avec majeure(s);20243;automne 2024;38
DET;1;7596;Baccalauréat ès sciences avec majeure(s);20251;hiver 2025;38
DET;1;7596;Baccalauréat ès sciences avec majeure(s);20252;été 2025;47
DET;1;7596;Baccalauréat ès sciences avec majeure(s);20253;automne 2025;48
DET;1;7596;Baccalauréat ès sciences avec majeure(s);20261;hiver 2026;58
DET;1;7596;Baccalauréat ès sciences avec majeure(s);20262;été 2026;24
DET;1;7598;Baccalauréat en éducation avec majeure(s);20083;automne 2008;1
DET;1;7598;Baccalauréat en éducation avec majeure(s);20091;hiver 2009;3
DET;1;7598;Baccalauréat en éducation avec majeure(s);20092;été 2009;5
DET;1;7598;Baccalauréat en éducation avec majeure(s);20093;automne 2009;4
DET;1;7598;Baccalauréat en éducation avec majeure(s);20103;automne 2010;4
DET;1;7598;Baccalauréat en éducation avec majeure(s);20111;hiver 2011;4
DET;1;7598;Baccalauréat en éducation avec majeure(s);20112;été 2011;10
DET;1;7598;Baccalauréat en éducation avec majeure(s);20113;automne 2011;7
DET;1;7598;Baccalauréat en éducation avec majeure(s);20121;hiver 2012;6
DET;1;7598;Baccalauréat en éducation avec majeure(s);20122;été 2012;3
DET;1;7598;Baccalauréat en éducation avec majeure(s);20123;automne 2012;6
DET;1;7598;Baccalauréat en éducation avec majeure(s);20131;hiver 2013;8
DET;1;7598;Baccalauréat en éducation avec majeure(s);20132;été 2013;7
DET;1;7598;Baccalauréat en éducation avec majeure(s);20133;automne 2013;9
DET;1;7598;Baccalauréat en éducation avec majeure(s);20141;hiver 2014;12
DET;1;7598;Baccalauréat en éducation avec majeure(s);20142;été 2014;10
DET;1;7598;Baccalauréat en éducation avec majeure(s);20143;automne 2014;9
DET;1;7598;Baccalauréat en éducation avec majeure(s);20151;hiver 2015;14
DET;1;7598;Baccalauréat en éducation avec majeure(s);20152;été 2015;17
DET;1;7598;Baccalauréat en éducation avec majeure(s);20153;automne 2015;11
DET;1;7598;Baccalauréat en éducation avec majeure(s);20161;hiver 2016;12
DET;1;7598;Baccalauréat en éducation avec majeure(s);20162;été 2016;7
DET;1;7598;Baccalauréat en éducation avec majeure(s);20163;automne 2016;13
DET;1;7598;Baccalauréat en éducation avec majeure(s);20171;hiver 2017;19
DET;1;7598;Baccalauréat en éducation avec majeure(s);20172;été 2017;15
DET;1;7598;Baccalauréat en éducation avec majeure(s);20173;automne 2017;18
DET;1;7598;Baccalauréat en éducation avec majeure(s);20181;hiver 2018;19
DET;1;7598;Baccalauréat en éducation avec majeure(s);20182;été 2018;17
DET;1;7598;Baccalauréat en éducation avec majeure(s);20183;automne 2018;16
DET;1;7598;Baccalauréat en éducation avec majeure(s);20191;hiver 2019;19
DET;1;7598;Baccalauréat en éducation avec majeure(s);20192;été 2019;11
DET;1;7598;Baccalauréat en éducation avec majeure(s);20193;automne 2019;10
DET;1;7598;Baccalauréat en éducation avec majeure(s);20201;hiver 2020;18
DET;1;7598;Baccalauréat en éducation avec majeure(s);20202;été 2020;12
DET;1;7598;Baccalauréat en éducation avec majeure(s);20203;automne 2020;9
DET;1;7598;Baccalauréat en éducation avec majeure(s);20211;hiver 2021;22
DET;1;7598;Baccalauréat en éducation avec majeure(s);20212;été 2021;9
DET;1;7598;Baccalauréat en éducation avec majeure(s);20213;automne 2021;11
DET;1;7598;Baccalauréat en éducation avec majeure(s);20221;hiver 2022;23
DET;1;7598;Baccalauréat en éducation avec majeure(s);20222;été 2022;17
DET;1;7598;Baccalauréat en éducation avec majeure(s);20223;automne 2022;19
DET;1;7598;Baccalauréat en éducation avec majeure(s);20231;hiver 2023;25
DET;1;7598;Baccalauréat en éducation avec majeure(s);20232;été 2023;20
DET;1;7598;Baccalauréat en éducation avec majeure(s);20233;automne 2023;19
DET;1;7598;Baccalauréat en éducation avec majeure(s);20241;hiver 2024;15
DET;1;7598;Baccalauréat en éducation avec majeure(s);20242;été 2024;21
DET;1;7598;Baccalauréat en éducation avec majeure(s);20243;automne 2024;33
DET;1;7598;Baccalauréat en éducation avec majeure(s);20251;hiver 2025;17
DET;1;7598;Baccalauréat en éducation avec majeure(s);20252;été 2025;16
DET;1;7598;Baccalauréat en éducation avec majeure(s);20253;automne 2025;17
DET;1;7598;Baccalauréat en éducation avec majeure(s);20261;hiver 2026;23
DET;1;7598;Baccalauréat en éducation avec majeure(s);20262;été 2026;7
SHLC;1;7695;Baccalauréat ès arts;20012;été 2001;9
SHLC;1;7695;Baccalauréat ès arts;20013;automne 2001;60
SHLC;1;7695;Baccalauréat ès arts;20021;hiver 2002;62
SHLC;1;7695;Baccalauréat ès arts;20022;été 2002;55
SHLC;1;7695;Baccalauréat ès arts;20023;automne 2002;146
SHLC;1;7695;Baccalauréat ès arts;20031;hiver 2003;150
SHLC;1;7695;Baccalauréat ès arts;20032;été 2003;74
SHLC;1;7695;Baccalauréat ès arts;20033;automne 2003;170
SHLC;1;7695;Baccalauréat ès arts;20041;hiver 2004;170
SHLC;1;7695;Baccalauréat ès arts;20042;été 2004;78
SHLC;1;7695;Baccalauréat ès arts;20043;automne 2004;174
SHLC;1;7695;Baccalauréat ès arts;20051;hiver 2005;174
SHLC;1;7695;Baccalauréat ès arts;20052;été 2005;92
SHLC;1;7695;Baccalauréat ès arts;20053;automne 2005;231
SHLC;1;7695;Baccalauréat ès arts;20061;hiver 2006;210
SHLC;1;7695;Baccalauréat ès arts;20062;été 2006;139
SHLC;1;7695;Baccalauréat ès arts;20063;automne 2006;173
SHLC;1;7695;Baccalauréat ès arts;20071;hiver 2007;194
SHLC;1;7695;Baccalauréat ès arts;20072;été 2007;102
SHLC;1;7695;Baccalauréat ès arts;20073;automne 2007;200
SHLC;1;7695;Baccalauréat ès arts;20081;hiver 2008;142
SHLC;1;7695;Baccalauréat ès arts;20082;été 2008;113
SHLC;1;7695;Baccalauréat ès arts;20083;automne 2008;161
SHLC;1;7695;Baccalauréat ès arts;20091;hiver 2009;191
SHLC;1;7695;Baccalauréat ès arts;20092;été 2009;105
SHLC;1;7695;Baccalauréat ès arts;20093;automne 2009;178
SHLC;1;7695;Baccalauréat ès arts;20101;hiver 2010;201
SHLC;1;7695;Baccalauréat ès arts;20102;été 2010;138
SHLC;1;7695;Baccalauréat ès arts;20103;automne 2010;204
SHLC;1;7695;Baccalauréat ès arts;20111;hiver 2011;166
SHLC;1;7695;Baccalauréat ès arts;20112;été 2011;88
SHLC;1;7695;Baccalauréat ès arts;20113;automne 2011;164
SHLC;1;7695;Baccalauréat ès arts;20121;hiver 2012;129
SHLC;1;7695;Baccalauréat ès arts;20122;été 2012;82
SHLC;1;7695;Baccalauréat ès arts;20123;automne 2012;142
SHLC;1;7695;Baccalauréat ès arts;20131;hiver 2013;104
SHLC;1;7695;Baccalauréat ès arts;20132;été 2013;81
SHLC;1;7695;Baccalauréat ès arts;20133;automne 2013;138
SHLC;1;7695;Baccalauréat ès arts;20141;hiver 2014;101
SHLC;1;7695;Baccalauréat ès arts;20142;été 2014;70
SHLC;1;7695;Baccalauréat ès arts;20143;automne 2014;118
SHLC;1;7695;Baccalauréat ès arts;20151;hiver 2015;110
SHLC;1;7695;Baccalauréat ès arts;20152;été 2015;68
SHLC;1;7695;Baccalauréat ès arts;20153;automne 2015;114
SHLC;1;7695;Baccalauréat ès arts;20161;hiver 2016;78
SHLC;1;7695;Baccalauréat ès arts;20162;été 2016;59
SHLC;1;7695;Baccalauréat ès arts;20163;automne 2016;79
SHLC;1;7695;Baccalauréat ès arts;20171;hiver 2017;53
SHLC;1;7695;Baccalauréat ès arts;20172;été 2017;40
SHLC;1;7695;Baccalauréat ès arts;20173;automne 2017;46
SHLC;1;7695;Baccalauréat ès arts;20181;hiver 2018;48
SHLC;1;7695;Baccalauréat ès arts;20182;été 2018;28
SHLC;1;7695;Baccalauréat ès arts;20183;automne 2018;38
SHLC;1;7695;Baccalauréat ès arts;20191;hiver 2019;35
SHLC;1;7695;Baccalauréat ès arts;20192;été 2019;16
SHLC;1;7695;Baccalauréat ès arts;20193;automne 2019;30
SHLC;1;7695;Baccalauréat ès arts;20201;hiver 2020;28
SHLC;1;7695;Baccalauréat ès arts;20202;été 2020;33
SHLC;1;7695;Baccalauréat ès arts;20203;automne 2020;30
SHLC;1;7695;Baccalauréat ès arts;20211;hiver 2021;29
SHLC;1;7695;Baccalauréat ès arts;20212;été 2021;25
SHLC;1;7695;Baccalauréat ès arts;20213;automne 2021;35
SHLC;1;7695;Baccalauréat ès arts;20221;hiver 2022;53
SHLC;1;7695;Baccalauréat ès arts;20222;été 2022;24
SHLC;1;7695;Baccalauréat ès arts;20223;automne 2022;40
SHLC;1;7695;Baccalauréat ès arts;20231;hiver 2023;51
SHLC;1;7695;Baccalauréat ès arts;20232;été 2023;17
SHLC;1;7695;Baccalauréat ès arts;20233;automne 2023;38
SHLC;1;7695;Baccalauréat ès arts;20241;hiver 2024;15
SHLC;1;7695;Baccalauréat ès arts;20242;été 2024;39
SHLC;1;7695;Baccalauréat ès arts;20243;automne 2024;43
SHLC;1;7695;Baccalauréat ès arts;20251;hiver 2025;47
SHLC;1;7695;Baccalauréat ès arts;20252;été 2025;28
SHLC;1;7695;Baccalauréat ès arts;20253;automne 2025;41
SHLC;1;7695;Baccalauréat ès arts;20261;hiver 2026;45
SHLC;1;7695;Baccalauréat ès arts;20262;été 2026;24
ST;1;7696;Baccalauréat ès sciences;20023;automne 2002;25
ST;1;7696;Baccalauréat ès sciences;20031;hiver 2003;40
ST;1;7696;Baccalauréat ès sciences;20032;été 2003;40
ST;1;7696;Baccalauréat ès sciences;20033;automne 2003;77
ST;1;7696;Baccalauréat ès sciences;20041;hiver 2004;60
ST;1;7696;Baccalauréat ès sciences;20042;été 2004;51
ST;1;7696;Baccalauréat ès sciences;20043;automne 2004;83
ST;1;7696;Baccalauréat ès sciences;20051;hiver 2005;77
ST;1;7696;Baccalauréat ès sciences;20052;été 2005;44
ST;1;7696;Baccalauréat ès sciences;20053;automne 2005;125
ST;1;7696;Baccalauréat ès sciences;20061;hiver 2006;86
ST;1;7696;Baccalauréat ès sciences;20062;été 2006;77
ST;1;7696;Baccalauréat ès sciences;20063;automne 2006;111
ST;1;7696;Baccalauréat ès sciences;20071;hiver 2007;115
ST;1;7696;Baccalauréat ès sciences;20072;été 2007;68
ST;1;7696;Baccalauréat ès sciences;20073;automne 2007;127
ST;1;7696;Baccalauréat ès sciences;20081;hiver 2008;79
ST;1;7696;Baccalauréat ès sciences;20082;été 2008;64
ST;1;7696;Baccalauréat ès sciences;20083;automne 2008;107
ST;1;7696;Baccalauréat ès sciences;20091;hiver 2009;107
ST;1;7696;Baccalauréat ès sciences;20092;été 2009;82
ST;1;7696;Baccalauréat ès sciences;20093;automne 2009;122
ST;1;7696;Baccalauréat ès sciences;20101;hiver 2010;97
ST;1;7696;Baccalauréat ès sciences;20102;été 2010;81
ST;1;7696;Baccalauréat ès sciences;20103;automne 2010;122
ST;1;7696;Baccalauréat ès sciences;20111;hiver 2011;95
ST;1;7696;Baccalauréat ès sciences;20112;été 2011;55
ST;1;7696;Baccalauréat ès sciences;20113;automne 2011;103
ST;1;7696;Baccalauréat ès sciences;20121;hiver 2012;75
ST;1;7696;Baccalauréat ès sciences;20122;été 2012;47
ST;1;7696;Baccalauréat ès sciences;20123;automne 2012;67
ST;1;7696;Baccalauréat ès sciences;20131;hiver 2013;69
ST;1;7696;Baccalauréat ès sciences;20132;été 2013;33
ST;1;7696;Baccalauréat ès sciences;20133;automne 2013;58
ST;1;7696;Baccalauréat ès sciences;20141;hiver 2014;52
ST;1;7696;Baccalauréat ès sciences;20142;été 2014;34
ST;1;7696;Baccalauréat ès sciences;20143;automne 2014;45
ST;1;7696;Baccalauréat ès sciences;20151;hiver 2015;47
ST;1;7696;Baccalauréat ès sciences;20152;été 2015;20
ST;1;7696;Baccalauréat ès sciences;20153;automne 2015;43
ST;1;7696;Baccalauréat ès sciences;20161;hiver 2016;29
ST;1;7696;Baccalauréat ès sciences;20162;été 2016;26
ST;1;7696;Baccalauréat ès sciences;20163;automne 2016;20
ST;1;7696;Baccalauréat ès sciences;20171;hiver 2017;30
ST;1;7696;Baccalauréat ès sciences;20172;été 2017;9
ST;1;7696;Baccalauréat ès sciences;20173;automne 2017;15
ST;1;7696;Baccalauréat ès sciences;20181;hiver 2018;12
ST;1;7696;Baccalauréat ès sciences;20182;été 2018;9
ST;1;7696;Baccalauréat ès sciences;20183;automne 2018;5
ST;1;7696;Baccalauréat ès sciences;20191;hiver 2019;5
ST;1;7696;Baccalauréat ès sciences;20192;été 2019;2
ST;1;7696;Baccalauréat ès sciences;20193;automne 2019;3
ST;1;7696;Baccalauréat ès sciences;20201;hiver 2020;2
ST;1;7696;Baccalauréat ès sciences;20202;été 2020;3
ST;1;7696;Baccalauréat ès sciences;20203;automne 2020;2
ST;1;7696;Baccalauréat ès sciences;20211;hiver 2021;3
ST;1;7696;Baccalauréat ès sciences;20212;été 2021;3
ST;1;7696;Baccalauréat ès sciences;20213;automne 2021;4
ST;1;7696;Baccalauréat ès sciences;20221;hiver 2022;2
ST;1;7696;Baccalauréat ès sciences;20222;été 2022;1
ST;1;7696;Baccalauréat ès sciences;20223;automne 2022;1
ST;1;7696;Baccalauréat ès sciences;20233;automne 2023;3
ST;1;7696;Baccalauréat ès sciences;20241;hiver 2024;2
ST;1;7696;Baccalauréat ès sciences;20243;automne 2024;2
ST;1;7696;Baccalauréat ès sciences;20251;hiver 2025;2
ST;1;7696;Baccalauréat ès sciences;20253;automne 2025;1
ESA;1;7764;Baccalauréat en administration (cheminement général);19823;automne 1982;1
ESA;1;7764;Baccalauréat en administration (cheminement général);19841;hiver 1984;3
ESA;1;7764;Baccalauréat en administration (cheminement général);19893;automne 1989;1
ESA;1;7764;Baccalauréat en administration (cheminement général);19901;hiver 1990;2
ESA;1;7764;Baccalauréat en administration (cheminement général);19902;été 1990;4
ESA;1;7764;Baccalauréat en administration (cheminement général);19912;été 1991;1
ESA;1;7764;Baccalauréat en administration (cheminement général);19933;automne 1993;1
ESA;1;7764;Baccalauréat en administration (cheminement général);19953;automne 1995;1
ESA;1;7764;Baccalauréat en administration (cheminement général);19963;automne 1996;171
ESA;1;7764;Baccalauréat en administration (cheminement général);19971;hiver 1997;195
ESA;1;7764;Baccalauréat en administration (cheminement général);19972;été 1997;123
ESA;1;7764;Baccalauréat en administration (cheminement général);19973;automne 1997;280
ESA;1;7764;Baccalauréat en administration (cheminement général);19981;hiver 1998;259
ESA;1;7764;Baccalauréat en administration (cheminement général);19982;été 1998;147
ESA;1;7764;Baccalauréat en administration (cheminement général);19983;automne 1998;372
ESA;1;7764;Baccalauréat en administration (cheminement général);19991;hiver 1999;351
ESA;1;7764;Baccalauréat en administration (cheminement général);19992;été 1999;200
ESA;1;7764;Baccalauréat en administration (cheminement général);19993;automne 1999;391
ESA;1;7764;Baccalauréat en administration (cheminement général);20001;hiver 2000;410
ESA;1;7764;Baccalauréat en administration (cheminement général);20002;été 2000;230
ESA;1;7764;Baccalauréat en administration (cheminement général);20003;automne 2000;571
ESA;1;7764;Baccalauréat en administration (cheminement général);20011;hiver 2001;450
ESA;1;7764;Baccalauréat en administration (cheminement général);20012;été 2001;283
ESA;1;7764;Baccalauréat en administration (cheminement général);20013;automne 2001;607
ESA;1;7764;Baccalauréat en administration (cheminement général);20021;hiver 2002;518
ESA;1;7764;Baccalauréat en administration (cheminement général);20022;été 2002;360
ESA;1;7764;Baccalauréat en administration (cheminement général);20023;automne 2002;647
ESA;1;7764;Baccalauréat en administration (cheminement général);20031;hiver 2003;591
ESA;1;7764;Baccalauréat en administration (cheminement général);20032;été 2003;359
ESA;1;7764;Baccalauréat en administration (cheminement général);20033;automne 2003;766
ESA;1;7764;Baccalauréat en administration (cheminement général);20041;hiver 2004;708
ESA;1;7764;Baccalauréat en administration (cheminement général);20042;été 2004;407
ESA;1;7764;Baccalauréat en administration (cheminement général);20043;automne 2004;775
ESA;1;7764;Baccalauréat en administration (cheminement général);20051;hiver 2005;805
ESA;1;7764;Baccalauréat en administration (cheminement général);20052;été 2005;457
ESA;1;7764;Baccalauréat en administration (cheminement général);20053;automne 2005;883
ESA;1;7764;Baccalauréat en administration (cheminement général);20061;hiver 2006;905
ESA;1;7764;Baccalauréat en administration (cheminement général);20062;été 2006;603
ESA;1;7764;Baccalauréat en administration (cheminement général);20063;automne 2006;965
ESA;1;7764;Baccalauréat en administration (cheminement général);20071;hiver 2007;1041
ESA;1;7764;Baccalauréat en administration (cheminement général);20072;été 2007;691
ESA;1;7764;Baccalauréat en administration (cheminement général);20073;automne 2007;1022
ESA;1;7764;Baccalauréat en administration (cheminement général);20081;hiver 2008;690
ESA;1;7764;Baccalauréat en administration (cheminement général);20082;été 2008;589
ESA;1;7764;Baccalauréat en administration (cheminement général);20083;automne 2008;987
ESA;1;7764;Baccalauréat en administration (cheminement général);20091;hiver 2009;971
ESA;1;7764;Baccalauréat en administration (cheminement général);20092;été 2009;615
ESA;1;7764;Baccalauréat en administration (cheminement général);20093;automne 2009;1013
ESA;1;7764;Baccalauréat en administration (cheminement général);20101;hiver 2010;938
ESA;1;7764;Baccalauréat en administration (cheminement général);20102;été 2010;622
ESA;1;7764;Baccalauréat en administration (cheminement général);20103;automne 2010;996
ESA;1;7764;Baccalauréat en administration (cheminement général);20111;hiver 2011;975
ESA;1;7764;Baccalauréat en administration (cheminement général);20112;été 2011;623
ESA;1;7764;Baccalauréat en administration (cheminement général);20113;automne 2011;1010
ESA;1;7764;Baccalauréat en administration (cheminement général);20121;hiver 2012;1034
ESA;1;7764;Baccalauréat en administration (cheminement général);20122;été 2012;666
ESA;1;7764;Baccalauréat en administration (cheminement général);20123;automne 2012;1195
ESA;1;7764;Baccalauréat en administration (cheminement général);20131;hiver 2013;1100
ESA;1;7764;Baccalauréat en administration (cheminement général);20132;été 2013;782
ESA;1;7764;Baccalauréat en administration (cheminement général);20133;automne 2013;1043
ESA;1;7764;Baccalauréat en administration (cheminement général);20141;hiver 2014;1105
ESA;1;7764;Baccalauréat en administration (cheminement général);20142;été 2014;730
ESA;1;7764;Baccalauréat en administration (cheminement général);20143;automne 2014;1096
ESA;1;7764;Baccalauréat en administration (cheminement général);20151;hiver 2015;997
ESA;1;7764;Baccalauréat en administration (cheminement général);20152;été 2015;715
ESA;1;7764;Baccalauréat en administration (cheminement général);20153;automne 2015;944
ESA;1;7764;Baccalauréat en administration (cheminement général);20161;hiver 2016;957
ESA;1;7764;Baccalauréat en administration (cheminement général);20162;été 2016;647
ESA;1;7764;Baccalauréat en administration (cheminement général);20163;automne 2016;1000
ESA;1;7764;Baccalauréat en administration (cheminement général);20171;hiver 2017;969
ESA;1;7764;Baccalauréat en administration (cheminement général);20172;été 2017;614
ESA;1;7764;Baccalauréat en administration (cheminement général);20173;automne 2017;992
ESA;1;7764;Baccalauréat en administration (cheminement général);20181;hiver 2018;866
ESA;1;7764;Baccalauréat en administration (cheminement général);20182;été 2018;586
ESA;1;7764;Baccalauréat en administration (cheminement général);20183;automne 2018;800
ESA;1;7764;Baccalauréat en administration (cheminement général);20191;hiver 2019;661
ESA;1;7764;Baccalauréat en administration (cheminement général);20192;été 2019;371
ESA;1;7764;Baccalauréat en administration (cheminement général);20193;automne 2019;631
ESA;1;7764;Baccalauréat en administration (cheminement général);20201;hiver 2020;647
ESA;1;7764;Baccalauréat en administration (cheminement général);20202;été 2020;506
ESA;1;7764;Baccalauréat en administration (cheminement général);20203;automne 2020;679
ESA;1;7764;Baccalauréat en administration (cheminement général);20211;hiver 2021;703
ESA;1;7764;Baccalauréat en administration (cheminement général);20212;été 2021;394
ESA;1;7764;Baccalauréat en administration (cheminement général);20213;automne 2021;541
ESA;1;7764;Baccalauréat en administration (cheminement général);20221;hiver 2022;564
ESA;1;7764;Baccalauréat en administration (cheminement général);20222;été 2022;318
ESA;1;7764;Baccalauréat en administration (cheminement général);20223;automne 2022;464
ESA;1;7764;Baccalauréat en administration (cheminement général);20231;hiver 2023;461
ESA;1;7764;Baccalauréat en administration (cheminement général);20232;été 2023;325
ESA;1;7764;Baccalauréat en administration (cheminement général);20233;automne 2023;482
ESA;1;7764;Baccalauréat en administration (cheminement général);20241;hiver 2024;514
ESA;1;7764;Baccalauréat en administration (cheminement général);20242;été 2024;335
ESA;1;7764;Baccalauréat en administration (cheminement général);20243;automne 2024;539
ESA;1;7764;Baccalauréat en administration (cheminement général);20251;hiver 2025;544
ESA;1;7764;Baccalauréat en administration (cheminement général);20252;été 2025;397
ESA;1;7764;Baccalauréat en administration (cheminement général);20253;automne 2025;583
ESA;1;7764;Baccalauréat en administration (cheminement général);20261;hiver 2026;571
ESA;1;7764;Baccalauréat en administration (cheminement général);20262;été 2026;252
DET;1;7829;Baccalauréat en administration (général);19883;automne 1988;5
DET;1;7829;Baccalauréat en administration (général);19891;hiver 1989;4
DET;1;7829;Baccalauréat en administration (général);19892;été 1989;5
DET;1;7829;Baccalauréat en administration (général);19893;automne 1989;12
DET;1;7829;Baccalauréat en administration (général);19901;hiver 1990;20
DET;1;7829;Baccalauréat en administration (général);19902;été 1990;9
DET;1;7829;Baccalauréat en administration (général);19903;automne 1990;27
DET;1;7829;Baccalauréat en administration (général);19911;hiver 1991;27
DET;1;7829;Baccalauréat en administration (général);19912;été 1991;16
DET;1;7829;Baccalauréat en administration (général);19913;automne 1991;24
DET;1;7829;Baccalauréat en administration (général);19921;hiver 1992;15
DET;1;7829;Baccalauréat en administration (général);19922;été 1992;10
DET;1;7829;Baccalauréat en administration (général);19923;automne 1992;15
DET;1;7829;Baccalauréat en administration (général);19931;hiver 1993;8
DET;1;7829;Baccalauréat en administration (général);19932;été 1993;6
DET;1;7829;Baccalauréat en administration (général);19933;automne 1993;10
DET;1;7829;Baccalauréat en administration (général);19941;hiver 1994;5
DET;1;7829;Baccalauréat en administration (général);19942;été 1994;6
DET;1;7829;Baccalauréat en administration (général);19943;automne 1994;10
DET;1;7829;Baccalauréat en administration (général);19951;hiver 1995;3
DET;1;7829;Baccalauréat en administration (général);19953;automne 1995;12
DET;1;7829;Baccalauréat en administration (général);19961;hiver 1996;5
DET;1;7829;Baccalauréat en administration (général);19962;été 1996;3
DET;1;7829;Baccalauréat en administration (général);19963;automne 1996;3
DET;1;7829;Baccalauréat en administration (général);19971;hiver 1997;8
DET;1;7829;Baccalauréat en administration (général);19972;été 1997;2
DET;1;7829;Baccalauréat en administration (général);19973;automne 1997;3
DET;1;7829;Baccalauréat en administration (général);19981;hiver 1998;3
DET;1;7829;Baccalauréat en administration (général);19982;été 1998;1
DET;1;7849;Baccalauréat en sciences sociales;19893;automne 1989;1
DET;1;7849;Baccalauréat en sciences sociales;19911;hiver 1991;2
DET;1;7849;Baccalauréat en sciences sociales;19913;automne 1991;1
DET;1;7849;Baccalauréat en sciences sociales;19921;hiver 1992;2
DET;1;7849;Baccalauréat en sciences sociales;19922;été 1992;1
DET;1;7849;Baccalauréat en sciences sociales;19923;automne 1992;2
DET;1;7849;Baccalauréat en sciences sociales;19931;hiver 1993;3
DET;1;7849;Baccalauréat en sciences sociales;19932;été 1993;2
DET;1;7849;Baccalauréat en sciences sociales;19933;automne 1993;2
DET;1;7849;Baccalauréat en sciences sociales;19942;été 1994;1
SHLC;1;7887;Baccalauréat en communication;19753;automne 1975;1
SHLC;1;7887;Baccalauréat en communication;19761;hiver 1976;1
SHLC;1;7887;Baccalauréat en communication;19763;automne 1976;1
SHLC;1;7887;Baccalauréat en communication;19773;automne 1977;1
SHLC;1;7887;Baccalauréat en communication;19783;automne 1978;2
SHLC;1;7887;Baccalauréat en communication;19791;hiver 1979;1
SHLC;1;7887;Baccalauréat en communication;19793;automne 1979;2
SHLC;1;7887;Baccalauréat en communication;19801;hiver 1980;3
SHLC;1;7887;Baccalauréat en communication;19803;automne 1980;2
SHLC;1;7887;Baccalauréat en communication;19811;hiver 1981;5
SHLC;1;7887;Baccalauréat en communication;19812;été 1981;2
SHLC;1;7887;Baccalauréat en communication;19813;automne 1981;3
SHLC;1;7887;Baccalauréat en communication;19821;hiver 1982;3
SHLC;1;7887;Baccalauréat en communication;19822;été 1982;3
SHLC;1;7887;Baccalauréat en communication;19831;hiver 1983;5
SHLC;1;7887;Baccalauréat en communication;19832;été 1983;1
SHLC;1;7887;Baccalauréat en communication;19841;hiver 1984;2
SHLC;1;7887;Baccalauréat en communication;19843;automne 1984;1
SHLC;1;7887;Baccalauréat en communication;19882;été 1988;1
SHLC;1;7887;Baccalauréat en communication;19883;automne 1988;2
SHLC;1;7887;Baccalauréat en communication;19892;été 1989;1
SHLC;1;7887;Baccalauréat en communication;19893;automne 1989;1
SHLC;1;7887;Baccalauréat en communication;19903;automne 1990;145
SHLC;1;7887;Baccalauréat en communication;19911;hiver 1991;106
SHLC;1;7887;Baccalauréat en communication;19912;été 1991;88
SHLC;1;7887;Baccalauréat en communication;19913;automne 1991;185
SHLC;1;7887;Baccalauréat en communication;19921;hiver 1992;196
SHLC;1;7887;Baccalauréat en communication;19922;été 1992;116
SHLC;1;7887;Baccalauréat en communication;19923;automne 1992;217
SHLC;1;7887;Baccalauréat en communication;19931;hiver 1993;192
SHLC;1;7887;Baccalauréat en communication;19932;été 1993;119
SHLC;1;7887;Baccalauréat en communication;19933;automne 1993;217
SHLC;1;7887;Baccalauréat en communication;19941;hiver 1994;228
SHLC;1;7887;Baccalauréat en communication;19942;été 1994;139
SHLC;1;7887;Baccalauréat en communication;19943;automne 1994;268
SHLC;1;7887;Baccalauréat en communication;19951;hiver 1995;265
SHLC;1;7887;Baccalauréat en communication;19952;été 1995;162
SHLC;1;7887;Baccalauréat en communication;19953;automne 1995;262
SHLC;1;7887;Baccalauréat en communication;19961;hiver 1996;224
SHLC;1;7887;Baccalauréat en communication;19962;été 1996;138
SHLC;1;7887;Baccalauréat en communication;19963;automne 1996;243
SHLC;1;7887;Baccalauréat en communication;19971;hiver 1997;226
SHLC;1;7887;Baccalauréat en communication;19972;été 1997;122
SHLC;1;7887;Baccalauréat en communication;19973;automne 1997;256
SHLC;1;7887;Baccalauréat en communication;19981;hiver 1998;201
SHLC;1;7887;Baccalauréat en communication;19982;été 1998;84
SHLC;1;7887;Baccalauréat en communication;19983;automne 1998;215
SHLC;1;7887;Baccalauréat en communication;19991;hiver 1999;212
SHLC;1;7887;Baccalauréat en communication;19992;été 1999;81
SHLC;1;7887;Baccalauréat en communication;19993;automne 1999;230
SHLC;1;7887;Baccalauréat en communication;20001;hiver 2000;201
SHLC;1;7887;Baccalauréat en communication;20002;été 2000;88
SHLC;1;7887;Baccalauréat en communication;20003;automne 2000;225
SHLC;1;7887;Baccalauréat en communication;20011;hiver 2001;157
SHLC;1;7887;Baccalauréat en communication;20012;été 2001;72
SHLC;1;7887;Baccalauréat en communication;20013;automne 2001;210
SHLC;1;7887;Baccalauréat en communication;20021;hiver 2002;195
SHLC;1;7887;Baccalauréat en communication;20022;été 2002;106
SHLC;1;7887;Baccalauréat en communication;20023;automne 2002;240
SHLC;1;7887;Baccalauréat en communication;20031;hiver 2003;235
SHLC;1;7887;Baccalauréat en communication;20032;été 2003;110
SHLC;1;7887;Baccalauréat en communication;20033;automne 2003;268
SHLC;1;7887;Baccalauréat en communication;20041;hiver 2004;222
SHLC;1;7887;Baccalauréat en communication;20042;été 2004;137
SHLC;1;7887;Baccalauréat en communication;20043;automne 2004;242
SHLC;1;7887;Baccalauréat en communication;20051;hiver 2005;282
SHLC;1;7887;Baccalauréat en communication;20052;été 2005;162
SHLC;1;7887;Baccalauréat en communication;20053;automne 2005;286
SHLC;1;7887;Baccalauréat en communication;20061;hiver 2006;255
SHLC;1;7887;Baccalauréat en communication;20062;été 2006;171
SHLC;1;7887;Baccalauréat en communication;20063;automne 2006;319
SHLC;1;7887;Baccalauréat en communication;20071;hiver 2007;303
SHLC;1;7887;Baccalauréat en communication;20072;été 2007;196
SHLC;1;7887;Baccalauréat en communication;20073;automne 2007;298
SHLC;1;7887;Baccalauréat en communication;20081;hiver 2008;200
SHLC;1;7887;Baccalauréat en communication;20082;été 2008;130
SHLC;1;7887;Baccalauréat en communication;20083;automne 2008;247
SHLC;1;7887;Baccalauréat en communication;20091;hiver 2009;229
SHLC;1;7887;Baccalauréat en communication;20092;été 2009;164
SHLC;1;7887;Baccalauréat en communication;20093;automne 2009;219
SHLC;1;7887;Baccalauréat en communication;20101;hiver 2010;237
SHLC;1;7887;Baccalauréat en communication;20102;été 2010;186
SHLC;1;7887;Baccalauréat en communication;20103;automne 2010;260
SHLC;1;7887;Baccalauréat en communication;20111;hiver 2011;268
SHLC;1;7887;Baccalauréat en communication;20112;été 2011;164
SHLC;1;7887;Baccalauréat en communication;20113;automne 2011;280
SHLC;1;7887;Baccalauréat en communication;20121;hiver 2012;270
SHLC;1;7887;Baccalauréat en communication;20122;été 2012;186
SHLC;1;7887;Baccalauréat en communication;20123;automne 2012;319
SHLC;1;7887;Baccalauréat en communication;20131;hiver 2013;304
SHLC;1;7887;Baccalauréat en communication;20132;été 2013;208
SHLC;1;7887;Baccalauréat en communication;20133;automne 2013;270
SHLC;1;7887;Baccalauréat en communication;20141;hiver 2014;262
SHLC;1;7887;Baccalauréat en communication;20142;été 2014;204
SHLC;1;7887;Baccalauréat en communication;20143;automne 2014;276
SHLC;1;7887;Baccalauréat en communication;20151;hiver 2015;271
SHLC;1;7887;Baccalauréat en communication;20152;été 2015;158
SHLC;1;7887;Baccalauréat en communication;20153;automne 2015;230
SHLC;1;7887;Baccalauréat en communication;20161;hiver 2016;252
SHLC;1;7887;Baccalauréat en communication;20162;été 2016;130
SHLC;1;7887;Baccalauréat en communication;20163;automne 2016;231
SHLC;1;7887;Baccalauréat en communication;20171;hiver 2017;237
SHLC;1;7887;Baccalauréat en communication;20172;été 2017;116
SHLC;1;7887;Baccalauréat en communication;20173;automne 2017;199
SHLC;1;7887;Baccalauréat en communication;20181;hiver 2018;216
SHLC;1;7887;Baccalauréat en communication;20182;été 2018;128
SHLC;1;7887;Baccalauréat en communication;20183;automne 2018;197
SHLC;1;7887;Baccalauréat en communication;20191;hiver 2019;188
SHLC;1;7887;Baccalauréat en communication;20192;été 2019;102
SHLC;1;7887;Baccalauréat en communication;20193;automne 2019;190
SHLC;1;7887;Baccalauréat en communication;20201;hiver 2020;244
SHLC;1;7887;Baccalauréat en communication;20202;été 2020;107
SHLC;1;7887;Baccalauréat en communication;20203;automne 2020;218
SHLC;1;7887;Baccalauréat en communication;20211;hiver 2021;249
SHLC;1;7887;Baccalauréat en communication;20212;été 2021;136
SHLC;1;7887;Baccalauréat en communication;20213;automne 2021;240
SHLC;1;7887;Baccalauréat en communication;20221;hiver 2022;189
SHLC;1;7887;Baccalauréat en communication;20222;été 2022;108
SHLC;1;7887;Baccalauréat en communication;20223;automne 2022;188
SHLC;1;7887;Baccalauréat en communication;20231;hiver 2023;185
SHLC;1;7887;Baccalauréat en communication;20232;été 2023;92
SHLC;1;7887;Baccalauréat en communication;20233;automne 2023;226
SHLC;1;7887;Baccalauréat en communication;20241;hiver 2024;223
SHLC;1;7887;Baccalauréat en communication;20242;été 2024;135
SHLC;1;7887;Baccalauréat en communication;20243;automne 2024;246
SHLC;1;7887;Baccalauréat en communication;20251;hiver 2025;232
SHLC;1;7887;Baccalauréat en communication;20252;été 2025;176
SHLC;1;7887;Baccalauréat en communication;20253;automne 2025;260
SHLC;1;7887;Baccalauréat en communication;20261;hiver 2026;244
SHLC;1;7887;Baccalauréat en communication;20262;été 2026;103
DET;1;7995;Baccalauréat ès arts par cumul de certificats ou mineures;20071;hiver 2007;5
DET;1;7995;Baccalauréat ès arts par cumul de certificats ou mineures;20072;été 2007;7
DET;1;7995;Baccalauréat ès arts par cumul de certificats ou mineures;20073;automne 2007;13
DET;1;7995;Baccalauréat ès arts par cumul de certificats ou mineures;20081;hiver 2008;18
DET;1;7995;Baccalauréat ès arts par cumul de certificats ou mineures;20082;été 2008;21
DET;1;7995;Baccalauréat ès arts par cumul de certificats ou mineures;20083;automne 2008;31
DET;1;7995;Baccalauréat ès arts par cumul de certificats ou mineures;20091;hiver 2009;16
DET;1;7995;Baccalauréat ès arts par cumul de certificats ou mineures;20092;été 2009;17
DET;1;7995;Baccalauréat ès arts par cumul de certificats ou mineures;20093;automne 2009;29
DET;1;7995;Baccalauréat ès arts par cumul de certificats ou mineures;20101;hiver 2010;23
DET;1;7995;Baccalauréat ès arts par cumul de certificats ou mineures;20102;été 2010;16
DET;1;7995;Baccalauréat ès arts par cumul de certificats ou mineures;20103;automne 2010;29
DET;1;7995;Baccalauréat ès arts par cumul de certificats ou mineures;20111;hiver 2011;23
DET;1;7995;Baccalauréat ès arts par cumul de certificats ou mineures;20112;été 2011;21
DET;1;7995;Baccalauréat ès arts par cumul de certificats ou mineures;20113;automne 2011;35
DET;1;7995;Baccalauréat ès arts par cumul de certificats ou mineures;20121;hiver 2012;39
DET;1;7995;Baccalauréat ès arts par cumul de certificats ou mineures;20122;été 2012;30
DET;1;7995;Baccalauréat ès arts par cumul de certificats ou mineures;20123;automne 2012;31
DET;1;7995;Baccalauréat ès arts par cumul de certificats ou mineures;20131;hiver 2013;40
DET;1;7995;Baccalauréat ès arts par cumul de certificats ou mineures;20132;été 2013;26
DET;1;7995;Baccalauréat ès arts par cumul de certificats ou mineures;20133;automne 2013;33
DET;1;7995;Baccalauréat ès arts par cumul de certificats ou mineures;20141;hiver 2014;46
DET;1;7995;Baccalauréat ès arts par cumul de certificats ou mineures;20142;été 2014;24
DET;1;7995;Baccalauréat ès arts par cumul de certificats ou mineures;20143;automne 2014;35
DET;1;7995;Baccalauréat ès arts par cumul de certificats ou mineures;20151;hiver 2015;37
DET;1;7995;Baccalauréat ès arts par cumul de certificats ou mineures;20152;été 2015;42
DET;1;7995;Baccalauréat ès arts par cumul de certificats ou mineures;20153;automne 2015;37
DET;1;7995;Baccalauréat ès arts par cumul de certificats ou mineures;20161;hiver 2016;59
DET;1;7995;Baccalauréat ès arts par cumul de certificats ou mineures;20162;été 2016;24
DET;1;7995;Baccalauréat ès arts par cumul de certificats ou mineures;20163;automne 2016;49
DET;1;7995;Baccalauréat ès arts par cumul de certificats ou mineures;20171;hiver 2017;49
DET;1;7995;Baccalauréat ès arts par cumul de certificats ou mineures;20172;été 2017;45
DET;1;7995;Baccalauréat ès arts par cumul de certificats ou mineures;20173;automne 2017;53
DET;1;7995;Baccalauréat ès arts par cumul de certificats ou mineures;20181;hiver 2018;50
DET;1;7995;Baccalauréat ès arts par cumul de certificats ou mineures;20182;été 2018;24
DET;1;7995;Baccalauréat ès arts par cumul de certificats ou mineures;20183;automne 2018;36
DET;1;7995;Baccalauréat ès arts par cumul de certificats ou mineures;20191;hiver 2019;32
DET;1;7995;Baccalauréat ès arts par cumul de certificats ou mineures;20192;été 2019;45
DET;1;7995;Baccalauréat ès arts par cumul de certificats ou mineures;20193;automne 2019;57
DET;1;7995;Baccalauréat ès arts par cumul de certificats ou mineures;20201;hiver 2020;50
DET;1;7995;Baccalauréat ès arts par cumul de certificats ou mineures;20202;été 2020;40
DET;1;7995;Baccalauréat ès arts par cumul de certificats ou mineures;20203;automne 2020;41
DET;1;7995;Baccalauréat ès arts par cumul de certificats ou mineures;20211;hiver 2021;58
DET;1;7995;Baccalauréat ès arts par cumul de certificats ou mineures;20212;été 2021;53
DET;1;7995;Baccalauréat ès arts par cumul de certificats ou mineures;20213;automne 2021;58
DET;1;7995;Baccalauréat ès arts par cumul de certificats ou mineures;20221;hiver 2022;78
DET;1;7995;Baccalauréat ès arts par cumul de certificats ou mineures;20222;été 2022;43
DET;1;7995;Baccalauréat ès arts par cumul de certificats ou mineures;20223;automne 2022;45
DET;1;7995;Baccalauréat ès arts par cumul de certificats ou mineures;20231;hiver 2023;55
DET;1;7995;Baccalauréat ès arts par cumul de certificats ou mineures;20232;été 2023;52
DET;1;7995;Baccalauréat ès arts par cumul de certificats ou mineures;20233;automne 2023;64
DET;1;7995;Baccalauréat ès arts par cumul de certificats ou mineures;20241;hiver 2024;59
DET;1;7995;Baccalauréat ès arts par cumul de certificats ou mineures;20242;été 2024;52
DET;1;7995;Baccalauréat ès arts par cumul de certificats ou mineures;20243;automne 2024;59
DET;1;7995;Baccalauréat ès arts par cumul de certificats ou mineures;20251;hiver 2025;59
DET;1;7995;Baccalauréat ès arts par cumul de certificats ou mineures;20252;été 2025;54
DET;1;7995;Baccalauréat ès arts par cumul de certificats ou mineures;20253;automne 2025;78
DET;1;7995;Baccalauréat ès arts par cumul de certificats ou mineures;20261;hiver 2026;64
DET;1;7995;Baccalauréat ès arts par cumul de certificats ou mineures;20262;été 2026;48
DET;1;7996;Baccalauréat ès sciences par cumul de certificats ou mineures;20092;été 2009;1
DET;1;7996;Baccalauréat ès sciences par cumul de certificats ou mineures;20093;automne 2009;4
DET;1;7996;Baccalauréat ès sciences par cumul de certificats ou mineures;20102;été 2010;4
DET;1;7996;Baccalauréat ès sciences par cumul de certificats ou mineures;20103;automne 2010;5
DET;1;7996;Baccalauréat ès sciences par cumul de certificats ou mineures;20112;été 2011;4
DET;1;7996;Baccalauréat ès sciences par cumul de certificats ou mineures;20121;hiver 2012;2
DET;1;7996;Baccalauréat ès sciences par cumul de certificats ou mineures;20122;été 2012;3
DET;1;7996;Baccalauréat ès sciences par cumul de certificats ou mineures;20123;automne 2012;5
DET;1;7996;Baccalauréat ès sciences par cumul de certificats ou mineures;20131;hiver 2013;4
DET;1;7996;Baccalauréat ès sciences par cumul de certificats ou mineures;20132;été 2013;4
DET;1;7996;Baccalauréat ès sciences par cumul de certificats ou mineures;20133;automne 2013;3
DET;1;7996;Baccalauréat ès sciences par cumul de certificats ou mineures;20141;hiver 2014;3
DET;1;7996;Baccalauréat ès sciences par cumul de certificats ou mineures;20142;été 2014;2
DET;1;7996;Baccalauréat ès sciences par cumul de certificats ou mineures;20143;automne 2014;4
DET;1;7996;Baccalauréat ès sciences par cumul de certificats ou mineures;20151;hiver 2015;3
DET;1;7996;Baccalauréat ès sciences par cumul de certificats ou mineures;20152;été 2015;6
DET;1;7996;Baccalauréat ès sciences par cumul de certificats ou mineures;20153;automne 2015;3
DET;1;7996;Baccalauréat ès sciences par cumul de certificats ou mineures;20161;hiver 2016;3
DET;1;7996;Baccalauréat ès sciences par cumul de certificats ou mineures;20162;été 2016;3
DET;1;7996;Baccalauréat ès sciences par cumul de certificats ou mineures;20163;automne 2016;7
DET;1;7996;Baccalauréat ès sciences par cumul de certificats ou mineures;20171;hiver 2017;9
DET;1;7996;Baccalauréat ès sciences par cumul de certificats ou mineures;20172;été 2017;10
DET;1;7996;Baccalauréat ès sciences par cumul de certificats ou mineures;20173;automne 2017;5
DET;1;7996;Baccalauréat ès sciences par cumul de certificats ou mineures;20181;hiver 2018;9
DET;1;7996;Baccalauréat ès sciences par cumul de certificats ou mineures;20182;été 2018;11
DET;1;7996;Baccalauréat ès sciences par cumul de certificats ou mineures;20183;automne 2018;13
DET;1;7996;Baccalauréat ès sciences par cumul de certificats ou mineures;20191;hiver 2019;8
DET;1;7996;Baccalauréat ès sciences par cumul de certificats ou mineures;20192;été 2019;7
DET;1;7996;Baccalauréat ès sciences par cumul de certificats ou mineures;20193;automne 2019;5
DET;1;7996;Baccalauréat ès sciences par cumul de certificats ou mineures;20201;hiver 2020;8
DET;1;7996;Baccalauréat ès sciences par cumul de certificats ou mineures;20202;été 2020;6
DET;1;7996;Baccalauréat ès sciences par cumul de certificats ou mineures;20203;automne 2020;12
DET;1;7996;Baccalauréat ès sciences par cumul de certificats ou mineures;20211;hiver 2021;11
DET;1;7996;Baccalauréat ès sciences par cumul de certificats ou mineures;20212;été 2021;8
DET;1;7996;Baccalauréat ès sciences par cumul de certificats ou mineures;20213;automne 2021;4
DET;1;7996;Baccalauréat ès sciences par cumul de certificats ou mineures;20221;hiver 2022;7
DET;1;7996;Baccalauréat ès sciences par cumul de certificats ou mineures;20222;été 2022;5
DET;1;7996;Baccalauréat ès sciences par cumul de certificats ou mineures;20223;automne 2022;3
DET;1;7996;Baccalauréat ès sciences par cumul de certificats ou mineures;20231;hiver 2023;8
DET;1;7996;Baccalauréat ès sciences par cumul de certificats ou mineures;20232;été 2023;10
DET;1;7996;Baccalauréat ès sciences par cumul de certificats ou mineures;20233;automne 2023;18
DET;1;7996;Baccalauréat ès sciences par cumul de certificats ou mineures;20241;hiver 2024;12
DET;1;7996;Baccalauréat ès sciences par cumul de certificats ou mineures;20242;été 2024;16
DET;1;7996;Baccalauréat ès sciences par cumul de certificats ou mineures;20243;automne 2024;7
DET;1;7996;Baccalauréat ès sciences par cumul de certificats ou mineures;20251;hiver 2025;13
DET;1;7996;Baccalauréat ès sciences par cumul de certificats ou mineures;20252;été 2025;18
DET;1;7996;Baccalauréat ès sciences par cumul de certificats ou mineures;20253;automne 2025;20
DET;1;7996;Baccalauréat ès sciences par cumul de certificats ou mineures;20261;hiver 2026;16
DET;1;7996;Baccalauréat ès sciences par cumul de certificats ou mineures;20262;été 2026;5
DET;1;7997;Baccalauréat ès sciences appliquées par cumul de certificats ou mineures;20071;hiver 2007;1
DET;1;7997;Baccalauréat ès sciences appliquées par cumul de certificats ou mineures;20072;été 2007;3
DET;1;7997;Baccalauréat ès sciences appliquées par cumul de certificats ou mineures;20073;automne 2007;4
DET;1;7997;Baccalauréat ès sciences appliquées par cumul de certificats ou mineures;20081;hiver 2008;2
DET;1;7997;Baccalauréat ès sciences appliquées par cumul de certificats ou mineures;20082;été 2008;8
DET;1;7997;Baccalauréat ès sciences appliquées par cumul de certificats ou mineures;20083;automne 2008;3
DET;1;7997;Baccalauréat ès sciences appliquées par cumul de certificats ou mineures;20091;hiver 2009;12
DET;1;7997;Baccalauréat ès sciences appliquées par cumul de certificats ou mineures;20092;été 2009;5
DET;1;7997;Baccalauréat ès sciences appliquées par cumul de certificats ou mineures;20093;automne 2009;3
DET;1;7997;Baccalauréat ès sciences appliquées par cumul de certificats ou mineures;20101;hiver 2010;7
DET;1;7997;Baccalauréat ès sciences appliquées par cumul de certificats ou mineures;20102;été 2010;2
DET;1;7997;Baccalauréat ès sciences appliquées par cumul de certificats ou mineures;20103;automne 2010;5
DET;1;7997;Baccalauréat ès sciences appliquées par cumul de certificats ou mineures;20111;hiver 2011;7
DET;1;7997;Baccalauréat ès sciences appliquées par cumul de certificats ou mineures;20112;été 2011;6
DET;1;7997;Baccalauréat ès sciences appliquées par cumul de certificats ou mineures;20113;automne 2011;5
DET;1;7997;Baccalauréat ès sciences appliquées par cumul de certificats ou mineures;20121;hiver 2012;6
DET;1;7997;Baccalauréat ès sciences appliquées par cumul de certificats ou mineures;20122;été 2012;6
DET;1;7997;Baccalauréat ès sciences appliquées par cumul de certificats ou mineures;20123;automne 2012;3
DET;1;7997;Baccalauréat ès sciences appliquées par cumul de certificats ou mineures;20131;hiver 2013;4
DET;1;7997;Baccalauréat ès sciences appliquées par cumul de certificats ou mineures;20132;été 2013;4
DET;1;7997;Baccalauréat ès sciences appliquées par cumul de certificats ou mineures;20133;automne 2013;6
DET;1;7997;Baccalauréat ès sciences appliquées par cumul de certificats ou mineures;20141;hiver 2014;6
DET;1;7997;Baccalauréat ès sciences appliquées par cumul de certificats ou mineures;20142;été 2014;2
DET;1;7997;Baccalauréat ès sciences appliquées par cumul de certificats ou mineures;20143;automne 2014;5
DET;1;7997;Baccalauréat ès sciences appliquées par cumul de certificats ou mineures;20151;hiver 2015;2
DET;1;7997;Baccalauréat ès sciences appliquées par cumul de certificats ou mineures;20152;été 2015;1
DET;1;7997;Baccalauréat ès sciences appliquées par cumul de certificats ou mineures;20153;automne 2015;1
DET;1;7997;Baccalauréat ès sciences appliquées par cumul de certificats ou mineures;20163;automne 2016;1
DET;1;7997;Baccalauréat ès sciences appliquées par cumul de certificats ou mineures;20171;hiver 2017;2
DET;1;7997;Baccalauréat ès sciences appliquées par cumul de certificats ou mineures;20173;automne 2017;1
DET;1;7997;Baccalauréat ès sciences appliquées par cumul de certificats ou mineures;20181;hiver 2018;3
DET;1;7997;Baccalauréat ès sciences appliquées par cumul de certificats ou mineures;20183;automne 2018;3
DET;1;7998;Baccalauréat en éducation par cumul de certificats ou mineures;20081;hiver 2008;2
DET;1;7998;Baccalauréat en éducation par cumul de certificats ou mineures;20091;hiver 2009;6
DET;1;7998;Baccalauréat en éducation par cumul de certificats ou mineures;20092;été 2009;2
DET;1;7998;Baccalauréat en éducation par cumul de certificats ou mineures;20101;hiver 2010;2
DET;1;7998;Baccalauréat en éducation par cumul de certificats ou mineures;20102;été 2010;1
DET;1;7998;Baccalauréat en éducation par cumul de certificats ou mineures;20103;automne 2010;1
DET;1;7998;Baccalauréat en éducation par cumul de certificats ou mineures;20133;automne 2013;1
DET;1;7998;Baccalauréat en éducation par cumul de certificats ou mineures;20171;hiver 2017;1
DET;1;7998;Baccalauréat en éducation par cumul de certificats ou mineures;20172;été 2017;1
DET;1;7998;Baccalauréat en éducation par cumul de certificats ou mineures;20173;automne 2017;1
DET;1;7998;Baccalauréat en éducation par cumul de certificats ou mineures;20242;été 2024;1
DET;1;7998;Baccalauréat en éducation par cumul de certificats ou mineures;20251;hiver 2025;8
DET;1;7998;Baccalauréat en éducation par cumul de certificats ou mineures;20252;été 2025;3
DET;1;7998;Baccalauréat en éducation par cumul de certificats ou mineures;20253;automne 2025;6
DET;1;7998;Baccalauréat en éducation par cumul de certificats ou mineures;20261;hiver 2026;4
DET;1;7998;Baccalauréat en éducation par cumul de certificats ou mineures;20262;été 2026;6
DET;1;7999;Baccalauréat en administration des affaires par cumul de certificats ou mineures;20062;été 2006;1
DET;1;7999;Baccalauréat en administration des affaires par cumul de certificats ou mineures;20071;hiver 2007;10
DET;1;7999;Baccalauréat en administration des affaires par cumul de certificats ou mineures;20072;été 2007;14
DET;1;7999;Baccalauréat en administration des affaires par cumul de certificats ou mineures;20073;automne 2007;23
DET;1;7999;Baccalauréat en administration des affaires par cumul de certificats ou mineures;20081;hiver 2008;61
DET;1;7999;Baccalauréat en administration des affaires par cumul de certificats ou mineures;20082;été 2008;45
DET;1;7999;Baccalauréat en administration des affaires par cumul de certificats ou mineures;20083;automne 2008;69
DET;1;7999;Baccalauréat en administration des affaires par cumul de certificats ou mineures;20091;hiver 2009;56
DET;1;7999;Baccalauréat en administration des affaires par cumul de certificats ou mineures;20092;été 2009;60
DET;1;7999;Baccalauréat en administration des affaires par cumul de certificats ou mineures;20093;automne 2009;66
DET;1;7999;Baccalauréat en administration des affaires par cumul de certificats ou mineures;20101;hiver 2010;81
DET;1;7999;Baccalauréat en administration des affaires par cumul de certificats ou mineures;20102;été 2010;60
DET;1;7999;Baccalauréat en administration des affaires par cumul de certificats ou mineures;20103;automne 2010;90
DET;1;7999;Baccalauréat en administration des affaires par cumul de certificats ou mineures;20111;hiver 2011;91
DET;1;7999;Baccalauréat en administration des affaires par cumul de certificats ou mineures;20112;été 2011;73
DET;1;7999;Baccalauréat en administration des affaires par cumul de certificats ou mineures;20113;automne 2011;85
DET;1;7999;Baccalauréat en administration des affaires par cumul de certificats ou mineures;20121;hiver 2012;104
DET;1;7999;Baccalauréat en administration des affaires par cumul de certificats ou mineures;20122;été 2012;95
DET;1;7999;Baccalauréat en administration des affaires par cumul de certificats ou mineures;20123;automne 2012;90
DET;1;7999;Baccalauréat en administration des affaires par cumul de certificats ou mineures;20131;hiver 2013;135
DET;1;7999;Baccalauréat en administration des affaires par cumul de certificats ou mineures;20132;été 2013;109
DET;1;7999;Baccalauréat en administration des affaires par cumul de certificats ou mineures;20133;automne 2013;144
DET;1;7999;Baccalauréat en administration des affaires par cumul de certificats ou mineures;20141;hiver 2014;150
DET;1;7999;Baccalauréat en administration des affaires par cumul de certificats ou mineures;20142;été 2014;141
DET;1;7999;Baccalauréat en administration des affaires par cumul de certificats ou mineures;20143;automne 2014;173
DET;1;7999;Baccalauréat en administration des affaires par cumul de certificats ou mineures;20151;hiver 2015;203
DET;1;7999;Baccalauréat en administration des affaires par cumul de certificats ou mineures;20152;été 2015;151
DET;1;7999;Baccalauréat en administration des affaires par cumul de certificats ou mineures;20153;automne 2015;170
DET;1;7999;Baccalauréat en administration des affaires par cumul de certificats ou mineures;20161;hiver 2016;186
DET;1;7999;Baccalauréat en administration des affaires par cumul de certificats ou mineures;20162;été 2016;170
DET;1;7999;Baccalauréat en administration des affaires par cumul de certificats ou mineures;20163;automne 2016;177
DET;1;7999;Baccalauréat en administration des affaires par cumul de certificats ou mineures;20171;hiver 2017;191
DET;1;7999;Baccalauréat en administration des affaires par cumul de certificats ou mineures;20172;été 2017;136
DET;1;7999;Baccalauréat en administration des affaires par cumul de certificats ou mineures;20173;automne 2017;245
DET;1;7999;Baccalauréat en administration des affaires par cumul de certificats ou mineures;20181;hiver 2018;226
DET;1;7999;Baccalauréat en administration des affaires par cumul de certificats ou mineures;20182;été 2018;152
DET;1;7999;Baccalauréat en administration des affaires par cumul de certificats ou mineures;20183;automne 2018;202
DET;1;7999;Baccalauréat en administration des affaires par cumul de certificats ou mineures;20191;hiver 2019;224
DET;1;7999;Baccalauréat en administration des affaires par cumul de certificats ou mineures;20192;été 2019;170
DET;1;7999;Baccalauréat en administration des affaires par cumul de certificats ou mineures;20193;automne 2019;229
DET;1;7999;Baccalauréat en administration des affaires par cumul de certificats ou mineures;20201;hiver 2020;247
DET;1;7999;Baccalauréat en administration des affaires par cumul de certificats ou mineures;20202;été 2020;164
DET;1;7999;Baccalauréat en administration des affaires par cumul de certificats ou mineures;20203;automne 2020;196
DET;1;7999;Baccalauréat en administration des affaires par cumul de certificats ou mineures;20211;hiver 2021;252
DET;1;7999;Baccalauréat en administration des affaires par cumul de certificats ou mineures;20212;été 2021;197
DET;1;7999;Baccalauréat en administration des affaires par cumul de certificats ou mineures;20213;automne 2021;207
DET;1;7999;Baccalauréat en administration des affaires par cumul de certificats ou mineures;20221;hiver 2022;256
DET;1;7999;Baccalauréat en administration des affaires par cumul de certificats ou mineures;20222;été 2022;209
DET;1;7999;Baccalauréat en administration des affaires par cumul de certificats ou mineures;20223;automne 2022;192
DET;1;7999;Baccalauréat en administration des affaires par cumul de certificats ou mineures;20231;hiver 2023;221
DET;1;7999;Baccalauréat en administration des affaires par cumul de certificats ou mineures;20232;été 2023;208
DET;1;7999;Baccalauréat en administration des affaires par cumul de certificats ou mineures;20233;automne 2023;220
DET;1;7999;Baccalauréat en administration des affaires par cumul de certificats ou mineures;20241;hiver 2024;241
DET;1;7999;Baccalauréat en administration des affaires par cumul de certificats ou mineures;20242;été 2024;183
DET;1;7999;Baccalauréat en administration des affaires par cumul de certificats ou mineures;20243;automne 2024;234
DET;1;7999;Baccalauréat en administration des affaires par cumul de certificats ou mineures;20251;hiver 2025;243
DET;1;7999;Baccalauréat en administration des affaires par cumul de certificats ou mineures;20252;été 2025;259
DET;1;7999;Baccalauréat en administration des affaires par cumul de certificats ou mineures;20253;automne 2025;304
DET;1;7999;Baccalauréat en administration des affaires par cumul de certificats ou mineures;20261;hiver 2026;261
DET;1;7999;Baccalauréat en administration des affaires par cumul de certificats ou mineures;20262;été 2026;154
BR;2;8595;Étudiant auditeur (2e cycle);20141;hiver 2014;2
BR;2;8595;Étudiant auditeur (2e cycle);20142;été 2014;1
BR;2;8595;Étudiant auditeur (2e cycle);20143;automne 2014;1
BR;2;8595;Étudiant auditeur (2e cycle);20151;hiver 2015;1
BR;2;8595;Étudiant auditeur (2e cycle);20152;été 2015;1
BR;2;8595;Étudiant auditeur (2e cycle);20161;hiver 2016;4
BR;2;8595;Étudiant auditeur (2e cycle);20173;automne 2017;2
BR;2;8595;Étudiant auditeur (2e cycle);20183;automne 2018;1
BR;2;8595;Étudiant auditeur (2e cycle);20191;hiver 2019;3
BR;2;8595;Étudiant auditeur (2e cycle);20192;été 2019;1
BR;2;8595;Étudiant auditeur (2e cycle);20193;automne 2019;1
BR;2;8595;Étudiant auditeur (2e cycle);20201;hiver 2020;2
BR;2;8595;Étudiant auditeur (2e cycle);20202;été 2020;1
BR;2;8595;Étudiant auditeur (2e cycle);20203;automne 2020;3
BR;2;8595;Étudiant auditeur (2e cycle);20221;hiver 2022;2
BR;2;8595;Étudiant auditeur (2e cycle);20231;hiver 2023;2
BR;2;8595;Étudiant auditeur (2e cycle);20233;automne 2023;2
BR;2;8595;Étudiant auditeur (2e cycle);20242;été 2024;2
BR;2;8595;Étudiant auditeur (2e cycle);20243;automne 2024;1
BR;2;8595;Étudiant auditeur (2e cycle);20252;été 2025;1
BR;2;8597;Étudiant libre de deuxième cycle;19931;hiver 1993;16
BR;2;8597;Étudiant libre de deuxième cycle;19932;été 1993;1
BR;2;8597;Étudiant libre de deuxième cycle;19941;hiver 1994;13
BR;2;8597;Étudiant libre de deuxième cycle;19942;été 1994;1
BR;2;8597;Étudiant libre de deuxième cycle;19943;automne 1994;11
BR;2;8597;Étudiant libre de deuxième cycle;19951;hiver 1995;31
BR;2;8597;Étudiant libre de deuxième cycle;19952;été 1995;12
BR;2;8597;Étudiant libre de deuxième cycle;19953;automne 1995;30
BR;2;8597;Étudiant libre de deuxième cycle;19962;été 1996;3
BR;2;8597;Étudiant libre de deuxième cycle;19963;automne 1996;15
BR;2;8597;Étudiant libre de deuxième cycle;19971;hiver 1997;1
BR;2;8597;Étudiant libre de deuxième cycle;19973;automne 1997;7
BR;2;8597;Étudiant libre de deuxième cycle;19981;hiver 1998;7
BR;2;8597;Étudiant libre de deuxième cycle;19982;été 1998;3
BR;2;8597;Étudiant libre de deuxième cycle;19983;automne 1998;6
BR;2;8597;Étudiant libre de deuxième cycle;19991;hiver 1999;5
BR;2;8597;Étudiant libre de deuxième cycle;19992;été 1999;29
BR;2;8597;Étudiant libre de deuxième cycle;19993;automne 1999;43
BR;2;8597;Étudiant libre de deuxième cycle;20001;hiver 2000;32
BR;2;8597;Étudiant libre de deuxième cycle;20002;été 2000;40
BR;2;8597;Étudiant libre de deuxième cycle;20003;automne 2000;9
BR;2;8597;Étudiant libre de deuxième cycle;20011;hiver 2001;10
BR;2;8597;Étudiant libre de deuxième cycle;20012;été 2001;7
BR;2;8597;Étudiant libre de deuxième cycle;20013;automne 2001;12
BR;2;8597;Étudiant libre de deuxième cycle;20021;hiver 2002;24
BR;2;8597;Étudiant libre de deuxième cycle;20022;été 2002;3
BR;2;8597;Étudiant libre de deuxième cycle;20023;automne 2002;23
BR;2;8597;Étudiant libre de deuxième cycle;20031;hiver 2003;15
BR;2;8597;Étudiant libre de deuxième cycle;20032;été 2003;10
BR;2;8597;Étudiant libre de deuxième cycle;20033;automne 2003;10
BR;2;8597;Étudiant libre de deuxième cycle;20041;hiver 2004;15
BR;2;8597;Étudiant libre de deuxième cycle;20042;été 2004;11
BR;2;8597;Étudiant libre de deuxième cycle;20043;automne 2004;7
BR;2;8597;Étudiant libre de deuxième cycle;20051;hiver 2005;11
BR;2;8597;Étudiant libre de deuxième cycle;20052;été 2005;9
BR;2;8597;Étudiant libre de deuxième cycle;20053;automne 2005;12
BR;2;8597;Étudiant libre de deuxième cycle;20061;hiver 2006;13
BR;2;8597;Étudiant libre de deuxième cycle;20062;été 2006;14
BR;2;8597;Étudiant libre de deuxième cycle;20063;automne 2006;14
BR;2;8597;Étudiant libre de deuxième cycle;20071;hiver 2007;5
BR;2;8597;Étudiant libre de deuxième cycle;20072;été 2007;11
BR;2;8597;Étudiant libre de deuxième cycle;20073;automne 2007;15
BR;2;8597;Étudiant libre de deuxième cycle;20081;hiver 2008;16
BR;2;8597;Étudiant libre de deuxième cycle;20082;été 2008;5
BR;2;8597;Étudiant libre de deuxième cycle;20083;automne 2008;17
BR;2;8597;Étudiant libre de deuxième cycle;20091;hiver 2009;18
BR;2;8597;Étudiant libre de deuxième cycle;20092;été 2009;13
BR;2;8597;Étudiant libre de deuxième cycle;20093;automne 2009;16
BR;2;8597;Étudiant libre de deuxième cycle;20101;hiver 2010;21
BR;2;8597;Étudiant libre de deuxième cycle;20102;été 2010;24
BR;2;8597;Étudiant libre de deuxième cycle;20103;automne 2010;41
BR;2;8597;Étudiant libre de deuxième cycle;20111;hiver 2011;28
BR;2;8597;Étudiant libre de deuxième cycle;20112;été 2011;28
BR;2;8597;Étudiant libre de deuxième cycle;20113;automne 2011;38
BR;2;8597;Étudiant libre de deuxième cycle;20121;hiver 2012;39
BR;2;8597;Étudiant libre de deuxième cycle;20122;été 2012;24
BR;2;8597;Étudiant libre de deuxième cycle;20123;automne 2012;40
BR;2;8597;Étudiant libre de deuxième cycle;20131;hiver 2013;23
BR;2;8597;Étudiant libre de deuxième cycle;20132;été 2013;80
BR;2;8597;Étudiant libre de deuxième cycle;20133;automne 2013;26
BR;2;8597;Étudiant libre de deuxième cycle;20141;hiver 2014;21
BR;2;8597;Étudiant libre de deuxième cycle;20142;été 2014;28
BR;2;8597;Étudiant libre de deuxième cycle;20143;automne 2014;20
BR;2;8597;Étudiant libre de deuxième cycle;20151;hiver 2015;28
BR;2;8597;Étudiant libre de deuxième cycle;20152;été 2015;17
BR;2;8597;Étudiant libre de deuxième cycle;20153;automne 2015;29
BR;2;8597;Étudiant libre de deuxième cycle;20161;hiver 2016;20
BR;2;8597;Étudiant libre de deuxième cycle;20162;été 2016;29
BR;2;8597;Étudiant libre de deuxième cycle;20163;automne 2016;38
BR;2;8597;Étudiant libre de deuxième cycle;20171;hiver 2017;27
BR;2;8597;Étudiant libre de deuxième cycle;20172;été 2017;25
BR;2;8597;Étudiant libre de deuxième cycle;20173;automne 2017;44
BR;2;8597;Étudiant libre de deuxième cycle;20181;hiver 2018;27
BR;2;8597;Étudiant libre de deuxième cycle;20182;été 2018;27
BR;2;8597;Étudiant libre de deuxième cycle;20183;automne 2018;46
BR;2;8597;Étudiant libre de deuxième cycle;20191;hiver 2019;35
BR;2;8597;Étudiant libre de deuxième cycle;20192;été 2019;38
BR;2;8597;Étudiant libre de deuxième cycle;20193;automne 2019;64
BR;2;8597;Étudiant libre de deuxième cycle;20201;hiver 2020;49
BR;2;8597;Étudiant libre de deuxième cycle;20202;été 2020;55
BR;2;8597;Étudiant libre de deuxième cycle;20203;automne 2020;38
BR;2;8597;Étudiant libre de deuxième cycle;20211;hiver 2021;49
BR;2;8597;Étudiant libre de deuxième cycle;20212;été 2021;49
BR;2;8597;Étudiant libre de deuxième cycle;20213;automne 2021;50
BR;2;8597;Étudiant libre de deuxième cycle;20221;hiver 2022;55
BR;2;8597;Étudiant libre de deuxième cycle;20222;été 2022;39
BR;2;8597;Étudiant libre de deuxième cycle;20223;automne 2022;92
BR;2;8597;Étudiant libre de deuxième cycle;20231;hiver 2023;95
BR;2;8597;Étudiant libre de deuxième cycle;20232;été 2023;86
BR;2;8597;Étudiant libre de deuxième cycle;20233;automne 2023;110
BR;2;8597;Étudiant libre de deuxième cycle;20241;hiver 2024;134
BR;2;8597;Étudiant libre de deuxième cycle;20242;été 2024;92
BR;2;8597;Étudiant libre de deuxième cycle;20243;automne 2024;135
BR;2;8597;Étudiant libre de deuxième cycle;20251;hiver 2025;166
BR;2;8597;Étudiant libre de deuxième cycle;20252;été 2025;135
BR;2;8597;Étudiant libre de deuxième cycle;20253;automne 2025;181
BR;2;8597;Étudiant libre de deuxième cycle;20261;hiver 2026;192
BR;2;8597;Étudiant libre de deuxième cycle;20262;été 2026;145
BR;3;8598;Étudiant libre de troisième cycle;20021;hiver 2002;1
BR;3;8598;Étudiant libre de troisième cycle;20041;hiver 2004;1
BR;3;8598;Étudiant libre de troisième cycle;20202;été 2020;1
BR;3;8598;Étudiant libre de troisième cycle;20222;été 2022;1
BR;3;8598;Étudiant libre de troisième cycle;20241;hiver 2024;2
BR;3;8598;Étudiant libre de troisième cycle;20242;été 2024;1
BR;3;8598;Étudiant libre de troisième cycle;20243;automne 2024;1
BR;3;8598;Étudiant libre de troisième cycle;20251;hiver 2025;3
BR;3;8598;Étudiant libre de troisième cycle;20253;automne 2025;1
BR;3;8598;Étudiant libre de troisième cycle;20261;hiver 2026;1
BR;3;8598;Étudiant libre de troisième cycle;20262;été 2026;3
ESA;1;9007;Programme court de 1er cycle en droit et gouvernance de l'entreprise;20193;automne 2019;2
ESA;1;9007;Programme court de 1er cycle en droit et gouvernance de l'entreprise;20201;hiver 2020;9
ESA;1;9007;Programme court de 1er cycle en droit et gouvernance de l'entreprise;20202;été 2020;17
ESA;1;9007;Programme court de 1er cycle en droit et gouvernance de l'entreprise;20203;automne 2020;33
ESA;1;9007;Programme court de 1er cycle en droit et gouvernance de l'entreprise;20211;hiver 2021;33
ESA;1;9007;Programme court de 1er cycle en droit et gouvernance de l'entreprise;20212;été 2021;15
ESA;1;9007;Programme court de 1er cycle en droit et gouvernance de l'entreprise;20213;automne 2021;31
ESA;1;9007;Programme court de 1er cycle en droit et gouvernance de l'entreprise;20221;hiver 2022;22
ESA;1;9007;Programme court de 1er cycle en droit et gouvernance de l'entreprise;20222;été 2022;12
ESA;1;9007;Programme court de 1er cycle en droit et gouvernance de l'entreprise;20223;automne 2022;25
ESA;1;9007;Programme court de 1er cycle en droit et gouvernance de l'entreprise;20231;hiver 2023;18
ESA;1;9007;Programme court de 1er cycle en droit et gouvernance de l'entreprise;20232;été 2023;13
ESA;1;9007;Programme court de 1er cycle en droit et gouvernance de l'entreprise;20233;automne 2023;20
ESA;1;9007;Programme court de 1er cycle en droit et gouvernance de l'entreprise;20241;hiver 2024;16
ESA;1;9007;Programme court de 1er cycle en droit et gouvernance de l'entreprise;20242;été 2024;11
ESA;1;9007;Programme court de 1er cycle en droit et gouvernance de l'entreprise;20243;automne 2024;28
ESA;1;9007;Programme court de 1er cycle en droit et gouvernance de l'entreprise;20251;hiver 2025;22
ESA;1;9007;Programme court de 1er cycle en droit et gouvernance de l'entreprise;20252;été 2025;15
ESA;1;9007;Programme court de 1er cycle en droit et gouvernance de l'entreprise;20253;automne 2025;23
ESA;1;9007;Programme court de 1er cycle en droit et gouvernance de l'entreprise;20261;hiver 2026;33
ESA;1;9007;Programme court de 1er cycle en droit et gouvernance de l'entreprise;20262;été 2026;17
ED;1;9012;Programme court de 1er cycle de perfectionnement en éducation;20211;hiver 2021;2
ED;1;9012;Programme court de 1er cycle de perfectionnement en éducation;20212;été 2021;2
ED;1;9012;Programme court de 1er cycle de perfectionnement en éducation;20213;automne 2021;3
ED;1;9012;Programme court de 1er cycle de perfectionnement en éducation;20221;hiver 2022;4
ED;1;9012;Programme court de 1er cycle de perfectionnement en éducation;20222;été 2022;5
ED;1;9012;Programme court de 1er cycle de perfectionnement en éducation;20223;automne 2022;6
ED;1;9012;Programme court de 1er cycle de perfectionnement en éducation;20231;hiver 2023;4
ED;1;9012;Programme court de 1er cycle de perfectionnement en éducation;20232;été 2023;8
ED;1;9012;Programme court de 1er cycle de perfectionnement en éducation;20233;automne 2023;15
ED;1;9012;Programme court de 1er cycle de perfectionnement en éducation;20241;hiver 2024;28
ED;1;9012;Programme court de 1er cycle de perfectionnement en éducation;20242;été 2024;21
ED;1;9012;Programme court de 1er cycle de perfectionnement en éducation;20243;automne 2024;29
ED;1;9012;Programme court de 1er cycle de perfectionnement en éducation;20251;hiver 2025;30
ED;1;9012;Programme court de 1er cycle de perfectionnement en éducation;20252;été 2025;32
ED;1;9012;Programme court de 1er cycle de perfectionnement en éducation;20253;automne 2025;38
ED;1;9012;Programme court de 1er cycle de perfectionnement en éducation;20261;hiver 2026;45
ED;1;9012;Programme court de 1er cycle de perfectionnement en éducation;20262;été 2026;35
ESA;1;9013;Programme court de 1er cycle en gestion responsable;20232;été 2023;3
ESA;1;9013;Programme court de 1er cycle en gestion responsable;20233;automne 2023;10
ESA;1;9013;Programme court de 1er cycle en gestion responsable;20241;hiver 2024;2
ESA;1;9013;Programme court de 1er cycle en gestion responsable;20242;été 2024;5
ESA;1;9013;Programme court de 1er cycle en gestion responsable;20243;automne 2024;7
ESA;1;9013;Programme court de 1er cycle en gestion responsable;20251;hiver 2025;1
ESA;1;9013;Programme court de 1er cycle en gestion responsable;20252;été 2025;3
ESA;1;9013;Programme court de 1er cycle en gestion responsable;20253;automne 2025;3
ESA;1;9013;Programme court de 1er cycle en gestion responsable;20261;hiver 2026;2
ED;1;9019;Programme court de 1er cycle Enseigner et apprendre avec le numérique;20211;hiver 2021;7
ED;1;9019;Programme court de 1er cycle Enseigner et apprendre avec le numérique;20212;été 2021;1
ED;1;9019;Programme court de 1er cycle Enseigner et apprendre avec le numérique;20213;automne 2021;8
ED;1;9019;Programme court de 1er cycle Enseigner et apprendre avec le numérique;20221;hiver 2022;9
ED;1;9019;Programme court de 1er cycle Enseigner et apprendre avec le numérique;20222;été 2022;7
ED;1;9019;Programme court de 1er cycle Enseigner et apprendre avec le numérique;20223;automne 2022;4
ED;1;9019;Programme court de 1er cycle Enseigner et apprendre avec le numérique;20231;hiver 2023;9
ED;1;9019;Programme court de 1er cycle Enseigner et apprendre avec le numérique;20232;été 2023;9
ED;1;9019;Programme court de 1er cycle Enseigner et apprendre avec le numérique;20233;automne 2023;21
ED;1;9019;Programme court de 1er cycle Enseigner et apprendre avec le numérique;20241;hiver 2024;21
ED;1;9019;Programme court de 1er cycle Enseigner et apprendre avec le numérique;20242;été 2024;15
ED;1;9019;Programme court de 1er cycle Enseigner et apprendre avec le numérique;20243;automne 2024;9
ED;1;9019;Programme court de 1er cycle Enseigner et apprendre avec le numérique;20251;hiver 2025;7
ED;1;9019;Programme court de 1er cycle Enseigner et apprendre avec le numérique;20252;été 2025;3
ED;1;9019;Programme court de 1er cycle Enseigner et apprendre avec le numérique;20253;automne 2025;14
ED;1;9019;Programme court de 1er cycle Enseigner et apprendre avec le numérique;20261;hiver 2026;15
ED;1;9019;Programme court de 1er cycle Enseigner et apprendre avec le numérique;20262;été 2026;16
SHLC;1;9020;Programme court de 1er cycle d'initiation à la traduction en français et en espagnol;20211;hiver 2021;16
SHLC;1;9020;Programme court de 1er cycle d'initiation à la traduction en français et en espagnol;20212;été 2021;7
SHLC;1;9020;Programme court de 1er cycle d'initiation à la traduction en français et en espagnol;20213;automne 2021;9
SHLC;1;9020;Programme court de 1er cycle d'initiation à la traduction en français et en espagnol;20221;hiver 2022;8
SHLC;1;9020;Programme court de 1er cycle d'initiation à la traduction en français et en espagnol;20222;été 2022;3
SHLC;1;9020;Programme court de 1er cycle d'initiation à la traduction en français et en espagnol;20223;automne 2022;5
SHLC;1;9020;Programme court de 1er cycle d'initiation à la traduction en français et en espagnol;20231;hiver 2023;6
SHLC;1;9020;Programme court de 1er cycle d'initiation à la traduction en français et en espagnol;20232;été 2023;6
SHLC;1;9020;Programme court de 1er cycle d'initiation à la traduction en français et en espagnol;20233;automne 2023;4
SHLC;1;9020;Programme court de 1er cycle d'initiation à la traduction en français et en espagnol;20241;hiver 2024;5
SHLC;1;9020;Programme court de 1er cycle d'initiation à la traduction en français et en espagnol;20242;été 2024;7
SHLC;1;9020;Programme court de 1er cycle d'initiation à la traduction en français et en espagnol;20243;automne 2024;5
SHLC;1;9020;Programme court de 1er cycle d'initiation à la traduction en français et en espagnol;20251;hiver 2025;7
SHLC;1;9020;Programme court de 1er cycle d'initiation à la traduction en français et en espagnol;20253;automne 2025;2
SHLC;1;9020;Programme court de 1er cycle d'initiation à la traduction en français et en espagnol;20261;hiver 2026;2
SHLC;1;9020;Programme court de 1er cycle d'initiation à la traduction en français et en espagnol;20262;été 2026;1
ESA;2;9031;Programme court de 2e cycle en administration des affaires;20251;hiver 2025;1
ESA;2;9031;Programme court de 2e cycle en administration des affaires;20252;été 2025;12
ESA;2;9031;Programme court de 2e cycle en administration des affaires;20253;automne 2025;13
ESA;2;9031;Programme court de 2e cycle en administration des affaires;20261;hiver 2026;10
ED;2;9163;Programme court de 2e cycle en éducation préscolaire;20251;hiver 2025;1
ED;2;9163;Programme court de 2e cycle en éducation préscolaire;20253;automne 2025;1
ED;2;9163;Programme court de 2e cycle en éducation préscolaire;20261;hiver 2026;1
ST;1;9164;Programme court de 1er cycle en cybersécurité;20253;automne 2025;14
ST;1;9164;Programme court de 1er cycle en cybersécurité;20261;hiver 2026;24
ST;1;9164;Programme court de 1er cycle en cybersécurité;20262;été 2026;13
ED;2;9186;Programme court de 2e cycle en didactique de l'univers social au primaire et au secondaire;20252;été 2025;3
ED;2;9186;Programme court de 2e cycle en didactique de l'univers social au primaire et au secondaire;20253;automne 2025;3
ED;2;9186;Programme court de 2e cycle en didactique de l'univers social au primaire et au secondaire;20261;hiver 2026;2
ED;2;9186;Programme court de 2e cycle en didactique de l'univers social au primaire et au secondaire;20262;été 2026;1
ESA;1;9207;Programme court de 1er cycle en finance;20251;hiver 2025;7
ESA;1;9207;Programme court de 1er cycle en finance;20252;été 2025;8
ESA;1;9207;Programme court de 1er cycle en finance;20253;automne 2025;19
ESA;1;9207;Programme court de 1er cycle en finance;20261;hiver 2026;15
ESA;1;9207;Programme court de 1er cycle en finance;20262;été 2026;16
ST;1;9210;Programme court de 1er cycle en fondements du développement de logiciels;20251;hiver 2025;42
ST;1;9210;Programme court de 1er cycle en fondements du développement de logiciels;20252;été 2025;24
ST;1;9210;Programme court de 1er cycle en fondements du développement de logiciels;20253;automne 2025;46
ST;1;9210;Programme court de 1er cycle en fondements du développement de logiciels;20261;hiver 2026;44
ST;1;9210;Programme court de 1er cycle en fondements du développement de logiciels;20262;été 2026;27
ST;1;9224;Programme court de 1er cycle en intelligence artificielle dans les entreprises;20253;automne 2025;14
ST;1;9224;Programme court de 1er cycle en intelligence artificielle dans les entreprises;20261;hiver 2026;89
ST;1;9224;Programme court de 1er cycle en intelligence artificielle dans les entreprises;20262;été 2026;45
ST;3;9316;Stage postdoctoral en sciences de l'environnement;20201;hiver 2020;1
ST;3;9316;Stage postdoctoral en sciences de l'environnement;20202;été 2020;1
ST;3;9316;Stage postdoctoral en sciences de l'environnement;20203;automne 2020;1
ST;3;9316;Stage postdoctoral en sciences de l'environnement;20211;hiver 2021;1
ST;3;9316;Stage postdoctoral en sciences de l'environnement;20212;été 2021;1
ST;3;9316;Stage postdoctoral en sciences de l'environnement;20213;automne 2021;1
ST;3;9316;Stage postdoctoral en sciences de l'environnement;20221;hiver 2022;1
ST;3;9316;Stage postdoctoral en sciences de l'environnement;20223;automne 2022;1
ST;3;9316;Stage postdoctoral en sciences de l'environnement;20231;hiver 2023;1
ST;3;9316;Stage postdoctoral en sciences de l'environnement;20232;été 2023;1
ST;3;9316;Stage postdoctoral en sciences de l'environnement;20233;automne 2023;1
ST;3;9316;Stage postdoctoral en sciences de l'environnement;20241;hiver 2024;2
ST;3;9316;Stage postdoctoral en sciences de l'environnement;20242;été 2024;2
ST;3;9316;Stage postdoctoral en sciences de l'environnement;20243;automne 2024;2
ST;3;9316;Stage postdoctoral en sciences de l'environnement;20251;hiver 2025;1
ST;3;9316;Stage postdoctoral en sciences de l'environnement;20252;été 2025;1
ST;3;9316;Stage postdoctoral en sciences de l'environnement;20253;automne 2025;1
ST;3;9316;Stage postdoctoral en sciences de l'environnement;20261;hiver 2026;1
ST;3;9317;Stage postdoctoral en science et technologie;20203;automne 2020;1
ST;3;9317;Stage postdoctoral en science et technologie;20211;hiver 2021;1
ST;3;9317;Stage postdoctoral en science et technologie;20212;été 2021;1
ST;3;9317;Stage postdoctoral en science et technologie;20213;automne 2021;1
ST;3;9317;Stage postdoctoral en science et technologie;20221;hiver 2022;2
ST;3;9317;Stage postdoctoral en science et technologie;20222;été 2022;3
ST;3;9317;Stage postdoctoral en science et technologie;20223;automne 2022;4
ST;3;9317;Stage postdoctoral en science et technologie;20231;hiver 2023;3
ST;3;9317;Stage postdoctoral en science et technologie;20232;été 2023;3
ST;3;9317;Stage postdoctoral en science et technologie;20233;automne 2023;3
ST;3;9317;Stage postdoctoral en science et technologie;20241;hiver 2024;3
ST;3;9317;Stage postdoctoral en science et technologie;20242;été 2024;2
ST;3;9317;Stage postdoctoral en science et technologie;20243;automne 2024;3
ST;3;9317;Stage postdoctoral en science et technologie;20251;hiver 2025;4
ST;3;9317;Stage postdoctoral en science et technologie;20252;été 2025;5
ST;3;9317;Stage postdoctoral en science et technologie;20253;automne 2025;5
ST;3;9317;Stage postdoctoral en science et technologie;20261;hiver 2026;5
ESA;2;9362;Programme court de 2e cycle en gestion de la transformation numérique;20223;automne 2022;4
ESA;2;9362;Programme court de 2e cycle en gestion de la transformation numérique;20231;hiver 2023;18
ESA;2;9362;Programme court de 2e cycle en gestion de la transformation numérique;20232;été 2023;20
ESA;2;9362;Programme court de 2e cycle en gestion de la transformation numérique;20233;automne 2023;16
ESA;2;9362;Programme court de 2e cycle en gestion de la transformation numérique;20241;hiver 2024;26
ESA;2;9362;Programme court de 2e cycle en gestion de la transformation numérique;20242;été 2024;10
ESA;2;9362;Programme court de 2e cycle en gestion de la transformation numérique;20243;automne 2024;17
ESA;2;9362;Programme court de 2e cycle en gestion de la transformation numérique;20251;hiver 2025;37
ESA;2;9362;Programme court de 2e cycle en gestion de la transformation numérique;20252;été 2025;13
ESA;2;9362;Programme court de 2e cycle en gestion de la transformation numérique;20253;automne 2025;47
ESA;2;9362;Programme court de 2e cycle en gestion de la transformation numérique;20261;hiver 2026;45
ESA;2;9362;Programme court de 2e cycle en gestion de la transformation numérique;20262;été 2026;15
BR;1;9734;Étudiant libre de premier cycle (prescription ordre professionnel);20241;hiver 2024;5
BR;1;9734;Étudiant libre de premier cycle (prescription ordre professionnel);20242;été 2024;4
BR;1;9734;Étudiant libre de premier cycle (prescription ordre professionnel);20243;automne 2024;9
BR;1;9734;Étudiant libre de premier cycle (prescription ordre professionnel);20251;hiver 2025;12
BR;1;9734;Étudiant libre de premier cycle (prescription ordre professionnel);20252;été 2025;17
BR;1;9734;Étudiant libre de premier cycle (prescription ordre professionnel);20253;automne 2025;6
BR;1;9734;Étudiant libre de premier cycle (prescription ordre professionnel);20261;hiver 2026;6
BR;1;9734;Étudiant libre de premier cycle (prescription ordre professionnel);20262;été 2026;1
BR;2;9735;Étudiant libre de deuxième cycle (prescription ordre professionnel);20243;automne 2024;2
BR;2;9735;Étudiant libre de deuxième cycle (prescription ordre professionnel);20251;hiver 2025;1
DET;1;9950;Baccalauréat en perfectionnement des maîtres en mathématiques;19751;hiver 1975;1
DET;1;9950;Baccalauréat en perfectionnement des maîtres en mathématiques;19761;hiver 1976;1155
DET;1;9950;Baccalauréat en perfectionnement des maîtres en mathématiques;19762;été 1976;145
DET;1;9950;Baccalauréat en perfectionnement des maîtres en mathématiques;19763;automne 1976;1187
DET;1;9950;Baccalauréat en perfectionnement des maîtres en mathématiques;19771;hiver 1977;1271
DET;1;9950;Baccalauréat en perfectionnement des maîtres en mathématiques;19772;été 1977;1109
DET;1;9950;Baccalauréat en perfectionnement des maîtres en mathématiques;19773;automne 1977;1030
DET;1;9950;Baccalauréat en perfectionnement des maîtres en mathématiques;19781;hiver 1978;1064
DET;1;9950;Baccalauréat en perfectionnement des maîtres en mathématiques;19782;été 1978;591
DET;1;9950;Baccalauréat en perfectionnement des maîtres en mathématiques;19783;automne 1978;583
DET;1;9950;Baccalauréat en perfectionnement des maîtres en mathématiques;19791;hiver 1979;501
DET;1;9950;Baccalauréat en perfectionnement des maîtres en mathématiques;19792;été 1979;357
DET;1;9950;Baccalauréat en perfectionnement des maîtres en mathématiques;19793;automne 1979;416
DET;1;9950;Baccalauréat en perfectionnement des maîtres en mathématiques;19801;hiver 1980;333
DET;1;9950;Baccalauréat en perfectionnement des maîtres en mathématiques;19802;été 1980;252
DET;1;9950;Baccalauréat en perfectionnement des maîtres en mathématiques;19803;automne 1980;254
DET;1;9950;Baccalauréat en perfectionnement des maîtres en mathématiques;19811;hiver 1981;203
DET;1;9950;Baccalauréat en perfectionnement des maîtres en mathématiques;19812;été 1981;114
DET;1;9950;Baccalauréat en perfectionnement des maîtres en mathématiques;19813;automne 1981;126
DET;1;9950;Baccalauréat en perfectionnement des maîtres en mathématiques;19821;hiver 1982;98
DET;1;9950;Baccalauréat en perfectionnement des maîtres en mathématiques;19822;été 1982;96
DET;1;9950;Baccalauréat en perfectionnement des maîtres en mathématiques;19823;automne 1982;46
DET;1;9950;Baccalauréat en perfectionnement des maîtres en mathématiques;19831;hiver 1983;38
DET;1;9950;Baccalauréat en perfectionnement des maîtres en mathématiques;19832;été 1983;22
DET;1;9953;Certificat en perfectionnement des maîtres en mathématiques;19761;hiver 1976;67
DET;1;9953;Certificat en perfectionnement des maîtres en mathématiques;19762;été 1976;5
DET;1;9953;Certificat en perfectionnement des maîtres en mathématiques;19763;automne 1976;191
DET;1;9953;Certificat en perfectionnement des maîtres en mathématiques;19771;hiver 1977;225
DET;1;9953;Certificat en perfectionnement des maîtres en mathématiques;19772;été 1977;192
DET;1;9953;Certificat en perfectionnement des maîtres en mathématiques;19773;automne 1977;191
DET;1;9953;Certificat en perfectionnement des maîtres en mathématiques;19781;hiver 1978;202
DET;1;9953;Certificat en perfectionnement des maîtres en mathématiques;19782;été 1978;131
DET;1;9953;Certificat en perfectionnement des maîtres en mathématiques;19783;automne 1978;110
DET;1;9953;Certificat en perfectionnement des maîtres en mathématiques;19791;hiver 1979;49
DET;1;9953;Certificat en perfectionnement des maîtres en mathématiques;19792;été 1979;20
DET;1;9953;Certificat en perfectionnement des maîtres en mathématiques;19793;automne 1979;18
DET;1;9953;Certificat en perfectionnement des maîtres en mathématiques;19801;hiver 1980;16
DET;1;9953;Certificat en perfectionnement des maîtres en mathématiques;19802;été 1980;12
DET;1;9953;Certificat en perfectionnement des maîtres en mathématiques;19803;automne 1980;8
DET;1;9953;Certificat en perfectionnement des maîtres en mathématiques;19811;hiver 1981;5
DET;1;9953;Certificat en perfectionnement des maîtres en mathématiques;19812;été 1981;2
DET;1;9953;Certificat en perfectionnement des maîtres en mathématiques;19813;automne 1981;6
DET;1;9953;Certificat en perfectionnement des maîtres en mathématiques;19821;hiver 1982;1
DET;1;9953;Certificat en perfectionnement des maîtres en mathématiques;19822;été 1982;5
DET;1;9953;Certificat en perfectionnement des maîtres en mathématiques;19823;automne 1982;12
DET;1;9953;Certificat en perfectionnement des maîtres en mathématiques;19831;hiver 1983;5
DET;1;9953;Certificat en perfectionnement des maîtres en mathématiques;19832;été 1983;7
DET;1;9953;Certificat en perfectionnement des maîtres en mathématiques;19833;automne 1983;1
DET;1;9954;Certificat en perfectionnement des maîtres en francais;19753;automne 1975;103
DET;1;9954;Certificat en perfectionnement des maîtres en francais;19761;hiver 1976;171
DET;1;9954;Certificat en perfectionnement des maîtres en francais;19763;automne 1976;513
DET;1;9954;Certificat en perfectionnement des maîtres en francais;19771;hiver 1977;1184
DET;1;9954;Certificat en perfectionnement des maîtres en francais;19772;été 1977;1
DET;1;9954;Certificat en perfectionnement des maîtres en francais;19773;automne 1977;1131
DET;1;9954;Certificat en perfectionnement des maîtres en francais;19781;hiver 1978;1041
DET;1;9954;Certificat en perfectionnement des maîtres en francais;19783;automne 1978;819
DET;1;9954;Certificat en perfectionnement des maîtres en francais;19791;hiver 1979;538
DET;1;9954;Certificat en perfectionnement des maîtres en francais;19793;automne 1979;2
DET;1;9954;Certificat en perfectionnement des maîtres en francais;19842;été 1984;1
DET;1;9954;Certificat en perfectionnement des maîtres en francais;19843;automne 1984;2
BR;2;9957;Étudiant libre de deuxième cycle (clientèle particulière);20121;hiver 2012;28
BR;2;9957;Étudiant libre de deuxième cycle (clientèle particulière);20123;automne 2012;88
BR;2;9957;Étudiant libre de deuxième cycle (clientèle particulière);20131;hiver 2013;37
BR;2;9957;Étudiant libre de deuxième cycle (clientèle particulière);20133;automne 2013;161
BR;2;9957;Étudiant libre de deuxième cycle (clientèle particulière);20141;hiver 2014;14
BR;2;9957;Étudiant libre de deuxième cycle (clientèle particulière);20142;été 2014;2
BR;2;9957;Étudiant libre de deuxième cycle (clientèle particulière);20143;automne 2014;139
BR;2;9957;Étudiant libre de deuxième cycle (clientèle particulière);20151;hiver 2015;40
BR;2;9957;Étudiant libre de deuxième cycle (clientèle particulière);20161;hiver 2016;1
BR;2;9957;Étudiant libre de deuxième cycle (clientèle particulière);20163;automne 2016;12
BR;2;9957;Étudiant libre de deuxième cycle (clientèle particulière);20171;hiver 2017;8
BR;2;9957;Étudiant libre de deuxième cycle (clientèle particulière);20181;hiver 2018;4
BR;2;9957;Étudiant libre de deuxième cycle (clientèle particulière);20182;été 2018;14
BR;2;9957;Étudiant libre de deuxième cycle (clientèle particulière);20183;automne 2018;8
BR;2;9957;Étudiant libre de deuxième cycle (clientèle particulière);20191;hiver 2019;14
BR;2;9957;Étudiant libre de deuxième cycle (clientèle particulière);20192;été 2019;5
BR;2;9957;Étudiant libre de deuxième cycle (clientèle particulière);20193;automne 2019;18
BR;2;9957;Étudiant libre de deuxième cycle (clientèle particulière);20201;hiver 2020;55
BR;2;9957;Étudiant libre de deuxième cycle (clientèle particulière);20202;été 2020;2
BR;2;9957;Étudiant libre de deuxième cycle (clientèle particulière);20203;automne 2020;69
BR;2;9957;Étudiant libre de deuxième cycle (clientèle particulière);20211;hiver 2021;26
BR;2;9957;Étudiant libre de deuxième cycle (clientèle particulière);20213;automne 2021;33
BR;2;9957;Étudiant libre de deuxième cycle (clientèle particulière);20221;hiver 2022;5
BR;2;9957;Étudiant libre de deuxième cycle (clientèle particulière);20222;été 2022;4
BR;2;9957;Étudiant libre de deuxième cycle (clientèle particulière);20223;automne 2022;11
BR;2;9957;Étudiant libre de deuxième cycle (clientèle particulière);20233;automne 2023;10
BR;2;9957;Étudiant libre de deuxième cycle (clientèle particulière);20241;hiver 2024;1
BR;2;9957;Étudiant libre de deuxième cycle (clientèle particulière);20243;automne 2024;5
BR;2;9957;Étudiant libre de deuxième cycle (clientèle particulière);20251;hiver 2025;5
BR;2;9957;Étudiant libre de deuxième cycle (clientèle particulière);20253;automne 2025;1
BR;1;9959;Étudiant libre de premier cycle (clientèle particulière);20112;été 2011;1
BR;1;9959;Étudiant libre de premier cycle (clientèle particulière);20113;automne 2011;2
BR;1;9959;Étudiant libre de premier cycle (clientèle particulière);20121;hiver 2012;2
BR;1;9959;Étudiant libre de premier cycle (clientèle particulière);20122;été 2012;4
BR;1;9959;Étudiant libre de premier cycle (clientèle particulière);20123;automne 2012;1
BR;1;9959;Étudiant libre de premier cycle (clientèle particulière);20132;été 2013;2
BR;1;9959;Étudiant libre de premier cycle (clientèle particulière);20143;automne 2014;1
BR;1;9959;Étudiant libre de premier cycle (clientèle particulière);20151;hiver 2015;3
BR;1;9959;Étudiant libre de premier cycle (clientèle particulière);20152;été 2015;2
BR;1;9959;Étudiant libre de premier cycle (clientèle particulière);20153;automne 2015;13
BR;1;9959;Étudiant libre de premier cycle (clientèle particulière);20162;été 2016;4
BR;1;9959;Étudiant libre de premier cycle (clientèle particulière);20163;automne 2016;11
BR;1;9959;Étudiant libre de premier cycle (clientèle particulière);20171;hiver 2017;2
BR;1;9959;Étudiant libre de premier cycle (clientèle particulière);20172;été 2017;2
BR;1;9959;Étudiant libre de premier cycle (clientèle particulière);20173;automne 2017;9
BR;1;9959;Étudiant libre de premier cycle (clientèle particulière);20181;hiver 2018;1
BR;1;9959;Étudiant libre de premier cycle (clientèle particulière);20182;été 2018;3
BR;1;9959;Étudiant libre de premier cycle (clientèle particulière);20191;hiver 2019;2
BR;1;9959;Étudiant libre de premier cycle (clientèle particulière);20192;été 2019;3
BR;1;9959;Étudiant libre de premier cycle (clientèle particulière);20193;automne 2019;7
BR;1;9959;Étudiant libre de premier cycle (clientèle particulière);20201;hiver 2020;3
BR;1;9959;Étudiant libre de premier cycle (clientèle particulière);20202;été 2020;6
BR;1;9959;Étudiant libre de premier cycle (clientèle particulière);20203;automne 2020;3
BR;1;9959;Étudiant libre de premier cycle (clientèle particulière);20211;hiver 2021;3
BR;1;9959;Étudiant libre de premier cycle (clientèle particulière);20212;été 2021;1
BR;1;9959;Étudiant libre de premier cycle (clientèle particulière);20213;automne 2021;1
BR;1;9959;Étudiant libre de premier cycle (clientèle particulière);20221;hiver 2022;3
BR;1;9959;Étudiant libre de premier cycle (clientèle particulière);20222;été 2022;2
BR;1;9959;Étudiant libre de premier cycle (clientèle particulière);20223;automne 2022;3
BR;1;9959;Étudiant libre de premier cycle (clientèle particulière);20231;hiver 2023;12
BR;1;9959;Étudiant libre de premier cycle (clientèle particulière);20232;été 2023;5
BR;1;9959;Étudiant libre de premier cycle (clientèle particulière);20233;automne 2023;3
BR;1;9959;Étudiant libre de premier cycle (clientèle particulière);20241;hiver 2024;1
BR;1;9959;Étudiant libre de premier cycle (clientèle particulière);20251;hiver 2025;7
BR;1;9959;Étudiant libre de premier cycle (clientèle particulière);20252;été 2025;2
BR;1;9959;Étudiant libre de premier cycle (clientèle particulière);20253;automne 2025;4
BR;1;9959;Étudiant libre de premier cycle (clientèle particulière);20261;hiver 2026;3
BR;1;9959;Étudiant libre de premier cycle (clientèle particulière);20262;été 2026;7
BR;1;9961;Étudiant par entente inter-universitaire;19753;automne 1975;2
BR;1;9961;Étudiant par entente inter-universitaire;19761;hiver 1976;1
BR;1;9961;Étudiant par entente inter-universitaire;19771;hiver 1977;1
BR;1;9961;Étudiant par entente inter-universitaire;19773;automne 1977;5
BR;1;9961;Étudiant par entente inter-universitaire;19781;hiver 1978;4
BR;1;9961;Étudiant par entente inter-universitaire;19783;automne 1978;9
BR;1;9961;Étudiant par entente inter-universitaire;19791;hiver 1979;6
BR;1;9961;Étudiant par entente inter-universitaire;19792;été 1979;2
BR;1;9961;Étudiant par entente inter-universitaire;19801;hiver 1980;5
BR;1;9961;Étudiant par entente inter-universitaire;19803;automne 1980;2
BR;1;9961;Étudiant par entente inter-universitaire;19811;hiver 1981;2
BR;1;9961;Étudiant par entente inter-universitaire;19812;été 1981;2
BR;1;9961;Étudiant par entente inter-universitaire;19813;automne 1981;5
BR;1;9961;Étudiant par entente inter-universitaire;19821;hiver 1982;1
BR;1;9961;Étudiant par entente inter-universitaire;19832;été 1983;2
BR;1;9961;Étudiant par entente inter-universitaire;19843;automne 1984;2
BR;1;9961;Étudiant par entente inter-universitaire;19851;hiver 1985;2
BR;1;9961;Étudiant par entente inter-universitaire;19861;hiver 1986;2
BR;1;9961;Étudiant par entente inter-universitaire;19862;été 1986;5
BR;2;9985;Étudiant libre visiteur de deuxième cycle;19921;hiver 1992;1
BR;2;9985;Étudiant libre visiteur de deuxième cycle;19923;automne 1992;1
BR;2;9985;Étudiant libre visiteur de deuxième cycle;19931;hiver 1993;1
BR;2;9985;Étudiant libre visiteur de deuxième cycle;19933;automne 1993;1
BR;2;9985;Étudiant libre visiteur de deuxième cycle;19942;été 1994;1
BR;2;9985;Étudiant libre visiteur de deuxième cycle;19943;automne 1994;2
BR;2;9985;Étudiant libre visiteur de deuxième cycle;19951;hiver 1995;4
BR;2;9985;Étudiant libre visiteur de deuxième cycle;19952;été 1995;2
BR;2;9985;Étudiant libre visiteur de deuxième cycle;19953;automne 1995;5
BR;2;9985;Étudiant libre visiteur de deuxième cycle;19961;hiver 1996;1
BR;2;9985;Étudiant libre visiteur de deuxième cycle;19963;automne 1996;4
BR;2;9985;Étudiant libre visiteur de deuxième cycle;19971;hiver 1997;5
BR;2;9985;Étudiant libre visiteur de deuxième cycle;19972;été 1997;1
BR;2;9985;Étudiant libre visiteur de deuxième cycle;19973;automne 1997;2
BR;2;9985;Étudiant libre visiteur de deuxième cycle;19981;hiver 1998;3
BR;2;9985;Étudiant libre visiteur de deuxième cycle;19982;été 1998;14
BR;2;9985;Étudiant libre visiteur de deuxième cycle;19983;automne 1998;5
BR;2;9985;Étudiant libre visiteur de deuxième cycle;19991;hiver 1999;8
BR;2;9985;Étudiant libre visiteur de deuxième cycle;19992;été 1999;24
BR;2;9985;Étudiant libre visiteur de deuxième cycle;19993;automne 1999;25
BR;2;9985;Étudiant libre visiteur de deuxième cycle;20001;hiver 2000;52
BR;2;9985;Étudiant libre visiteur de deuxième cycle;20002;été 2000;22
BR;2;9985;Étudiant libre visiteur de deuxième cycle;20003;automne 2000;62
BR;2;9985;Étudiant libre visiteur de deuxième cycle;20011;hiver 2001;61
BR;2;9985;Étudiant libre visiteur de deuxième cycle;20012;été 2001;92
BR;2;9985;Étudiant libre visiteur de deuxième cycle;20013;automne 2001;93
BR;2;9985;Étudiant libre visiteur de deuxième cycle;20021;hiver 2002;97
BR;2;9985;Étudiant libre visiteur de deuxième cycle;20022;été 2002;137
BR;2;9985;Étudiant libre visiteur de deuxième cycle;20023;automne 2002;98
BR;2;9985;Étudiant libre visiteur de deuxième cycle;20031;hiver 2003;83
BR;2;9985;Étudiant libre visiteur de deuxième cycle;20032;été 2003;89
BR;2;9985;Étudiant libre visiteur de deuxième cycle;20033;automne 2003;69
BR;2;9985;Étudiant libre visiteur de deuxième cycle;20041;hiver 2004;90
BR;2;9985;Étudiant libre visiteur de deuxième cycle;20042;été 2004;110
BR;2;9985;Étudiant libre visiteur de deuxième cycle;20043;automne 2004;109
BR;2;9985;Étudiant libre visiteur de deuxième cycle;20051;hiver 2005;78
BR;2;9985;Étudiant libre visiteur de deuxième cycle;20052;été 2005;81
BR;2;9985;Étudiant libre visiteur de deuxième cycle;20053;automne 2005;71
BR;2;9985;Étudiant libre visiteur de deuxième cycle;20061;hiver 2006;79
BR;2;9985;Étudiant libre visiteur de deuxième cycle;20062;été 2006;73
BR;2;9985;Étudiant libre visiteur de deuxième cycle;20063;automne 2006;91
BR;2;9985;Étudiant libre visiteur de deuxième cycle;20071;hiver 2007;73
BR;2;9985;Étudiant libre visiteur de deuxième cycle;20072;été 2007;103
BR;2;9985;Étudiant libre visiteur de deuxième cycle;20073;automne 2007;81
BR;2;9985;Étudiant libre visiteur de deuxième cycle;20081;hiver 2008;55
BR;2;9985;Étudiant libre visiteur de deuxième cycle;20082;été 2008;85
BR;2;9985;Étudiant libre visiteur de deuxième cycle;20083;automne 2008;80
BR;2;9985;Étudiant libre visiteur de deuxième cycle;20091;hiver 2009;72
BR;2;9985;Étudiant libre visiteur de deuxième cycle;20092;été 2009;171
BR;2;9985;Étudiant libre visiteur de deuxième cycle;20093;automne 2009;93
BR;2;9985;Étudiant libre visiteur de deuxième cycle;20101;hiver 2010;96
BR;2;9985;Étudiant libre visiteur de deuxième cycle;20102;été 2010;203
BR;2;9985;Étudiant libre visiteur de deuxième cycle;20103;automne 2010;88
BR;2;9985;Étudiant libre visiteur de deuxième cycle;20111;hiver 2011;114
BR;2;9985;Étudiant libre visiteur de deuxième cycle;20112;été 2011;117
BR;2;9985;Étudiant libre visiteur de deuxième cycle;20113;automne 2011;88
BR;2;9985;Étudiant libre visiteur de deuxième cycle;20121;hiver 2012;101
BR;2;9985;Étudiant libre visiteur de deuxième cycle;20122;été 2012;231
BR;2;9985;Étudiant libre visiteur de deuxième cycle;20123;automne 2012;111
BR;2;9985;Étudiant libre visiteur de deuxième cycle;20131;hiver 2013;114
BR;2;9985;Étudiant libre visiteur de deuxième cycle;20132;été 2013;241
BR;2;9985;Étudiant libre visiteur de deuxième cycle;20133;automne 2013;95
BR;2;9985;Étudiant libre visiteur de deuxième cycle;20141;hiver 2014;137
BR;2;9985;Étudiant libre visiteur de deuxième cycle;20142;été 2014;297
BR;2;9985;Étudiant libre visiteur de deuxième cycle;20143;automne 2014;131
BR;2;9985;Étudiant libre visiteur de deuxième cycle;20151;hiver 2015;112
BR;2;9985;Étudiant libre visiteur de deuxième cycle;20152;été 2015;250
BR;2;9985;Étudiant libre visiteur de deuxième cycle;20153;automne 2015;107
BR;2;9985;Étudiant libre visiteur de deuxième cycle;20161;hiver 2016;139
BR;2;9985;Étudiant libre visiteur de deuxième cycle;20162;été 2016;192
BR;2;9985;Étudiant libre visiteur de deuxième cycle;20163;automne 2016;108
BR;2;9985;Étudiant libre visiteur de deuxième cycle;20171;hiver 2017;142
BR;2;9985;Étudiant libre visiteur de deuxième cycle;20172;été 2017;202
BR;2;9985;Étudiant libre visiteur de deuxième cycle;20173;automne 2017;128
BR;2;9985;Étudiant libre visiteur de deuxième cycle;20181;hiver 2018;170
BR;2;9985;Étudiant libre visiteur de deuxième cycle;20182;été 2018;180
BR;2;9985;Étudiant libre visiteur de deuxième cycle;20183;automne 2018;122
BR;2;9985;Étudiant libre visiteur de deuxième cycle;20191;hiver 2019;129
BR;2;9985;Étudiant libre visiteur de deuxième cycle;20192;été 2019;156
BR;2;9985;Étudiant libre visiteur de deuxième cycle;20193;automne 2019;97
BR;2;9985;Étudiant libre visiteur de deuxième cycle;20201;hiver 2020;85
BR;2;9985;Étudiant libre visiteur de deuxième cycle;20202;été 2020;170
BR;2;9985;Étudiant libre visiteur de deuxième cycle;20203;automne 2020;36
BR;2;9985;Étudiant libre visiteur de deuxième cycle;20211;hiver 2021;63
BR;2;9985;Étudiant libre visiteur de deuxième cycle;20212;été 2021;129
BR;2;9985;Étudiant libre visiteur de deuxième cycle;20213;automne 2021;50
BR;2;9985;Étudiant libre visiteur de deuxième cycle;20221;hiver 2022;74
BR;2;9985;Étudiant libre visiteur de deuxième cycle;20222;été 2022;117
BR;2;9985;Étudiant libre visiteur de deuxième cycle;20223;automne 2022;100
BR;2;9985;Étudiant libre visiteur de deuxième cycle;20231;hiver 2023;95
BR;2;9985;Étudiant libre visiteur de deuxième cycle;20232;été 2023;118
BR;2;9985;Étudiant libre visiteur de deuxième cycle;20233;automne 2023;80
BR;2;9985;Étudiant libre visiteur de deuxième cycle;20241;hiver 2024;94
BR;2;9985;Étudiant libre visiteur de deuxième cycle;20242;été 2024;98
BR;2;9985;Étudiant libre visiteur de deuxième cycle;20243;automne 2024;70
BR;2;9985;Étudiant libre visiteur de deuxième cycle;20251;hiver 2025;90
BR;2;9985;Étudiant libre visiteur de deuxième cycle;20252;été 2025;117
BR;2;9985;Étudiant libre visiteur de deuxième cycle;20253;automne 2025;142
BR;2;9985;Étudiant libre visiteur de deuxième cycle;20261;hiver 2026;125
BR;2;9985;Étudiant libre visiteur de deuxième cycle;20262;été 2026;147
BR;2;9985P;Étudiant libre visiteur de deuxième cycle (lettre de permission);20172;été 2017;1
BR;2;9985P;Étudiant libre visiteur de deuxième cycle (lettre de permission);20173;automne 2017;2
BR;2;9985P;Étudiant libre visiteur de deuxième cycle (lettre de permission);20182;été 2018;8
BR;2;9985P;Étudiant libre visiteur de deuxième cycle (lettre de permission);20183;automne 2018;1
BR;2;9985P;Étudiant libre visiteur de deuxième cycle (lettre de permission);20191;hiver 2019;2
BR;2;9985P;Étudiant libre visiteur de deuxième cycle (lettre de permission);20192;été 2019;2
BR;2;9985P;Étudiant libre visiteur de deuxième cycle (lettre de permission);20193;automne 2019;3
BR;2;9985P;Étudiant libre visiteur de deuxième cycle (lettre de permission);20201;hiver 2020;1
BR;2;9985P;Étudiant libre visiteur de deuxième cycle (lettre de permission);20202;été 2020;1
BR;2;9985P;Étudiant libre visiteur de deuxième cycle (lettre de permission);20212;été 2021;1
BR;2;9985P;Étudiant libre visiteur de deuxième cycle (lettre de permission);20232;été 2023;2
BR;2;9985P;Étudiant libre visiteur de deuxième cycle (lettre de permission);20241;hiver 2024;2
BR;2;9985P;Étudiant libre visiteur de deuxième cycle (lettre de permission);20243;automne 2024;1
BR;2;9985P;Étudiant libre visiteur de deuxième cycle (lettre de permission);20251;hiver 2025;1
BR;2;9985P;Étudiant libre visiteur de deuxième cycle (lettre de permission);20252;été 2025;4
BR;2;9985P;Étudiant libre visiteur de deuxième cycle (lettre de permission);20262;été 2026;2
BR;3;9986;Étudiant libre visiteur de troisième cycle;20021;hiver 2002;5
BR;3;9986;Étudiant libre visiteur de troisième cycle;20022;été 2002;40
BR;3;9986;Étudiant libre visiteur de troisième cycle;20023;automne 2002;2
BR;3;9986;Étudiant libre visiteur de troisième cycle;20032;été 2003;46
BR;3;9986;Étudiant libre visiteur de troisième cycle;20033;automne 2003;3
BR;3;9986;Étudiant libre visiteur de troisième cycle;20041;hiver 2004;4
BR;3;9986;Étudiant libre visiteur de troisième cycle;20042;été 2004;13
BR;3;9986;Étudiant libre visiteur de troisième cycle;20043;automne 2004;3
BR;3;9986;Étudiant libre visiteur de troisième cycle;20051;hiver 2005;5
BR;3;9986;Étudiant libre visiteur de troisième cycle;20052;été 2005;3
BR;3;9986;Étudiant libre visiteur de troisième cycle;20053;automne 2005;3
BR;3;9986;Étudiant libre visiteur de troisième cycle;20062;été 2006;9
BR;3;9986;Étudiant libre visiteur de troisième cycle;20063;automne 2006;2
BR;3;9986;Étudiant libre visiteur de troisième cycle;20071;hiver 2007;4
BR;3;9986;Étudiant libre visiteur de troisième cycle;20072;été 2007;18
BR;3;9986;Étudiant libre visiteur de troisième cycle;20073;automne 2007;5
BR;3;9986;Étudiant libre visiteur de troisième cycle;20081;hiver 2008;2
BR;3;9986;Étudiant libre visiteur de troisième cycle;20082;été 2008;13
BR;3;9986;Étudiant libre visiteur de troisième cycle;20083;automne 2008;1
BR;3;9986;Étudiant libre visiteur de troisième cycle;20091;hiver 2009;11
BR;3;9986;Étudiant libre visiteur de troisième cycle;20092;été 2009;14
BR;3;9986;Étudiant libre visiteur de troisième cycle;20093;automne 2009;7
BR;3;9986;Étudiant libre visiteur de troisième cycle;20101;hiver 2010;9
BR;3;9986;Étudiant libre visiteur de troisième cycle;20102;été 2010;3
BR;3;9986;Étudiant libre visiteur de troisième cycle;20103;automne 2010;5
BR;3;9986;Étudiant libre visiteur de troisième cycle;20111;hiver 2011;4
BR;3;9986;Étudiant libre visiteur de troisième cycle;20112;été 2011;4
BR;3;9986;Étudiant libre visiteur de troisième cycle;20113;automne 2011;1
BR;3;9986;Étudiant libre visiteur de troisième cycle;20121;hiver 2012;2
BR;3;9986;Étudiant libre visiteur de troisième cycle;20122;été 2012;6
BR;3;9986;Étudiant libre visiteur de troisième cycle;20123;automne 2012;3
BR;3;9986;Étudiant libre visiteur de troisième cycle;20131;hiver 2013;4
BR;3;9986;Étudiant libre visiteur de troisième cycle;20132;été 2013;4
BR;3;9986;Étudiant libre visiteur de troisième cycle;20141;hiver 2014;4
BR;3;9986;Étudiant libre visiteur de troisième cycle;20142;été 2014;2
BR;3;9986;Étudiant libre visiteur de troisième cycle;20143;automne 2014;5
BR;3;9986;Étudiant libre visiteur de troisième cycle;20151;hiver 2015;2
BR;3;9986;Étudiant libre visiteur de troisième cycle;20152;été 2015;6
BR;3;9986;Étudiant libre visiteur de troisième cycle;20153;automne 2015;1
BR;3;9986;Étudiant libre visiteur de troisième cycle;20161;hiver 2016;6
BR;3;9986;Étudiant libre visiteur de troisième cycle;20162;été 2016;3
BR;3;9986;Étudiant libre visiteur de troisième cycle;20163;automne 2016;4
BR;3;9986;Étudiant libre visiteur de troisième cycle;20171;hiver 2017;4
BR;3;9986;Étudiant libre visiteur de troisième cycle;20172;été 2017;3
BR;3;9986;Étudiant libre visiteur de troisième cycle;20173;automne 2017;3
BR;3;9986;Étudiant libre visiteur de troisième cycle;20181;hiver 2018;7
BR;3;9986;Étudiant libre visiteur de troisième cycle;20182;été 2018;3
BR;3;9986;Étudiant libre visiteur de troisième cycle;20183;automne 2018;2
BR;3;9986;Étudiant libre visiteur de troisième cycle;20191;hiver 2019;2
BR;3;9986;Étudiant libre visiteur de troisième cycle;20192;été 2019;1
BR;3;9986;Étudiant libre visiteur de troisième cycle;20193;automne 2019;12
BR;3;9986;Étudiant libre visiteur de troisième cycle;20201;hiver 2020;4
BR;3;9986;Étudiant libre visiteur de troisième cycle;20232;été 2023;5
BR;3;9986;Étudiant libre visiteur de troisième cycle;20233;automne 2023;4
BR;3;9986;Étudiant libre visiteur de troisième cycle;20241;hiver 2024;1
BR;3;9986;Étudiant libre visiteur de troisième cycle;20242;été 2024;1
BR;3;9986;Étudiant libre visiteur de troisième cycle;20243;automne 2024;6
BR;3;9986;Étudiant libre visiteur de troisième cycle;20251;hiver 2025;3
BR;3;9986;Étudiant libre visiteur de troisième cycle;20252;été 2025;2
BR;3;9986;Étudiant libre visiteur de troisième cycle;20253;automne 2025;3
BR;3;9986;Étudiant libre visiteur de troisième cycle;20261;hiver 2026;4
BR;3;9986;Étudiant libre visiteur de troisième cycle;20262;été 2026;2
BR;3;9986P;Étudiant libre visiteur de troisième cycle (lettre de permission);20261;hiver 2026;2
BR;1;9988;Étudiant libre visiteur de premier cycle;19741;hiver 1974;2
BR;1;9988;Étudiant libre visiteur de premier cycle;19753;automne 1975;14
BR;1;9988;Étudiant libre visiteur de premier cycle;19761;hiver 1976;24
BR;1;9988;Étudiant libre visiteur de premier cycle;19762;été 1976;2
BR;1;9988;Étudiant libre visiteur de premier cycle;19763;automne 1976;46
BR;1;9988;Étudiant libre visiteur de premier cycle;19771;hiver 1977;46
BR;1;9988;Étudiant libre visiteur de premier cycle;19772;été 1977;4
BR;1;9988;Étudiant libre visiteur de premier cycle;19773;automne 1977;23
BR;1;9988;Étudiant libre visiteur de premier cycle;19781;hiver 1978;19
BR;1;9988;Étudiant libre visiteur de premier cycle;19782;été 1978;7
BR;1;9988;Étudiant libre visiteur de premier cycle;19783;automne 1978;15
BR;1;9988;Étudiant libre visiteur de premier cycle;19791;hiver 1979;30
BR;1;9988;Étudiant libre visiteur de premier cycle;19792;été 1979;16
BR;1;9988;Étudiant libre visiteur de premier cycle;19793;automne 1979;41
BR;1;9988;Étudiant libre visiteur de premier cycle;19801;hiver 1980;45
BR;1;9988;Étudiant libre visiteur de premier cycle;19802;été 1980;32
BR;1;9988;Étudiant libre visiteur de premier cycle;19803;automne 1980;40
BR;1;9988;Étudiant libre visiteur de premier cycle;19811;hiver 1981;35
BR;1;9988;Étudiant libre visiteur de premier cycle;19812;été 1981;39
BR;1;9988;Étudiant libre visiteur de premier cycle;19813;automne 1981;32
BR;1;9988;Étudiant libre visiteur de premier cycle;19821;hiver 1982;39
BR;1;9988;Étudiant libre visiteur de premier cycle;19822;été 1982;60
BR;1;9988;Étudiant libre visiteur de premier cycle;19823;automne 1982;58
BR;1;9988;Étudiant libre visiteur de premier cycle;19831;hiver 1983;84
BR;1;9988;Étudiant libre visiteur de premier cycle;19832;été 1983;98
BR;1;9988;Étudiant libre visiteur de premier cycle;19833;automne 1983;68
BR;1;9988;Étudiant libre visiteur de premier cycle;19841;hiver 1984;76
BR;1;9988;Étudiant libre visiteur de premier cycle;19842;été 1984;373
BR;1;9988;Étudiant libre visiteur de premier cycle;19843;automne 1984;187
BR;1;9988;Étudiant libre visiteur de premier cycle;19851;hiver 1985;434
BR;1;9988;Étudiant libre visiteur de premier cycle;19852;été 1985;472
BR;1;9988;Étudiant libre visiteur de premier cycle;19853;automne 1985;196
BR;1;9988;Étudiant libre visiteur de premier cycle;19861;hiver 1986;349
BR;1;9988;Étudiant libre visiteur de premier cycle;19862;été 1986;445
BR;1;9988;Étudiant libre visiteur de premier cycle;19863;automne 1986;135
BR;1;9988;Étudiant libre visiteur de premier cycle;19871;hiver 1987;260
BR;1;9988;Étudiant libre visiteur de premier cycle;19872;été 1987;468
BR;1;9988;Étudiant libre visiteur de premier cycle;19873;automne 1987;177
BR;1;9988;Étudiant libre visiteur de premier cycle;19881;hiver 1988;276
BR;1;9988;Étudiant libre visiteur de premier cycle;19882;été 1988;484
BR;1;9988;Étudiant libre visiteur de premier cycle;19883;automne 1988;223
BR;1;9988;Étudiant libre visiteur de premier cycle;19891;hiver 1989;331
BR;1;9988;Étudiant libre visiteur de premier cycle;19892;été 1989;695
BR;1;9988;Étudiant libre visiteur de premier cycle;19893;automne 1989;378
BR;1;9988;Étudiant libre visiteur de premier cycle;19901;hiver 1990;525
BR;1;9988;Étudiant libre visiteur de premier cycle;19902;été 1990;900
BR;1;9988;Étudiant libre visiteur de premier cycle;19903;automne 1990;308
BR;1;9988;Étudiant libre visiteur de premier cycle;19911;hiver 1991;432
BR;1;9988;Étudiant libre visiteur de premier cycle;19912;été 1991;790
BR;1;9988;Étudiant libre visiteur de premier cycle;19913;automne 1991;388
BR;1;9988;Étudiant libre visiteur de premier cycle;19921;hiver 1992;593
BR;1;9988;Étudiant libre visiteur de premier cycle;19922;été 1992;1193
BR;1;9988;Étudiant libre visiteur de premier cycle;19923;automne 1992;497
BR;1;9988;Étudiant libre visiteur de premier cycle;19931;hiver 1993;738
BR;1;9988;Étudiant libre visiteur de premier cycle;19932;été 1993;1528
BR;1;9988;Étudiant libre visiteur de premier cycle;19933;automne 1993;557
BR;1;9988;Étudiant libre visiteur de premier cycle;19941;hiver 1994;854
BR;1;9988;Étudiant libre visiteur de premier cycle;19942;été 1994;1765
BR;1;9988;Étudiant libre visiteur de premier cycle;19943;automne 1994;653
BR;1;9988;Étudiant libre visiteur de premier cycle;19951;hiver 1995;1316
BR;1;9988;Étudiant libre visiteur de premier cycle;19952;été 1995;2481
BR;1;9988;Étudiant libre visiteur de premier cycle;19953;automne 1995;1022
BR;1;9988;Étudiant libre visiteur de premier cycle;19961;hiver 1996;1520
BR;1;9988;Étudiant libre visiteur de premier cycle;19962;été 1996;2610
BR;1;9988;Étudiant libre visiteur de premier cycle;19963;automne 1996;1287
BR;1;9988;Étudiant libre visiteur de premier cycle;19971;hiver 1997;1796
BR;1;9988;Étudiant libre visiteur de premier cycle;19972;été 1997;2828
BR;1;9988;Étudiant libre visiteur de premier cycle;19973;automne 1997;1605
BR;1;9988;Étudiant libre visiteur de premier cycle;19981;hiver 1998;1827
BR;1;9988;Étudiant libre visiteur de premier cycle;19982;été 1998;2749
BR;1;9988;Étudiant libre visiteur de premier cycle;19983;automne 1998;1698
BR;1;9988;Étudiant libre visiteur de premier cycle;19991;hiver 1999;2266
BR;1;9988;Étudiant libre visiteur de premier cycle;19992;été 1999;2313
BR;1;9988;Étudiant libre visiteur de premier cycle;19993;automne 1999;1924
BR;1;9988;Étudiant libre visiteur de premier cycle;20001;hiver 2000;2131
BR;1;9988;Étudiant libre visiteur de premier cycle;20002;été 2000;2454
BR;1;9988;Étudiant libre visiteur de premier cycle;20003;automne 2000;1857
BR;1;9988;Étudiant libre visiteur de premier cycle;20011;hiver 2001;1959
BR;1;9988;Étudiant libre visiteur de premier cycle;20012;été 2001;2252
BR;1;9988;Étudiant libre visiteur de premier cycle;20013;automne 2001;1933
BR;1;9988;Étudiant libre visiteur de premier cycle;20021;hiver 2002;2035
BR;1;9988;Étudiant libre visiteur de premier cycle;20022;été 2002;2350
BR;1;9988;Étudiant libre visiteur de premier cycle;20023;automne 2002;1768
BR;1;9988;Étudiant libre visiteur de premier cycle;20031;hiver 2003;1929
BR;1;9988;Étudiant libre visiteur de premier cycle;20032;été 2003;2289
BR;1;9988;Étudiant libre visiteur de premier cycle;20033;automne 2003;1703
BR;1;9988;Étudiant libre visiteur de premier cycle;20041;hiver 2004;1864
BR;1;9988;Étudiant libre visiteur de premier cycle;20042;été 2004;2282
BR;1;9988;Étudiant libre visiteur de premier cycle;20043;automne 2004;1606
BR;1;9988;Étudiant libre visiteur de premier cycle;20051;hiver 2005;1916
BR;1;9988;Étudiant libre visiteur de premier cycle;20052;été 2005;2320
BR;1;9988;Étudiant libre visiteur de premier cycle;20053;automne 2005;1708
BR;1;9988;Étudiant libre visiteur de premier cycle;20061;hiver 2006;2002
BR;1;9988;Étudiant libre visiteur de premier cycle;20062;été 2006;2806
BR;1;9988;Étudiant libre visiteur de premier cycle;20063;automne 2006;2047
BR;1;9988;Étudiant libre visiteur de premier cycle;20071;hiver 2007;2397
BR;1;9988;Étudiant libre visiteur de premier cycle;20072;été 2007;3371
BR;1;9988;Étudiant libre visiteur de premier cycle;20073;automne 2007;2300
BR;1;9988;Étudiant libre visiteur de premier cycle;20081;hiver 2008;1201
BR;1;9988;Étudiant libre visiteur de premier cycle;20082;été 2008;2940
BR;1;9988;Étudiant libre visiteur de premier cycle;20083;automne 2008;2028
BR;1;9988;Étudiant libre visiteur de premier cycle;20091;hiver 2009;2188
BR;1;9988;Étudiant libre visiteur de premier cycle;20092;été 2009;2634
BR;1;9988;Étudiant libre visiteur de premier cycle;20093;automne 2009;1767
BR;1;9988;Étudiant libre visiteur de premier cycle;20101;hiver 2010;2209
BR;1;9988;Étudiant libre visiteur de premier cycle;20102;été 2010;2556
BR;1;9988;Étudiant libre visiteur de premier cycle;20103;automne 2010;1847
BR;1;9988;Étudiant libre visiteur de premier cycle;20111;hiver 2011;2161
BR;1;9988;Étudiant libre visiteur de premier cycle;20112;été 2011;2496
BR;1;9988;Étudiant libre visiteur de premier cycle;20113;automne 2011;1729
BR;1;9988;Étudiant libre visiteur de premier cycle;20121;hiver 2012;2098
BR;1;9988;Étudiant libre visiteur de premier cycle;20122;été 2012;3313
BR;1;9988;Étudiant libre visiteur de premier cycle;20123;automne 2012;1781
BR;1;9988;Étudiant libre visiteur de premier cycle;20131;hiver 2013;2136
BR;1;9988;Étudiant libre visiteur de premier cycle;20132;été 2013;2947
BR;1;9988;Étudiant libre visiteur de premier cycle;20133;automne 2013;1709
BR;1;9988;Étudiant libre visiteur de premier cycle;20141;hiver 2014;2016
BR;1;9988;Étudiant libre visiteur de premier cycle;20142;été 2014;2634
BR;1;9988;Étudiant libre visiteur de premier cycle;20143;automne 2014;1729
BR;1;9988;Étudiant libre visiteur de premier cycle;20151;hiver 2015;2148
BR;1;9988;Étudiant libre visiteur de premier cycle;20152;été 2015;2523
BR;1;9988;Étudiant libre visiteur de premier cycle;20153;automne 2015;1742
BR;1;9988;Étudiant libre visiteur de premier cycle;20161;hiver 2016;1906
BR;1;9988;Étudiant libre visiteur de premier cycle;20162;été 2016;2289
BR;1;9988;Étudiant libre visiteur de premier cycle;20163;automne 2016;1620
BR;1;9988;Étudiant libre visiteur de premier cycle;20171;hiver 2017;1867
BR;1;9988;Étudiant libre visiteur de premier cycle;20172;été 2017;2089
BR;1;9988;Étudiant libre visiteur de premier cycle;20173;automne 2017;1499
BR;1;9988;Étudiant libre visiteur de premier cycle;20181;hiver 2018;1712
BR;1;9988;Étudiant libre visiteur de premier cycle;20182;été 2018;1887
BR;1;9988;Étudiant libre visiteur de premier cycle;20183;automne 2018;1462
BR;1;9988;Étudiant libre visiteur de premier cycle;20191;hiver 2019;1436
BR;1;9988;Étudiant libre visiteur de premier cycle;20192;été 2019;670
BR;1;9988;Étudiant libre visiteur de premier cycle;20193;automne 2019;1292
BR;1;9988;Étudiant libre visiteur de premier cycle;20201;hiver 2020;1613
BR;1;9988;Étudiant libre visiteur de premier cycle;20202;été 2020;1925
BR;1;9988;Étudiant libre visiteur de premier cycle;20203;automne 2020;722
BR;1;9988;Étudiant libre visiteur de premier cycle;20211;hiver 2021;780
BR;1;9988;Étudiant libre visiteur de premier cycle;20212;été 2021;1183
BR;1;9988;Étudiant libre visiteur de premier cycle;20213;automne 2021;978
BR;1;9988;Étudiant libre visiteur de premier cycle;20221;hiver 2022;1046
BR;1;9988;Étudiant libre visiteur de premier cycle;20222;été 2022;1299
BR;1;9988;Étudiant libre visiteur de premier cycle;20223;automne 2022;888
BR;1;9988;Étudiant libre visiteur de premier cycle;20231;hiver 2023;996
BR;1;9988;Étudiant libre visiteur de premier cycle;20232;été 2023;1208
BR;1;9988;Étudiant libre visiteur de premier cycle;20233;automne 2023;858
BR;1;9988;Étudiant libre visiteur de premier cycle;20241;hiver 2024;894
BR;1;9988;Étudiant libre visiteur de premier cycle;20242;été 2024;1093
BR;1;9988;Étudiant libre visiteur de premier cycle;20243;automne 2024;736
BR;1;9988;Étudiant libre visiteur de premier cycle;20251;hiver 2025;896
BR;1;9988;Étudiant libre visiteur de premier cycle;20252;été 2025;1239
BR;1;9988;Étudiant libre visiteur de premier cycle;20253;automne 2025;822
BR;1;9988;Étudiant libre visiteur de premier cycle;20261;hiver 2026;993
BR;1;9988;Étudiant libre visiteur de premier cycle;20262;été 2026;1203
BR;1;9988A;Étudiant libre visiteur (clientèle particulière);20133;automne 2013;10
BR;1;9988A;Étudiant libre visiteur (clientèle particulière);20141;hiver 2014;6
BR;1;9988A;Étudiant libre visiteur (clientèle particulière);20142;été 2014;41
BR;1;9988A;Étudiant libre visiteur (clientèle particulière);20143;automne 2014;60
BR;1;9988A;Étudiant libre visiteur (clientèle particulière);20151;hiver 2015;47
BR;1;9988A;Étudiant libre visiteur (clientèle particulière);20152;été 2015;39
BR;1;9988A;Étudiant libre visiteur (clientèle particulière);20153;automne 2015;43
BR;1;9988A;Étudiant libre visiteur (clientèle particulière);20161;hiver 2016;25
BR;1;9988A;Étudiant libre visiteur (clientèle particulière);20162;été 2016;24
BR;1;9988A;Étudiant libre visiteur (clientèle particulière);20163;automne 2016;55
BR;1;9988A;Étudiant libre visiteur (clientèle particulière);20171;hiver 2017;28
BR;1;9988A;Étudiant libre visiteur (clientèle particulière);20172;été 2017;31
BR;1;9988A;Étudiant libre visiteur (clientèle particulière);20173;automne 2017;49
BR;1;9988A;Étudiant libre visiteur (clientèle particulière);20181;hiver 2018;17
BR;1;9988A;Étudiant libre visiteur (clientèle particulière);20182;été 2018;36
BR;1;9988A;Étudiant libre visiteur (clientèle particulière);20183;automne 2018;67
BR;1;9988A;Étudiant libre visiteur (clientèle particulière);20191;hiver 2019;37
BR;1;9988A;Étudiant libre visiteur (clientèle particulière);20192;été 2019;36
BR;1;9988A;Étudiant libre visiteur (clientèle particulière);20193;automne 2019;98
BR;1;9988A;Étudiant libre visiteur (clientèle particulière);20201;hiver 2020;46
BR;1;9988A;Étudiant libre visiteur (clientèle particulière);20202;été 2020;57
BR;1;9988A;Étudiant libre visiteur (clientèle particulière);20203;automne 2020;65
BR;1;9988A;Étudiant libre visiteur (clientèle particulière);20211;hiver 2021;41
BR;1;9988A;Étudiant libre visiteur (clientèle particulière);20212;été 2021;89
BR;1;9988A;Étudiant libre visiteur (clientèle particulière);20213;automne 2021;58
BR;1;9988A;Étudiant libre visiteur (clientèle particulière);20221;hiver 2022;38
BR;1;9988A;Étudiant libre visiteur (clientèle particulière);20222;été 2022;71
BR;1;9988A;Étudiant libre visiteur (clientèle particulière);20223;automne 2022;72
BR;1;9988A;Étudiant libre visiteur (clientèle particulière);20231;hiver 2023;26
BR;1;9988A;Étudiant libre visiteur (clientèle particulière);20232;été 2023;37
BR;1;9988A;Étudiant libre visiteur (clientèle particulière);20233;automne 2023;55
BR;1;9988A;Étudiant libre visiteur (clientèle particulière);20241;hiver 2024;27
BR;1;9988A;Étudiant libre visiteur (clientèle particulière);20242;été 2024;52
BR;1;9988A;Étudiant libre visiteur (clientèle particulière);20243;automne 2024;74
BR;1;9988A;Étudiant libre visiteur (clientèle particulière);20251;hiver 2025;27
BR;1;9988A;Étudiant libre visiteur (clientèle particulière);20252;été 2025;55
BR;1;9988A;Étudiant libre visiteur (clientèle particulière);20253;automne 2025;89
BR;1;9988A;Étudiant libre visiteur (clientèle particulière);20261;hiver 2026;60
BR;1;9988A;Étudiant libre visiteur (clientèle particulière);20262;été 2026;50
BR;1;9988P;Étudiant libre visiteur de premier cycle (lettre de permission);20172;été 2017;73
BR;1;9988P;Étudiant libre visiteur de premier cycle (lettre de permission);20173;automne 2017;24
BR;1;9988P;Étudiant libre visiteur de premier cycle (lettre de permission);20181;hiver 2018;41
BR;1;9988P;Étudiant libre visiteur de premier cycle (lettre de permission);20182;été 2018;120
BR;1;9988P;Étudiant libre visiteur de premier cycle (lettre de permission);20183;automne 2018;30
BR;1;9988P;Étudiant libre visiteur de premier cycle (lettre de permission);20191;hiver 2019;33
BR;1;9988P;Étudiant libre visiteur de premier cycle (lettre de permission);20192;été 2019;44
BR;1;9988P;Étudiant libre visiteur de premier cycle (lettre de permission);20193;automne 2019;41
BR;1;9988P;Étudiant libre visiteur de premier cycle (lettre de permission);20201;hiver 2020;41
BR;1;9988P;Étudiant libre visiteur de premier cycle (lettre de permission);20202;été 2020;72
BR;1;9988P;Étudiant libre visiteur de premier cycle (lettre de permission);20203;automne 2020;9
BR;1;9988P;Étudiant libre visiteur de premier cycle (lettre de permission);20211;hiver 2021;8
BR;1;9988P;Étudiant libre visiteur de premier cycle (lettre de permission);20212;été 2021;53
BR;1;9988P;Étudiant libre visiteur de premier cycle (lettre de permission);20213;automne 2021;20
BR;1;9988P;Étudiant libre visiteur de premier cycle (lettre de permission);20221;hiver 2022;38
BR;1;9988P;Étudiant libre visiteur de premier cycle (lettre de permission);20222;été 2022;36
BR;1;9988P;Étudiant libre visiteur de premier cycle (lettre de permission);20223;automne 2022;38
BR;1;9988P;Étudiant libre visiteur de premier cycle (lettre de permission);20231;hiver 2023;46
BR;1;9988P;Étudiant libre visiteur de premier cycle (lettre de permission);20232;été 2023;59
BR;1;9988P;Étudiant libre visiteur de premier cycle (lettre de permission);20233;automne 2023;28
BR;1;9988P;Étudiant libre visiteur de premier cycle (lettre de permission);20241;hiver 2024;41
BR;1;9988P;Étudiant libre visiteur de premier cycle (lettre de permission);20242;été 2024;59
BR;1;9988P;Étudiant libre visiteur de premier cycle (lettre de permission);20243;automne 2024;33
BR;1;9988P;Étudiant libre visiteur de premier cycle (lettre de permission);20251;hiver 2025;50
BR;1;9988P;Étudiant libre visiteur de premier cycle (lettre de permission);20252;été 2025;73
BR;1;9988P;Étudiant libre visiteur de premier cycle (lettre de permission);20253;automne 2025;32
BR;1;9988P;Étudiant libre visiteur de premier cycle (lettre de permission);20261;hiver 2026;46
BR;1;9988P;Étudiant libre visiteur de premier cycle (lettre de permission);20262;été 2026;41
CFM;0;9990;Services à la collectivité-périuniversitaire;19881;hiver 1988;1
CFM;0;9990;Services à la collectivité-périuniversitaire;19903;automne 1990;76
CFM;0;9990;Services à la collectivité-périuniversitaire;19911;hiver 1991;45
CFM;0;9990;Services à la collectivité-périuniversitaire;19912;été 1991;37
CFM;0;9990;Services à la collectivité-périuniversitaire;19913;automne 1991;88
CFM;0;9990;Services à la collectivité-périuniversitaire;19921;hiver 1992;46
CFM;0;9990;Services à la collectivité-périuniversitaire;19922;été 1992;22
CFM;0;9990;Services à la collectivité-périuniversitaire;19923;automne 1992;95
CFM;0;9990;Services à la collectivité-périuniversitaire;19931;hiver 1993;69
CFM;0;9990;Services à la collectivité-périuniversitaire;19932;été 1993;62
CFM;0;9990;Services à la collectivité-périuniversitaire;19933;automne 1993;97
CFM;0;9990;Services à la collectivité-périuniversitaire;19941;hiver 1994;85
CFM;0;9990;Services à la collectivité-périuniversitaire;19942;été 1994;59
CFM;0;9990;Services à la collectivité-périuniversitaire;19943;automne 1994;106
CFM;0;9990;Services à la collectivité-périuniversitaire;19951;hiver 1995;60
CFM;0;9990;Services à la collectivité-périuniversitaire;19952;été 1995;31
CFM;0;9990;Services à la collectivité-périuniversitaire;19953;automne 1995;69
CFM;0;9990;Services à la collectivité-périuniversitaire;19961;hiver 1996;36
CFM;0;9990;Services à la collectivité-périuniversitaire;19962;été 1996;28
CFM;0;9990;Services à la collectivité-périuniversitaire;19963;automne 1996;51
CFM;0;9990;Services à la collectivité-périuniversitaire;19971;hiver 1997;80
CFM;0;9990;Services à la collectivité-périuniversitaire;19972;été 1997;46
CFM;0;9990;Services à la collectivité-périuniversitaire;19973;automne 1997;53
CFM;0;9990;Services à la collectivité-périuniversitaire;19981;hiver 1998;44
CFM;0;9990;Services à la collectivité-périuniversitaire;19982;été 1998;11
CFM;0;9990;Services à la collectivité-périuniversitaire;19983;automne 1998;37
CFM;0;9990;Services à la collectivité-périuniversitaire;19991;hiver 1999;13
CFM;0;9990;Services à la collectivité-périuniversitaire;19992;été 1999;9
CFM;0;9990;Services à la collectivité-périuniversitaire;19993;automne 1999;41
CFM;0;9990;Services à la collectivité-périuniversitaire;20001;hiver 2000;22
CFM;0;9990;Services à la collectivité-périuniversitaire;20002;été 2000;13
CFM;0;9990;Services à la collectivité-périuniversitaire;20003;automne 2000;28
CFM;0;9990;Services à la collectivité-périuniversitaire;20011;hiver 2001;17
CFM;0;9990;Services à la collectivité-périuniversitaire;20012;été 2001;6
CFM;0;9990;Services à la collectivité-périuniversitaire;20013;automne 2001;16
CFM;0;9990;Services à la collectivité-périuniversitaire;20021;hiver 2002;28
CFM;0;9990;Services à la collectivité-périuniversitaire;20022;été 2002;11
CFM;0;9990;Services à la collectivité-périuniversitaire;20023;automne 2002;26
CFM;0;9990;Services à la collectivité-périuniversitaire;20031;hiver 2003;35
CFM;0;9990;Services à la collectivité-périuniversitaire;20032;été 2003;13
CFM;0;9990;Services à la collectivité-périuniversitaire;20033;automne 2003;14
CFM;0;9990;Services à la collectivité-périuniversitaire;20041;hiver 2004;15
CFM;0;9990;Services à la collectivité-périuniversitaire;20042;été 2004;8
CFM;0;9990;Services à la collectivité-périuniversitaire;20043;automne 2004;18
CFM;0;9990;Services à la collectivité-périuniversitaire;20051;hiver 2005;12
CFM;0;9990;Services à la collectivité-périuniversitaire;20052;été 2005;5
CFM;0;9990;Services à la collectivité-périuniversitaire;20053;automne 2005;20
CFM;0;9990;Services à la collectivité-périuniversitaire;20061;hiver 2006;14
CFM;0;9990;Services à la collectivité-périuniversitaire;20062;été 2006;4
CFM;0;9990;Services à la collectivité-périuniversitaire;20063;automne 2006;21
CFM;0;9990;Services à la collectivité-périuniversitaire;20071;hiver 2007;17
CFM;0;9990;Services à la collectivité-périuniversitaire;20072;été 2007;15
CFM;0;9990;Services à la collectivité-périuniversitaire;20073;automne 2007;15
CFM;0;9990;Services à la collectivité-périuniversitaire;20081;hiver 2008;7
CFM;0;9990;Services à la collectivité-périuniversitaire;20082;été 2008;7
CFM;0;9990;Services à la collectivité-périuniversitaire;20083;automne 2008;14
CFM;0;9990;Services à la collectivité-périuniversitaire;20091;hiver 2009;17
CFM;0;9990;Services à la collectivité-périuniversitaire;20092;été 2009;7
CFM;0;9990;Services à la collectivité-périuniversitaire;20093;automne 2009;16
CFM;0;9990;Services à la collectivité-périuniversitaire;20101;hiver 2010;13
CFM;0;9990;Services à la collectivité-périuniversitaire;20102;été 2010;8
CFM;0;9990;Services à la collectivité-périuniversitaire;20103;automne 2010;21
CFM;0;9990;Services à la collectivité-périuniversitaire;20111;hiver 2011;13
CFM;0;9990;Services à la collectivité-périuniversitaire;20112;été 2011;4
CFM;0;9990;Services à la collectivité-périuniversitaire;20113;automne 2011;6
CFM;0;9990;Services à la collectivité-périuniversitaire;20121;hiver 2012;7
CFM;0;9990;Services à la collectivité-périuniversitaire;20122;été 2012;6
CFM;0;9990;Services à la collectivité-périuniversitaire;20131;hiver 2013;13
CFM;0;9990;Services à la collectivité-périuniversitaire;20132;été 2013;5
CFM;0;9990;Services à la collectivité-périuniversitaire;20133;automne 2013;9
CFM;0;9990;Services à la collectivité-périuniversitaire;20141;hiver 2014;4
CFM;0;9990;Services à la collectivité-périuniversitaire;20142;été 2014;5
CFM;0;9990;Services à la collectivité-périuniversitaire;20143;automne 2014;14
CFM;0;9990;Services à la collectivité-périuniversitaire;20151;hiver 2015;4
CFM;0;9990;Services à la collectivité-périuniversitaire;20152;été 2015;5
CFM;0;9990;Services à la collectivité-périuniversitaire;20153;automne 2015;4
CFM;0;9990;Services à la collectivité-périuniversitaire;20161;hiver 2016;5
CFM;0;9990;Services à la collectivité-périuniversitaire;20162;été 2016;5
CFM;0;9990;Services à la collectivité-périuniversitaire;20163;automne 2016;4
CFM;0;9990;Services à la collectivité-périuniversitaire;20171;hiver 2017;2
CFM;0;9990;Services à la collectivité-périuniversitaire;20172;été 2017;2
CFM;0;9990;Services à la collectivité-périuniversitaire;20173;automne 2017;5
CFM;0;9990;Services à la collectivité-périuniversitaire;20181;hiver 2018;4
CFM;0;9990;Services à la collectivité-périuniversitaire;20182;été 2018;7
CFM;0;9990;Services à la collectivité-périuniversitaire;20183;automne 2018;5
CFM;0;9990;Services à la collectivité-périuniversitaire;20191;hiver 2019;6
CFM;0;9990;Services à la collectivité-périuniversitaire;20192;été 2019;5
CFM;0;9990;Services à la collectivité-périuniversitaire;20193;automne 2019;7
CFM;0;9990;Services à la collectivité-périuniversitaire;20201;hiver 2020;4
CFM;0;9990;Services à la collectivité-périuniversitaire;20202;été 2020;6
CFM;0;9990;Services à la collectivité-périuniversitaire;20203;automne 2020;7
CFM;0;9990;Services à la collectivité-périuniversitaire;20211;hiver 2021;11
CFM;0;9990;Services à la collectivité-périuniversitaire;20212;été 2021;7
CFM;0;9990;Services à la collectivité-périuniversitaire;20213;automne 2021;5
CFM;0;9990;Services à la collectivité-périuniversitaire;20221;hiver 2022;5
CFM;0;9990;Services à la collectivité-périuniversitaire;20222;été 2022;1
CFM;0;9990;Services à la collectivité-périuniversitaire;20223;automne 2022;10
CFM;0;9990;Services à la collectivité-périuniversitaire;20231;hiver 2023;6
CFM;0;9990;Services à la collectivité-périuniversitaire;20232;été 2023;5
CFM;0;9990;Services à la collectivité-périuniversitaire;20233;automne 2023;7
CFM;0;9990;Services à la collectivité-périuniversitaire;20241;hiver 2024;2
CFM;0;9990;Services à la collectivité-périuniversitaire;20242;été 2024;3
CFM;0;9990;Services à la collectivité-périuniversitaire;20243;automne 2024;8
CFM;0;9990;Services à la collectivité-périuniversitaire;20251;hiver 2025;2
CFM;0;9990;Services à la collectivité-périuniversitaire;20252;été 2025;4
CFM;0;9990;Services à la collectivité-périuniversitaire;20253;automne 2025;5
CFM;0;9990;Services à la collectivité-périuniversitaire;20261;hiver 2026;3
CFM;0;9990;Services à la collectivité-périuniversitaire;20262;été 2026;2
BR;1;9998;Étudiant auditeur (1e cycle);19753;automne 1975;1
BR;1;9998;Étudiant auditeur (1e cycle);19801;hiver 1980;1
BR;1;9998;Étudiant auditeur (1e cycle);19802;été 1980;5
BR;1;9998;Étudiant auditeur (1e cycle);19803;automne 1980;4
BR;1;9998;Étudiant auditeur (1e cycle);19811;hiver 1981;2
BR;1;9998;Étudiant auditeur (1e cycle);19812;été 1981;1
BR;1;9998;Étudiant auditeur (1e cycle);19813;automne 1981;1
BR;1;9998;Étudiant auditeur (1e cycle);19821;hiver 1982;2
BR;1;9998;Étudiant auditeur (1e cycle);19822;été 1982;7
BR;1;9998;Étudiant auditeur (1e cycle);19823;automne 1982;2
BR;1;9998;Étudiant auditeur (1e cycle);19831;hiver 1983;3
BR;1;9998;Étudiant auditeur (1e cycle);19832;été 1983;1
BR;1;9998;Étudiant auditeur (1e cycle);19833;automne 1983;6
BR;1;9998;Étudiant auditeur (1e cycle);19841;hiver 1984;5
BR;1;9998;Étudiant auditeur (1e cycle);19842;été 1984;30
BR;1;9998;Étudiant auditeur (1e cycle);19843;automne 1984;42
BR;1;9998;Étudiant auditeur (1e cycle);19851;hiver 1985;14
BR;1;9998;Étudiant auditeur (1e cycle);19852;été 1985;14
BR;1;9998;Étudiant auditeur (1e cycle);19853;automne 1985;29
BR;1;9998;Étudiant auditeur (1e cycle);19861;hiver 1986;24
BR;1;9998;Étudiant auditeur (1e cycle);19862;été 1986;15
BR;1;9998;Étudiant auditeur (1e cycle);19863;automne 1986;25
BR;1;9998;Étudiant auditeur (1e cycle);19871;hiver 1987;27
BR;1;9998;Étudiant auditeur (1e cycle);19872;été 1987;18
BR;1;9998;Étudiant auditeur (1e cycle);19873;automne 1987;25
BR;1;9998;Étudiant auditeur (1e cycle);19881;hiver 1988;18
BR;1;9998;Étudiant auditeur (1e cycle);19882;été 1988;23
BR;1;9998;Étudiant auditeur (1e cycle);19883;automne 1988;14
BR;1;9998;Étudiant auditeur (1e cycle);19891;hiver 1989;26
BR;1;9998;Étudiant auditeur (1e cycle);19892;été 1989;3
BR;1;9998;Étudiant auditeur (1e cycle);19893;automne 1989;25
BR;1;9998;Étudiant auditeur (1e cycle);19901;hiver 1990;23
BR;1;9998;Étudiant auditeur (1e cycle);19902;été 1990;12
BR;1;9998;Étudiant auditeur (1e cycle);19903;automne 1990;2
BR;1;9998;Étudiant auditeur (1e cycle);19911;hiver 1991;2
BR;1;9998;Étudiant auditeur (1e cycle);19912;été 1991;1
BR;1;9998;Étudiant auditeur (1e cycle);19921;hiver 1992;2
BR;1;9998;Étudiant auditeur (1e cycle);19922;été 1992;2
BR;1;9998;Étudiant auditeur (1e cycle);19923;automne 1992;1
BR;1;9998;Étudiant auditeur (1e cycle);19931;hiver 1993;4
BR;1;9998;Étudiant auditeur (1e cycle);19933;automne 1993;1
BR;1;9998;Étudiant auditeur (1e cycle);20132;été 2013;1
BR;1;9998;Étudiant auditeur (1e cycle);20141;hiver 2014;1
BR;1;9998;Étudiant auditeur (1e cycle);20142;été 2014;1
BR;1;9998;Étudiant auditeur (1e cycle);20143;automne 2014;9
BR;1;9998;Étudiant auditeur (1e cycle);20151;hiver 2015;3
BR;1;9998;Étudiant auditeur (1e cycle);20153;automne 2015;6
BR;1;9998;Étudiant auditeur (1e cycle);20161;hiver 2016;2
BR;1;9998;Étudiant auditeur (1e cycle);20162;été 2016;4
BR;1;9998;Étudiant auditeur (1e cycle);20163;automne 2016;2
BR;1;9998;Étudiant auditeur (1e cycle);20171;hiver 2017;6
BR;1;9998;Étudiant auditeur (1e cycle);20172;été 2017;2
BR;1;9998;Étudiant auditeur (1e cycle);20173;automne 2017;6
BR;1;9998;Étudiant auditeur (1e cycle);20181;hiver 2018;3
BR;1;9998;Étudiant auditeur (1e cycle);20182;été 2018;1
BR;1;9998;Étudiant auditeur (1e cycle);20183;automne 2018;2
BR;1;9998;Étudiant auditeur (1e cycle);20191;hiver 2019;3
BR;1;9998;Étudiant auditeur (1e cycle);20192;été 2019;2
BR;1;9998;Étudiant auditeur (1e cycle);20193;automne 2019;6
BR;1;9998;Étudiant auditeur (1e cycle);20201;hiver 2020;7
BR;1;9998;Étudiant auditeur (1e cycle);20202;été 2020;7
BR;1;9998;Étudiant auditeur (1e cycle);20203;automne 2020;4
BR;1;9998;Étudiant auditeur (1e cycle);20211;hiver 2021;6
BR;1;9998;Étudiant auditeur (1e cycle);20212;été 2021;3
BR;1;9998;Étudiant auditeur (1e cycle);20213;automne 2021;4
BR;1;9998;Étudiant auditeur (1e cycle);20221;hiver 2022;4
BR;1;9998;Étudiant auditeur (1e cycle);20222;été 2022;4
BR;1;9998;Étudiant auditeur (1e cycle);20223;automne 2022;5
BR;1;9998;Étudiant auditeur (1e cycle);20231;hiver 2023;2
BR;1;9998;Étudiant auditeur (1e cycle);20232;été 2023;7
BR;1;9998;Étudiant auditeur (1e cycle);20233;automne 2023;4
BR;1;9998;Étudiant auditeur (1e cycle);20241;hiver 2024;7
BR;1;9998;Étudiant auditeur (1e cycle);20242;été 2024;5
BR;1;9998;Étudiant auditeur (1e cycle);20243;automne 2024;8
BR;1;9998;Étudiant auditeur (1e cycle);20251;hiver 2025;7
BR;1;9998;Étudiant auditeur (1e cycle);20252;été 2025;2
BR;1;9998;Étudiant auditeur (1e cycle);20253;automne 2025;6
BR;1;9998;Étudiant auditeur (1e cycle);20261;hiver 2026;10
BR;1;9998;Étudiant auditeur (1e cycle);20262;été 2026;4
BR;1;9999;Étudiant libre de premier cycle;19753;automne 1975;23
BR;1;9999;Étudiant libre de premier cycle;19761;hiver 1976;22
BR;1;9999;Étudiant libre de premier cycle;19762;été 1976;2
BR;1;9999;Étudiant libre de premier cycle;19763;automne 1976;34
BR;1;9999;Étudiant libre de premier cycle;19771;hiver 1977;57
BR;1;9999;Étudiant libre de premier cycle;19772;été 1977;13
BR;1;9999;Étudiant libre de premier cycle;19773;automne 1977;85
BR;1;9999;Étudiant libre de premier cycle;19781;hiver 1978;95
BR;1;9999;Étudiant libre de premier cycle;19782;été 1978;27
BR;1;9999;Étudiant libre de premier cycle;19783;automne 1978;98
BR;1;9999;Étudiant libre de premier cycle;19791;hiver 1979;133
BR;1;9999;Étudiant libre de premier cycle;19792;été 1979;66
BR;1;9999;Étudiant libre de premier cycle;19793;automne 1979;214
BR;1;9999;Étudiant libre de premier cycle;19801;hiver 1980;298
BR;1;9999;Étudiant libre de premier cycle;19802;été 1980;201
BR;1;9999;Étudiant libre de premier cycle;19803;automne 1980;343
BR;1;9999;Étudiant libre de premier cycle;19811;hiver 1981;339
BR;1;9999;Étudiant libre de premier cycle;19812;été 1981;348
BR;1;9999;Étudiant libre de premier cycle;19813;automne 1981;222
BR;1;9999;Étudiant libre de premier cycle;19821;hiver 1982;346
BR;1;9999;Étudiant libre de premier cycle;19822;été 1982;108
BR;1;9999;Étudiant libre de premier cycle;19823;automne 1982;335
BR;1;9999;Étudiant libre de premier cycle;19831;hiver 1983;422
BR;1;9999;Étudiant libre de premier cycle;19832;été 1983;477
BR;1;9999;Étudiant libre de premier cycle;19833;automne 1983;947
BR;1;9999;Étudiant libre de premier cycle;19841;hiver 1984;503
BR;1;9999;Étudiant libre de premier cycle;19842;été 1984;754
BR;1;9999;Étudiant libre de premier cycle;19843;automne 1984;3312
BR;1;9999;Étudiant libre de premier cycle;19851;hiver 1985;2182
BR;1;9999;Étudiant libre de premier cycle;19852;été 1985;899
BR;1;9999;Étudiant libre de premier cycle;19853;automne 1985;2181
BR;1;9999;Étudiant libre de premier cycle;19861;hiver 1986;1741
BR;1;9999;Étudiant libre de premier cycle;19862;été 1986;720
BR;1;9999;Étudiant libre de premier cycle;19863;automne 1986;1260
BR;1;9999;Étudiant libre de premier cycle;19871;hiver 1987;1251
BR;1;9999;Étudiant libre de premier cycle;19872;été 1987;707
BR;1;9999;Étudiant libre de premier cycle;19873;automne 1987;1965
BR;1;9999;Étudiant libre de premier cycle;19881;hiver 1988;1996
BR;1;9999;Étudiant libre de premier cycle;19882;été 1988;1383
BR;1;9999;Étudiant libre de premier cycle;19883;automne 1988;2792
BR;1;9999;Étudiant libre de premier cycle;19891;hiver 1989;2482
BR;1;9999;Étudiant libre de premier cycle;19892;été 1989;1501
BR;1;9999;Étudiant libre de premier cycle;19893;automne 1989;2497
BR;1;9999;Étudiant libre de premier cycle;19901;hiver 1990;2612
BR;1;9999;Étudiant libre de premier cycle;19902;été 1990;1566
BR;1;9999;Étudiant libre de premier cycle;19903;automne 1990;2160
BR;1;9999;Étudiant libre de premier cycle;19911;hiver 1991;1959
BR;1;9999;Étudiant libre de premier cycle;19912;été 1991;1324
BR;1;9999;Étudiant libre de premier cycle;19913;automne 1991;1794
BR;1;9999;Étudiant libre de premier cycle;19921;hiver 1992;1635
BR;1;9999;Étudiant libre de premier cycle;19922;été 1992;1162
BR;1;9999;Étudiant libre de premier cycle;19923;automne 1992;878
BR;1;9999;Étudiant libre de premier cycle;19931;hiver 1993;862
BR;1;9999;Étudiant libre de premier cycle;19932;été 1993;713
BR;1;9999;Étudiant libre de premier cycle;19933;automne 1993;855
BR;1;9999;Étudiant libre de premier cycle;19941;hiver 1994;842
BR;1;9999;Étudiant libre de premier cycle;19942;été 1994;598
BR;1;9999;Étudiant libre de premier cycle;19943;automne 1994;924
BR;1;9999;Étudiant libre de premier cycle;19951;hiver 1995;1212
BR;1;9999;Étudiant libre de premier cycle;19952;été 1995;658
BR;1;9999;Étudiant libre de premier cycle;19953;automne 1995;1072
BR;1;9999;Étudiant libre de premier cycle;19961;hiver 1996;947
BR;1;9999;Étudiant libre de premier cycle;19962;été 1996;640
BR;1;9999;Étudiant libre de premier cycle;19963;automne 1996;802
BR;1;9999;Étudiant libre de premier cycle;19971;hiver 1997;669
BR;1;9999;Étudiant libre de premier cycle;19972;été 1997;491
BR;1;9999;Étudiant libre de premier cycle;19973;automne 1997;760
BR;1;9999;Étudiant libre de premier cycle;19981;hiver 1998;544
BR;1;9999;Étudiant libre de premier cycle;19982;été 1998;445
BR;1;9999;Étudiant libre de premier cycle;19983;automne 1998;591
BR;1;9999;Étudiant libre de premier cycle;19991;hiver 1999;467
BR;1;9999;Étudiant libre de premier cycle;19992;été 1999;304
BR;1;9999;Étudiant libre de premier cycle;19993;automne 1999;575
BR;1;9999;Étudiant libre de premier cycle;20001;hiver 2000;471
BR;1;9999;Étudiant libre de premier cycle;20002;été 2000;519
BR;1;9999;Étudiant libre de premier cycle;20003;automne 2000;578
BR;1;9999;Étudiant libre de premier cycle;20011;hiver 2001;461
BR;1;9999;Étudiant libre de premier cycle;20012;été 2001;446
BR;1;9999;Étudiant libre de premier cycle;20013;automne 2001;596
BR;1;9999;Étudiant libre de premier cycle;20021;hiver 2002;475
BR;1;9999;Étudiant libre de premier cycle;20022;été 2002;563
BR;1;9999;Étudiant libre de premier cycle;20023;automne 2002;647
BR;1;9999;Étudiant libre de premier cycle;20031;hiver 2003;564
BR;1;9999;Étudiant libre de premier cycle;20032;été 2003;402
BR;1;9999;Étudiant libre de premier cycle;20033;automne 2003;727
BR;1;9999;Étudiant libre de premier cycle;20041;hiver 2004;644
BR;1;9999;Étudiant libre de premier cycle;20042;été 2004;423
BR;1;9999;Étudiant libre de premier cycle;20043;automne 2004;728
BR;1;9999;Étudiant libre de premier cycle;20051;hiver 2005;622
BR;1;9999;Étudiant libre de premier cycle;20052;été 2005;455
BR;1;9999;Étudiant libre de premier cycle;20053;automne 2005;733
BR;1;9999;Étudiant libre de premier cycle;20061;hiver 2006;761
BR;1;9999;Étudiant libre de premier cycle;20062;été 2006;623
BR;1;9999;Étudiant libre de premier cycle;20063;automne 2006;882
BR;1;9999;Étudiant libre de premier cycle;20071;hiver 2007;882
BR;1;9999;Étudiant libre de premier cycle;20072;été 2007;673
BR;1;9999;Étudiant libre de premier cycle;20073;automne 2007;801
BR;1;9999;Étudiant libre de premier cycle;20081;hiver 2008;470
BR;1;9999;Étudiant libre de premier cycle;20082;été 2008;662
BR;1;9999;Étudiant libre de premier cycle;20083;automne 2008;788
BR;1;9999;Étudiant libre de premier cycle;20091;hiver 2009;740
BR;1;9999;Étudiant libre de premier cycle;20092;été 2009;719
BR;1;9999;Étudiant libre de premier cycle;20093;automne 2009;820
BR;1;9999;Étudiant libre de premier cycle;20101;hiver 2010;819
BR;1;9999;Étudiant libre de premier cycle;20102;été 2010;627
BR;1;9999;Étudiant libre de premier cycle;20103;automne 2010;955
BR;1;9999;Étudiant libre de premier cycle;20111;hiver 2011;776
BR;1;9999;Étudiant libre de premier cycle;20112;été 2011;660
BR;1;9999;Étudiant libre de premier cycle;20113;automne 2011;903
BR;1;9999;Étudiant libre de premier cycle;20121;hiver 2012;795
BR;1;9999;Étudiant libre de premier cycle;20122;été 2012;720
BR;1;9999;Étudiant libre de premier cycle;20123;automne 2012;840
BR;1;9999;Étudiant libre de premier cycle;20131;hiver 2013;833
BR;1;9999;Étudiant libre de premier cycle;20132;été 2013;676
BR;1;9999;Étudiant libre de premier cycle;20133;automne 2013;752
BR;1;9999;Étudiant libre de premier cycle;20141;hiver 2014;693
BR;1;9999;Étudiant libre de premier cycle;20142;été 2014;589
BR;1;9999;Étudiant libre de premier cycle;20143;automne 2014;792
BR;1;9999;Étudiant libre de premier cycle;20151;hiver 2015;676
BR;1;9999;Étudiant libre de premier cycle;20152;été 2015;555
BR;1;9999;Étudiant libre de premier cycle;20153;automne 2015;544
BR;1;9999;Étudiant libre de premier cycle;20161;hiver 2016;552
BR;1;9999;Étudiant libre de premier cycle;20162;été 2016;567
BR;1;9999;Étudiant libre de premier cycle;20163;automne 2016;714
BR;1;9999;Étudiant libre de premier cycle;20171;hiver 2017;738
BR;1;9999;Étudiant libre de premier cycle;20172;été 2017;557
BR;1;9999;Étudiant libre de premier cycle;20173;automne 2017;684
BR;1;9999;Étudiant libre de premier cycle;20181;hiver 2018;685
BR;1;9999;Étudiant libre de premier cycle;20182;été 2018;505
BR;1;9999;Étudiant libre de premier cycle;20183;automne 2018;718
BR;1;9999;Étudiant libre de premier cycle;20191;hiver 2019;668
BR;1;9999;Étudiant libre de premier cycle;20192;été 2019;315
BR;1;9999;Étudiant libre de premier cycle;20193;automne 2019;672
BR;1;9999;Étudiant libre de premier cycle;20201;hiver 2020;699
BR;1;9999;Étudiant libre de premier cycle;20202;été 2020;834
BR;1;9999;Étudiant libre de premier cycle;20203;automne 2020;702
BR;1;9999;Étudiant libre de premier cycle;20211;hiver 2021;760
BR;1;9999;Étudiant libre de premier cycle;20212;été 2021;581
BR;1;9999;Étudiant libre de premier cycle;20213;automne 2021;674
BR;1;9999;Étudiant libre de premier cycle;20221;hiver 2022;765
BR;1;9999;Étudiant libre de premier cycle;20222;été 2022;521
BR;1;9999;Étudiant libre de premier cycle;20223;automne 2022;703
BR;1;9999;Étudiant libre de premier cycle;20231;hiver 2023;759
BR;1;9999;Étudiant libre de premier cycle;20232;été 2023;678
BR;1;9999;Étudiant libre de premier cycle;20233;automne 2023;861
BR;1;9999;Étudiant libre de premier cycle;20241;hiver 2024;780
BR;1;9999;Étudiant libre de premier cycle;20242;été 2024;692
BR;1;9999;Étudiant libre de premier cycle;20243;automne 2024;958
BR;1;9999;Étudiant libre de premier cycle;20251;hiver 2025;972
BR;1;9999;Étudiant libre de premier cycle;20252;été 2025;770
BR;1;9999;Étudiant libre de premier cycle;20253;automne 2025;1059
BR;1;9999;Étudiant libre de premier cycle;20261;hiver 2026;1107
BR;1;9999;Étudiant libre de premier cycle;20262;été 2026;698
SR;0;S3600;Stage en recherche en provenance du collégial;20223;automne 2022;2
SR;0;S3600;Stage en recherche en provenance du collégial;20231;hiver 2023;2
SR;0;S3600;Stage en recherche en provenance du collégial;20242;été 2024;1
SR;0;S3600;Stage en recherche en provenance du collégial;20243;automne 2024;1
SR;0;S3600;Stage en recherche en provenance du collégial;20251;hiver 2025;3
SR;0;S3600;Stage en recherche en provenance du collégial;20252;été 2025;2
SR;0;S3600;Stage en recherche en provenance du collégial;20253;automne 2025;1
SR;1;S3601;Études libres en recherche de 1er cycle;20152;été 2015;2
SR;1;S3601;Études libres en recherche de 1er cycle;20182;été 2018;2
SR;1;S3601;Études libres en recherche de 1er cycle;20192;été 2019;4
SR;1;S3601;Études libres en recherche de 1er cycle;20193;automne 2019;1
SR;1;S3601;Études libres en recherche de 1er cycle;20202;été 2020;1
SR;1;S3601;Études libres en recherche de 1er cycle;20252;été 2025;1
SR;1;S3601;Études libres en recherche de 1er cycle;20253;automne 2025;1
SR;2;S3602;Études libres en recherche de 2e cycle;20182;été 2018;1
SR;2;S3602;Études libres en recherche de 2e cycle;20183;automne 2018;1
